datetime,actual,predicted
2023-06-08 06:00:00,11306.0,9863.864104684015
2023-06-08 07:00:00,11630.0,9945.609091560145
2023-06-08 08:00:00,11917.0,10056.249187544825
2023-06-08 09:00:00,12118.0,11197.416221371655
2023-06-08 10:00:00,12671.0,11715.068294537916
2023-06-08 11:00:00,12677.0,11653.614102345657
2023-06-08 12:00:00,12562.0,11759.981957813136
2023-06-08 13:00:00,12559.0,11616.123163595215
2023-06-08 14:00:00,12339.0,11495.597965860847
2023-06-08 15:00:00,11890.0,10123.73994240074
2023-06-08 16:00:00,11842.0,11657.4393601158
2023-06-08 17:00:00,12094.0,11943.108100410052
2023-06-08 18:00:00,13912.0,12814.57128065717
2023-06-08 18:30:00,14440.0,13511.176409434727
2023-06-08 19:00:00,14655.0,13588.234070748209
2023-06-08 20:00:00,14639.0,13436.360561282596
2023-06-08 21:00:00,14226.0,13122.821459275729
2023-06-08 22:00:00,13730.0,12876.43378208926
2023-06-08 23:00:00,12553.0,11506.900058349953
2023-06-09 00:00:00,11679.0,9972.79511433513
2023-06-09 01:00:00,11481.0,9988.743536593063
2023-06-09 02:00:00,11459.0,9986.006432676548
2023-06-09 03:00:00,11432.0,10584.971509679652
2023-06-09 04:00:00,11403.0,11205.832831141126
2023-06-09 05:00:00,11270.0,11199.585003776505
2023-06-09 06:00:00,11192.0,11168.629652711794
2023-06-09 07:00:00,11187.0,11146.486832153167
2023-06-09 08:00:00,11089.0,10950.078622280007
2023-06-09 09:00:00,11018.0,11114.630106194565
2023-06-09 10:00:00,11078.0,10972.724660857144
2023-06-09 11:00:00,11024.0,10972.467904915597
2023-06-09 12:00:00,11137.0,11151.604386455949
2023-06-09 13:00:00,10007.0,10012.900398046999
2023-06-09 14:00:00,10184.0,10222.556765434058
2023-06-09 15:00:00,10114.0,10150.478332020077
2023-06-09 16:00:00,9903.0,9936.591857750607
2023-06-09 17:00:00,9754.0,9833.64953105179
2023-06-09 18:00:00,11283.0,11289.430386377058
2023-06-09 18:30:00,12409.0,12447.904324993226
2023-06-09 19:00:00,12242.0,12190.736169376665
2023-06-09 20:00:00,12699.0,12760.90259026241
2023-06-09 21:00:00,12662.0,12606.049599884438
2023-06-09 22:00:00,12690.0,12747.33882551469
2023-06-09 23:00:00,12568.0,12536.751162251958
2023-06-10 00:00:00,11914.0,11841.583640734087
2023-06-10 01:00:00,11384.0,11428.648723472126
2023-06-10 02:00:00,10992.0,10961.617934787553
2023-06-10 03:00:00,10818.0,10759.848783721523
2023-06-10 04:00:00,10618.0,10607.1359415017
2023-06-10 05:00:00,10213.0,10211.407874405979
2023-06-10 06:00:00,10176.0,10161.655391724495
2023-06-10 07:00:00,10313.0,10362.96228451097
2023-06-10 08:00:00,10747.0,10784.31350515607
2023-06-10 09:00:00,11155.0,11232.53437460639
2023-06-10 10:00:00,11480.0,11513.421557072938
2023-06-10 11:00:00,11798.0,11814.989007516553
2023-06-10 12:00:00,11840.0,11895.573310949147
2023-06-10 13:00:00,11921.0,11957.737072321523
2023-06-10 14:00:00,11963.0,12043.438763037742
2023-06-10 15:00:00,11712.0,11779.638353394505
2023-06-10 16:00:00,11560.0,11636.106293502851
2023-06-10 17:00:00,11340.0,11379.51945781623
2023-06-10 18:00:00,12611.0,12758.198247800643
2023-06-10 18:30:00,13776.0,13594.20062300128
2023-06-10 19:00:00,13650.0,13690.701696595774
2023-06-10 20:00:00,13897.0,13740.203145439793
2023-06-10 21:00:00,13680.0,13653.913296135785
2023-06-10 22:00:00,13316.0,13189.802842418401
2023-06-10 23:00:00,12936.0,12881.900918439356
2023-06-11 00:00:00,11864.0,11805.161329749964
2023-06-11 01:00:00,12650.0,11873.10955675975
2023-06-11 02:00:00,11558.0,11375.19485249659
2023-06-11 03:00:00,11487.0,11553.179614817132
2023-06-11 04:00:00,11331.0,11480.460289904566
2023-06-11 05:00:00,10875.0,10792.353972364472
2023-06-11 06:00:00,10912.0,10816.258654646303
2023-06-11 07:00:00,10935.0,10884.61016263422
2023-06-11 08:00:00,11548.0,11637.262552099142
2023-06-11 09:00:00,11742.0,11823.013464695146
2023-06-11 10:00:00,11989.0,12008.511902609851
2023-06-11 11:00:00,12356.0,12352.511252374476
2023-06-11 12:00:00,12668.0,12718.75247767347
2023-06-11 13:00:00,12594.0,12582.80776449455
2023-06-11 14:00:00,12874.0,12828.653747860011
2023-06-11 15:00:00,12517.0,12475.408539742872
2023-06-11 16:00:00,12139.0,12195.771970917276
2023-06-11 17:00:00,11889.0,11932.279243295048
2023-06-11 18:00:00,13226.0,13125.146397845036
2023-06-11 18:30:00,13792.0,13608.443491423122
2023-06-11 19:00:00,13658.0,13766.226680771582
2023-06-11 20:00:00,13676.0,13372.129135043768
2023-06-11 21:00:00,13228.0,13240.664164955553
2023-06-11 22:00:00,12893.0,12766.583822852946
2023-06-11 23:00:00,11976.0,11985.03897215745
2023-06-12 00:00:00,11604.0,11399.133911544955
2023-06-12 01:00:00,11752.0,11666.918037448879
2023-06-12 02:00:00,11673.0,11507.883027189226
2023-06-12 03:00:00,11597.0,11539.37803523768
2023-06-12 04:00:00,11283.0,11254.413758433742
2023-06-12 05:00:00,10793.0,10795.235129508368
2023-06-12 06:00:00,10614.0,10657.652181767296
2023-06-12 07:00:00,10606.0,10600.073245101108
2023-06-12 08:00:00,10943.0,10868.155365487339
2023-06-12 09:00:00,11126.0,11011.73943234382
2023-06-12 10:00:00,11364.0,11332.65887042257
2023-06-12 11:00:00,11128.0,11013.481660022575
2023-06-12 12:00:00,11624.0,11700.51539444724
2023-06-12 13:00:00,11653.0,11684.29068364721
2023-06-12 14:00:00,11728.0,11738.805030335016
2023-06-12 15:00:00,11634.0,11682.708740881004
2023-06-12 16:00:00,11437.0,11341.571687155036
2023-06-12 17:00:00,11189.0,11162.806675921329
2023-06-12 18:00:00,12529.0,12637.200680037908
2023-06-12 18:30:00,13565.0,13327.345022078676
2023-06-12 19:00:00,13468.0,13616.479842082274
2023-06-12 20:00:00,13495.0,13622.440345832796
2023-06-12 21:00:00,13278.0,13123.71562077705
2023-06-12 22:00:00,13013.0,12933.492200440482
2023-06-12 23:00:00,12334.0,12127.41277269007
2023-06-13 00:00:00,11754.0,11705.228103447249
2023-06-13 01:00:00,11646.0,11505.795095978006
2023-06-13 02:00:00,11461.0,11289.9705843384
2023-06-13 03:00:00,11214.0,11117.603475230262
2023-06-13 04:00:00,11134.0,11050.4923142535
2023-06-13 05:00:00,10724.0,10790.218570164317
2023-06-13 06:00:00,10908.0,10882.600025167365
2023-06-13 07:00:00,10690.0,10746.067375599861
2023-06-13 08:00:00,11224.0,11159.817613622534
2023-06-13 09:00:00,11440.0,11549.311186809078
2023-06-13 10:00:00,11733.0,11777.124731019436
2023-06-13 11:00:00,12230.0,11966.226310094688
2023-06-13 12:00:00,12230.0,8740.028425867346
2023-06-13 13:00:00,12324.0,11971.003430135568
2023-06-13 14:00:00,12453.0,12107.414684128054
2023-06-13 15:00:00,11974.0,11587.68545841069
2023-06-13 16:00:00,11649.0,11448.206619171891
2023-06-13 17:00:00,11700.0,11665.301387631205
2023-06-13 18:00:00,13181.0,12834.298157724366
2023-06-13 18:30:00,13221.0,13287.98566398917
2023-06-13 19:00:00,13111.0,13040.458995450606
2023-06-13 20:00:00,13439.0,13044.722841063607
2023-06-13 21:00:00,13029.0,12884.16835526032
2023-06-13 22:00:00,12542.0,12460.688360563036
2023-06-13 23:00:00,11636.0,10769.97578902047
2023-06-14 00:00:00,11221.0,10922.950011228028
2023-06-14 01:00:00,11143.0,10999.237573591574
2023-06-14 02:00:00,11128.0,11096.960657903343
2023-06-14 03:00:00,11016.0,10989.616937447317
2023-06-14 04:00:00,10946.0,10945.889060494148
2023-06-14 05:00:00,10466.0,10466.355166159745
2023-06-14 06:00:00,10443.0,10359.010763652772
2023-06-14 07:00:00,10571.0,10551.455647240738
2023-06-14 08:00:00,10768.0,10715.263103240019
2023-06-14 09:00:00,10991.0,10968.133249925024
2023-06-14 10:00:00,11276.0,11151.648423635244
2023-06-14 11:00:00,11976.0,11588.330532708436
2023-06-14 12:00:00,12113.0,11592.176723923001
2023-06-14 13:00:00,12304.0,11684.343912998644
2023-06-14 14:00:00,12115.0,11560.785646668137
2023-06-14 15:00:00,11755.0,11156.690697777995
2023-06-14 16:00:00,11625.0,11405.019615582847
2023-06-14 17:00:00,11698.0,11616.628845034575
2023-06-14 18:00:00,13245.0,12691.311233309427
2023-06-14 18:30:00,13527.0,13062.083854734863
2023-06-14 19:00:00,13681.0,13081.983740553133
2023-06-14 20:00:00,14129.0,13311.292285415759
2023-06-14 21:00:00,13891.0,13054.108441785445
2023-06-14 22:00:00,13034.0,12231.085948175009
2023-06-14 23:00:00,12458.0,11723.30512643537
2023-06-15 00:00:00,11550.0,9973.880938026392
2023-06-15 01:00:00,11343.0,9954.182852690392
2023-06-15 02:00:00,11282.0,9898.793701154093
2023-06-15 03:00:00,11218.0,9897.577529285325
2023-06-15 04:00:00,10976.0,11122.153092112123
2023-06-15 04:00:00,10851.0,10949.414293356165
2023-06-15 05:00:00,10800.0,10783.2134693975
2023-06-15 06:00:00,10814.0,10852.477001665564
2023-06-15 07:00:00,10805.0,10851.644146545223
2023-06-15 08:00:00,10723.0,10814.254732446107
2023-06-15 09:00:00,11048.0,10967.41140366519
2023-06-15 10:00:00,11057.0,10944.390262165594
2023-06-15 11:00:00,11687.0,11388.81903926047
2023-06-15 12:00:00,11793.0,11473.899069917838
2023-06-15 13:00:00,11823.0,11533.011954827767
2023-06-15 14:00:00,11816.0,11559.403274383618
2023-06-15 15:00:00,11331.0,11252.118808468418
2023-06-15 16:00:00,11433.0,11405.518026242642
2023-06-15 17:00:00,11519.0,11416.275302077547
2023-06-15 18:00:00,13085.0,12877.621709980005
2023-06-15 18:30:00,13679.0,13392.902146149594
2023-06-15 19:00:00,13740.0,13471.74152119864
2023-06-15 20:00:00,13863.0,13669.328002115486
2023-06-15 21:00:00,13553.0,13525.560216887121
2023-06-15 22:00:00,13010.0,12762.29503413655
2023-06-15 23:00:00,12185.0,12139.837196909033
2023-06-16 00:00:00,11433.0,11333.624388339937
2023-06-16 01:00:00,11302.0,11222.84741980556
2023-06-16 02:00:00,11258.0,11135.812001323027
2023-06-16 03:00:00,11058.0,11096.355944606665
2023-06-16 04:00:00,10704.0,10825.518831729321
2023-06-16 05:00:00,10686.0,10683.642026806363
2023-06-16 06:00:00,10791.0,10708.629427481526
2023-06-16 07:00:00,10878.0,10766.038214250551
2023-06-16 08:00:00,10771.0,10689.737510185612
2023-06-16 09:00:00,10980.0,10910.94305637344
2023-06-16 10:00:00,11159.0,11033.585837736278
2023-06-16 11:00:00,11780.0,11746.961012490781
2023-06-16 12:00:00,12063.0,11992.030483321181
2023-06-16 13:00:00,11826.0,11499.783756381645
2023-06-16 14:00:00,11809.0,11538.020887363084
2023-06-16 15:00:00,11307.0,11238.85757246777
2023-06-16 16:00:00,10957.0,10841.105437419961
2023-06-16 17:00:00,10393.0,10480.669433022984
2023-06-16 18:00:00,10637.0,10695.0878482725
2023-06-16 18:30:00,10230.0,10303.84655552001
2023-06-16 19:00:00,10827.0,10819.734446690833
2023-06-16 20:00:00,11974.0,11957.742077281568
2023-06-16 21:00:00,12475.0,12525.561507881142
2023-06-16 22:00:00,12522.0,12529.629881455354
2023-06-16 23:00:00,12449.0,12465.566836640943
2023-06-17 00:00:00,11743.0,11475.443822105186
2023-06-17 01:00:00,11305.0,11311.437739226336
2023-06-17 02:00:00,11290.0,11246.298794450084
2023-06-17 03:00:00,11311.0,11258.169628632628
2023-06-17 04:00:00,11161.0,11144.603948132219
2023-06-17 05:00:00,10806.0,10795.51052930497
2023-06-17 06:00:00,10883.0,10795.233006989869
2023-06-17 07:00:00,11015.0,10976.951702572758
2023-06-17 08:00:00,11089.0,11025.486230804825
2023-06-17 09:00:00,11316.0,11268.57862171286
2023-06-17 10:00:00,11525.0,11529.72250917512
2023-06-17 11:00:00,12045.0,11993.171685633293
2023-06-17 12:00:00,11863.0,11881.44610795046
2023-06-17 13:00:00,11991.0,11995.374849722135
2023-06-17 14:00:00,11939.0,11931.651453895694
2023-06-17 15:00:00,11595.0,11709.72073562417
2023-06-17 16:00:00,11182.0,11151.1583332569
2023-06-17 17:00:00,10682.0,10709.099251060468
2023-06-17 18:00:00,11013.0,11188.666145938358
2023-06-17 18:30:00,10581.0,8548.076393444813
2023-06-17 19:00:00,10625.0,10653.358439583904
2023-06-17 20:00:00,11886.0,11823.607625781306
2023-06-17 21:00:00,12410.0,12321.28712222728
2023-06-17 22:00:00,12326.0,12294.2562203531
2023-06-17 23:00:00,12177.0,12221.802609782826
2023-06-18 00:00:00,11824.0,11859.860367741672
2023-06-18 01:00:00,11629.0,11739.801941441789
2023-06-18 02:00:00,11461.0,11358.412143469684
2023-06-18 03:00:00,11088.0,11059.349560355142
2023-06-18 04:00:00,10933.0,10905.49655018653
2023-06-18 05:00:00,10534.0,10516.360479268915
2023-06-18 06:00:00,10548.0,10503.277345522518
2023-06-18 07:00:00,10596.0,10656.494411447935
2023-06-18 08:00:00,10882.0,10879.037482017044
2023-06-18 09:00:00,11212.0,11071.849887448223
2023-06-18 10:00:00,11346.0,11246.674791598578
2023-06-18 11:00:00,11466.0,11610.159287686844
2023-06-18 12:00:00,11393.0,11494.623081356769
2023-06-18 13:00:00,11402.0,11325.28099524948
2023-06-18 14:00:00,11776.0,11760.159852855964
2023-06-18 15:00:00,11409.0,11569.345958506587
2023-06-18 16:00:00,10845.0,10867.059858353845
2023-06-18 17:00:00,10614.0,10617.609679348043
2023-06-18 18:00:00,12017.0,12061.382487979168
2023-06-18 18:30:00,12791.0,12722.892914475342
2023-06-18 19:00:00,12624.0,12607.973118831062
2023-06-18 20:00:00,13141.0,13163.767012761387
2023-06-18 21:00:00,13078.0,13072.392126641167
2023-06-18 22:00:00,12976.0,12881.192062479156
2023-06-18 23:00:00,12658.0,12554.39042171153
2023-06-19 00:00:00,12118.0,12152.444157527969
2023-06-19 01:00:00,11616.0,11691.211211130914
2023-06-19 02:00:00,11296.0,11233.138974979041
2023-06-19 03:00:00,11071.0,11071.45215662875
2023-06-19 04:00:00,10825.0,10838.476424019582
2023-06-19 05:00:00,10388.0,10405.029731586654
2023-06-19 06:00:00,10196.0,10295.625568172885
2023-06-19 07:00:00,10195.0,10254.244534744894
2023-06-19 08:00:00,10680.0,10628.810812177908
2023-06-19 09:00:00,10695.0,10632.56439314579
2023-06-19 10:00:00,11072.0,11013.510938236268
2023-06-19 11:00:00,11449.0,11528.991298450117
2023-06-19 12:00:00,11637.0,11706.460704289382
2023-06-19 13:00:00,11635.0,11621.623647563512
2023-06-19 14:00:00,11673.0,11709.656006618541
2023-06-19 15:00:00,11584.0,11554.517677521475
2023-06-19 16:00:00,11349.0,11298.731152707685
2023-06-19 17:00:00,11223.0,11137.036992876376
2023-06-19 18:00:00,12717.0,12721.68092770362
2023-06-19 18:30:00,13456.0,13279.558104340462
2023-06-19 19:00:00,13324.0,13307.45348160114
2023-06-19 20:00:00,13301.0,13291.20577883139
2023-06-19 21:00:00,12999.0,12956.363406779377
2023-06-19 22:00:00,12959.0,13097.41771881114
2023-06-19 23:00:00,12661.0,12437.88947835303
2023-06-20 00:00:00,12318.0,12349.287988851302
2023-06-20 01:00:00,11825.0,11773.357641988125
2023-06-20 02:00:00,11651.0,11734.517520377785
2023-06-20 03:00:00,11210.0,11196.234986048801
2023-06-20 04:00:00,11090.0,11070.726417054748
2023-06-20 05:00:00,10600.0,10698.305205867919
2023-06-20 06:00:00,10652.0,10709.284613422085
2023-06-20 07:00:00,10672.0,10708.420250417279
2023-06-20 08:00:00,11217.0,11094.216898809775
2023-06-20 09:00:00,11299.0,11341.742890265496
2023-06-20 10:00:00,11472.0,11583.960939094539
2023-06-20 11:00:00,11950.0,11642.75326540989
2023-06-20 12:00:00,11777.0,11733.019080688216
2023-06-20 13:00:00,11301.0,11286.515514830788
2023-06-20 14:00:00,11256.0,11052.212033469033
2023-06-20 15:00:00,11491.0,11592.006872134556
2023-06-20 16:00:00,11315.0,11174.832751970627
2023-06-20 17:00:00,11269.0,11250.64090536634
2023-06-20 18:00:00,12506.0,12470.646313797157
2023-06-20 18:30:00,13508.0,13180.989250026962
2023-06-20 19:00:00,13479.0,13310.955784534446
2023-06-20 20:00:00,13596.0,13767.168726306832
2023-06-20 21:00:00,13373.0,13271.82794959841
2023-06-20 22:00:00,12974.0,12759.038484067669
2023-06-20 23:00:00,12566.0,12458.954456723855
2023-06-21 00:00:00,11693.0,11389.604324079268
2023-06-21 01:00:00,11616.0,11392.682881870116
2023-06-21 02:00:00,11491.0,11317.968521984776
2023-06-21 03:00:00,11385.0,11476.512656022755
2023-06-21 04:00:00,11275.0,11186.04255131178
2023-06-21 05:00:00,10667.0,10662.723950498603
2023-06-21 06:00:00,10676.0,10647.060425692254
2023-06-21 07:00:00,11067.0,10976.095618795023
2023-06-21 08:00:00,11132.0,11058.666759761882
2023-06-21 09:00:00,11514.0,11343.12130942893
2023-06-21 10:00:00,11721.0,11473.086051953882
2023-06-21 11:00:00,11970.0,11682.870174352343
2023-06-21 12:00:00,11956.0,11709.013305345883
2023-06-21 13:00:00,11664.0,11380.045518735775
2023-06-21 14:00:00,11415.0,11392.077163349686
2023-06-21 15:00:00,11205.0,11102.604370621259
2023-06-21 16:00:00,11032.0,10979.528384032346
2023-06-21 17:00:00,11503.0,11594.485046692429
2023-06-21 18:00:00,13206.0,8885.959995761777
2023-06-21 18:30:00,13582.0,13651.518665981575
2023-06-21 19:00:00,13657.0,13809.616423241278
2023-06-21 20:00:00,14131.0,13900.596025008415
2023-06-21 21:00:00,13771.0,13633.36530506234
2023-06-21 22:00:00,13214.0,13040.515298821563
2023-06-21 23:00:00,12480.0,12298.296461459377
2023-06-22 00:00:00,11479.0,10644.725429638353
2023-06-22 01:00:00,11092.0,11105.143122385722
2023-06-22 02:00:00,11014.0,10987.95777594578
2023-06-22 03:00:00,11048.0,11006.268851937393
2023-06-22 05:00:00,11025.0,10946.145851895993
2023-06-22 06:00:00,11044.0,10930.986550377618
2023-06-22 07:00:00,11069.0,11036.18437797032
2023-06-22 08:00:00,10954.0,10887.646790118231
2023-06-22 09:00:00,10884.0,10838.246034500788
2023-06-22 10:00:00,11309.0,11139.874815152727
2023-06-22 11:00:00,11719.0,11424.340608949768
2023-06-22 12:00:00,11841.0,11560.958358682234
2023-06-22 13:00:00,11839.0,11492.509287367224
2023-06-22 14:00:00,11800.0,11497.245009007149
2023-06-22 15:00:00,11526.0,11322.228578928092
2023-06-22 16:00:00,11357.0,11215.420334342392
2023-06-22 17:00:00,11400.0,11396.104563393403
2023-06-22 18:00:00,13068.0,12875.710090868575
2023-06-22 18:30:00,13706.0,13567.663026647353
2023-06-22 19:00:00,13759.0,13727.896726711971
2023-06-22 20:00:00,13892.0,13606.942463344312
2023-06-22 21:00:00,13773.0,13468.290516234922
2023-06-22 22:00:00,12974.0,12599.412779612278
2023-06-23 00:00:00,11781.0,11743.047344956138
2023-06-23 01:00:00,11589.0,11408.43616391551
2023-06-23 02:00:00,11456.0,11283.095579534349
2023-06-23 03:00:00,11018.0,11042.764072735477
2023-06-23 04:00:00,11039.0,10951.313995129594
2023-06-23 05:00:00,10723.0,10695.448253792214
2023-06-23 06:00:00,10772.0,10630.20101410845
2023-06-23 07:00:00,10590.0,10587.159822365751
2023-06-23 08:00:00,10839.0,10740.724443376825
2023-06-23 09:00:00,10878.0,10752.937028947998
2023-06-23 10:00:00,11231.0,11069.90274085035
2023-06-23 11:00:00,11519.0,11373.746214198078
2023-06-23 12:00:00,11573.0,11350.765312439074
2023-06-23 13:00:00,11315.0,11145.045762313674
2023-06-23 14:00:00,11170.0,11039.722228246403
2023-06-23 15:00:00,11204.0,11142.840588178447
2023-06-23 16:00:00,11118.0,11036.304987817271
2023-06-23 17:00:00,10835.0,10814.968207936377
2023-06-23 18:00:00,12291.0,12289.745362272679
2023-06-23 18:30:00,13473.0,13436.782795932417
2023-06-23 19:00:00,13705.0,13835.555157432076
2023-06-23 20:00:00,13733.0,13812.243836843194
2023-06-23 21:00:00,13530.0,13444.939411012205
2023-06-23 22:00:00,12737.0,12666.721786493948
2023-06-23 23:00:00,12342.0,12087.172483479579
2023-06-23 23:00:00,12262.0,11882.325643862288
2023-06-24 00:00:00,11489.0,11274.706293388177
2023-06-24 01:00:00,11347.0,11195.727320765187
2023-06-24 02:00:00,11345.0,11247.79991169887
2023-06-24 03:00:00,11251.0,11146.831630753626
2023-06-24 04:00:00,11242.0,11172.280643882923
2023-06-24 05:00:00,11062.0,10886.60318698597
2023-06-24 06:00:00,11061.0,11025.555524205512
2023-06-24 07:00:00,10901.0,10851.745849145793
2023-06-24 08:00:00,10714.0,10682.923583187736
2023-06-24 09:00:00,11039.0,11000.893897109852
2023-06-24 10:00:00,11314.0,11275.286015926093
2023-06-24 11:00:00,11858.0,11830.995254949474
2023-06-24 12:00:00,12050.0,12026.83002956677
2023-06-24 13:00:00,12161.0,12110.551991371469
2023-06-24 14:00:00,11848.0,11702.569450689469
2023-06-24 15:00:00,11635.0,11417.907598465468
2023-06-24 16:00:00,11425.0,11236.952327458359
2023-06-24 17:00:00,11513.0,11492.070871054899
2023-06-24 18:00:00,13162.0,13132.859869812211
2023-06-24 18:30:00,13707.0,13564.945904902175
2023-06-24 19:00:00,13613.0,13417.525258618818
2023-06-24 20:00:00,13906.0,13450.88212283875
2023-06-24 21:00:00,13896.0,13291.302359143569
2023-06-24 22:00:00,13035.0,12324.379045780592
2023-06-24 23:00:00,12504.0,12120.009447440987
2023-06-25 00:00:00,11711.0,11170.33038224752
2023-06-25 01:00:00,11575.0,11201.206797282794
2023-06-25 02:00:00,11512.0,11315.107138632231
2023-06-25 03:00:00,11447.0,11319.168822192454
2023-06-25 04:00:00,11484.0,11336.531397078406
2023-06-25 05:00:00,11003.0,11073.802655137457
2023-06-25 06:00:00,11016.0,10985.196924654167
2023-06-25 07:00:00,10908.0,10950.109304469002
2023-06-25 08:00:00,11009.0,10963.884761756415
2023-06-25 09:00:00,11102.0,11014.492617444614
2023-06-25 10:00:00,11337.0,11177.371495573734
2023-06-25 11:00:00,11781.0,11420.737990467916
2023-06-25 12:00:00,11748.0,11452.428599004625
2023-06-25 13:00:00,11818.0,11496.266827451873
2023-06-25 14:00:00,11827.0,11492.010216226436
2023-06-25 15:00:00,11515.0,11309.398467017907
2023-06-25 16:00:00,11190.0,11099.798866235957
2023-06-25 17:00:00,11404.0,11335.654971427575
2023-06-25 18:00:00,12787.0,12257.556701229374
2023-06-25 18:30:00,13290.0,12733.963890686382
2023-06-25 19:00:00,13285.0,12751.981857784305
2023-06-25 20:00:00,13727.0,13118.141645194597
2023-06-25 21:00:00,13768.0,13139.755496428452
2023-06-25 22:00:00,13103.0,12590.961365885223
2023-06-25 23:00:00,12347.0,12143.29789168742
2023-06-26 00:00:00,11570.0,11302.34111297118
2023-06-26 01:00:00,11341.0,11215.037316142174
2023-06-26 02:00:00,11265.0,10927.517591237993
2023-06-26 03:00:00,11357.0,11049.296193503204
2023-06-26 04:00:00,11354.0,11171.167071988357
2023-06-26 05:00:00,11003.0,11035.467798410213
2023-06-26 06:00:00,11004.0,10954.156272749853
2023-06-26 07:00:00,10866.0,10851.18774369668
2023-06-26 08:00:00,11207.0,11252.443621341079
2023-06-26 09:00:00,11134.0,11161.175337668928
2023-06-26 10:00:00,11404.0,11305.496741186678
2023-06-26 11:00:00,11796.0,11480.056358484173
2023-06-26 12:00:00,11983.0,11673.94848301519
2023-06-26 13:00:00,11856.0,11634.447301786582
2023-06-26 14:00:00,11403.0,11223.485957135968
2023-06-26 15:00:00,11342.0,11516.080287034498
2023-06-26 16:00:00,11236.0,11164.861182455197
2023-06-26 17:00:00,10943.0,10917.246650932797
2023-06-26 18:00:00,12472.0,12486.877438561289
2023-06-26 18:30:00,13299.0,13201.495542470175
2023-06-26 19:00:00,13289.0,13326.94812964103
2023-06-26 20:00:00,13364.0,13303.64458195044
2023-06-26 21:00:00,13307.0,13214.404299159358
2023-06-26 22:00:00,13112.0,13115.368287425483
2023-06-26 23:00:00,12134.0,11947.09048422207
2023-06-27 00:00:00,11267.0,11225.72063202397
2023-06-27 01:00:00,11124.0,11097.393332779267
2023-06-27 02:00:00,11070.0,11030.221392913534
2023-06-27 03:00:00,10935.0,10908.889732169358
2023-06-27 04:00:00,10782.0,10842.992019851241
2023-06-27 05:00:00,10064.0,10060.492444131398
2023-06-27 06:00:00,9751.0,9792.363312728527
2023-06-27 07:00:00,9448.0,9503.66573500575
2023-06-27 08:00:00,9383.0,9444.945320017276
2023-06-27 09:00:00,9297.0,9346.540260040565
2023-06-27 10:00:00,9370.0,9369.207162979339
2023-06-27 11:00:00,9530.0,9555.110619789695
2023-06-27 12:00:00,9824.0,9853.309947194728
2023-06-27 13:00:00,9831.0,9845.082476987121
2023-06-27 14:00:00,9656.0,9685.59314886128
2023-06-27 15:00:00,9281.0,9341.994035631096
2023-06-27 16:00:00,9133.0,9125.123031166355
2023-06-27 17:00:00,9059.0,8969.354522955537
2023-06-27 18:00:00,10173.0,10178.299993401128
2023-06-27 18:30:00,11357.0,11416.665447386398
2023-06-27 19:00:00,11476.0,11489.272652648426
2023-06-27 20:00:00,11566.0,11588.885867228451
2023-06-27 21:00:00,11668.0,11689.211022785552
2023-06-27 22:00:00,11624.0,11614.58609724131
2023-06-27 23:00:00,11524.0,11511.641512401642
2023-06-28 00:00:00,11257.0,11272.555244513616
2023-06-28 01:00:00,10657.0,10657.451232669187
2023-06-28 02:00:00,10090.0,10117.971013319535
2023-06-28 03:00:00,9701.0,9716.726996553434
2023-06-28 04:00:00,9139.0,9190.960070398634
2023-06-28 05:00:00,8067.0,8081.9454609153945
2023-06-28 06:00:00,7744.0,7754.993361634947
2023-06-28 07:00:00,7678.0,7691.149277577881
2023-06-28 08:00:00,7589.0,7629.731907766568
2023-06-28 09:00:00,7423.0,7416.10683838275
2023-06-28 10:00:00,7723.0,7718.082098833224
2023-06-28 11:00:00,7917.0,7954.830703604049
2023-06-28 12:00:00,8157.0,8152.247963988607
2023-06-28 13:00:00,8454.0,8432.36459977889
2023-06-28 14:00:00,8181.0,8163.9999580206395
2023-06-28 15:00:00,8112.0,8099.697934550893
2023-06-28 16:00:00,7785.0,7812.154921937676
2023-06-28 17:00:00,7884.0,7895.3679835332105
2023-06-28 18:00:00,9070.0,9074.56954220247
2023-06-28 18:30:00,10147.0,10183.879310090186
2023-06-28 19:00:00,10265.0,10281.213169349492
2023-06-28 20:00:00,10301.0,10308.894758086622
2023-06-28 21:00:00,10543.0,10553.219658557511
2023-06-28 22:00:00,10355.0,10342.971540871511
2023-06-28 23:00:00,10127.0,10109.692208944824
2023-06-29 00:00:00,9830.0,9840.404799353691
2023-06-29 01:00:00,9315.0,9343.792661316442
2023-06-29 02:00:00,8974.0,8980.279793401774
2023-06-29 03:00:00,8687.0,8692.878118444321
2023-06-29 04:00:00,8667.0,8675.11559243767
2023-06-29 05:00:00,8280.0,8291.209873305852
2023-06-29 06:00:00,8429.0,8403.712566152359
2023-06-29 07:00:00,7955.0,7937.690856970868
2023-06-29 08:00:00,7361.0,7363.677420546052
2023-06-29 09:00:00,6901.0,6912.689603454801
2023-06-29 10:00:00,6672.0,6676.550906963176
2023-06-29 11:00:00,6715.0,6743.164185563713
2023-06-29 12:00:00,7045.0,7043.059851792485
2023-06-29 13:00:00,7368.0,7329.487237060132
2023-06-29 14:00:00,7624.0,7618.843964765952
2023-06-29 15:00:00,7867.0,7857.947396776853
2023-06-29 16:00:00,8048.0,8074.5396837253675
2023-06-29 17:00:00,8136.0,8120.786274624885
2023-06-29 18:00:00,9441.0,9426.945190555523
2023-06-29 18:30:00,10564.0,10609.47972320898
2023-06-29 19:00:00,10682.0,10683.074575668632
2023-06-29 20:00:00,10896.0,10926.544316384527
2023-06-29 21:00:00,10904.0,10896.077194341124
2023-06-29 22:00:00,10761.0,10787.695409450049
2023-06-29 23:00:00,10544.0,10568.774350019434
2023-06-30 00:00:00,10046.0,10059.060832611363
2023-06-30 01:00:00,9773.0,9769.281086103689
2023-06-30 02:00:00,9438.0,9427.08157110235
2023-06-30 03:00:00,9288.0,9302.069043244846
2023-06-30 04:00:00,9093.0,9078.400912529603
2023-06-30 05:00:00,8658.0,8655.714665659549
2023-06-30 06:00:00,8445.0,8461.720735393617
2023-06-30 07:00:00,8467.0,8462.70963135265
2023-06-30 08:00:00,8343.0,8320.09759351924
2023-06-30 09:00:00,8000.0,8007.675452596677
2023-06-30 10:00:00,8251.0,8231.425001767724
2023-06-30 11:00:00,8674.0,8656.557944510663
2023-06-30 12:00:00,9391.0,9412.625915082168
2023-06-30 13:00:00,8944.0,8934.838533759033
2023-06-30 14:00:00,8157.0,8146.209514239883
2023-06-30 15:00:00,7521.0,7534.853830366341
2023-06-30 16:00:00,7219.0,7187.170232231552
2023-06-30 17:00:00,7424.0,7444.104101946745
2023-06-30 18:00:00,8667.0,8650.152470668083
2023-06-30 18:30:00,9392.0,9455.911393456354
2023-06-30 19:00:00,9504.0,9469.332055614497
2023-06-30 20:00:00,9482.0,9480.705816002719
2023-06-30 21:00:00,10059.0,10087.75616487037
2023-06-30 22:00:00,10066.0,10056.353845162912
2023-06-30 23:00:00,9747.0,9769.86418808365
2023-07-01 00:00:00,9544.0,9553.451760831424
2023-07-01 01:00:00,9128.0,9116.542203229727
2023-07-01 02:00:00,8925.0,8940.64562751537
2023-07-01 03:00:00,8675.0,8682.55721018627
2023-07-01 04:00:00,8613.0,8619.283395388204
2023-07-01 05:00:00,8256.0,8281.161976899555
2023-07-01 06:00:00,8178.0,8177.755259475727
2023-07-01 07:00:00,8071.0,8067.183992867559
2023-07-01 08:00:00,8086.0,8078.508331168424
2023-07-01 09:00:00,8019.0,8020.370854532846
2023-07-01 10:00:00,8180.0,8161.808710463284
2023-07-01 11:00:00,8701.0,8673.240862328552
2023-07-01 12:00:00,9026.0,9049.55677084142
2023-07-01 13:00:00,9044.0,9026.596834492728
2023-07-01 14:00:00,8647.0,8623.919590167803
2023-07-01 15:00:00,8141.0,8148.716406488207
2023-07-01 16:00:00,7954.0,7958.844416547956
2023-07-01 17:00:00,8297.0,8294.28740112991
2023-07-01 18:00:00,9308.0,9318.611579328544
2023-07-01 18:30:00,10460.0,10500.923037054157
2023-07-01 19:00:00,10582.0,10642.29869060399
2023-07-01 20:00:00,11031.0,11061.576913583522
2023-07-01 21:00:00,11198.0,11227.98105351218
2023-07-01 22:00:00,11058.0,11071.313329638398
2023-07-01 23:00:00,10618.0,10658.4133514992
2023-07-02 00:00:00,10163.0,10236.347060436787
2023-07-02 01:00:00,9888.0,9971.467632482538
2023-07-02 02:00:00,9559.0,9593.94267933469
2023-07-02 03:00:00,9350.0,9386.666482028695
2023-07-02 04:00:00,9086.0,9099.2443769548
2023-07-02 05:00:00,8781.0,8779.690672470238
2023-07-02 06:00:00,8750.0,8794.781186324666
2023-07-02 07:00:00,8821.0,8874.257177180203
2023-07-02 08:00:00,8946.0,9003.745089741593
2023-07-02 09:00:00,9210.0,9268.42479951762
2023-07-02 10:00:00,9359.0,9415.953222127986
2023-07-02 11:00:00,9606.0,9686.081694445496
2023-07-02 12:00:00,10072.0,10104.562669626364
2023-07-02 13:00:00,10350.0,10413.852696492322
2023-07-02 14:00:00,9961.0,10034.61476265339
2023-07-02 15:00:00,9594.0,9620.307195698126
2023-07-02 16:00:00,9028.0,9049.23832407755
2023-07-02 17:00:00,8784.0,8786.95549654103
2023-07-02 18:00:00,10059.0,10094.201753354191
2023-07-02 18:30:00,11130.0,11175.809008368313
2023-07-02 19:00:00,11347.0,11368.487077524143
2023-07-02 20:00:00,11720.0,11667.10896465722
2023-07-02 21:00:00,11876.0,11819.483646867768
2023-07-02 22:00:00,11739.0,11775.614374109002
2023-07-02 23:00:00,11543.0,11590.846725318124
2023-07-03 00:00:00,11103.0,11130.807474457979
2023-07-03 01:00:00,10584.0,10642.835380684894
2023-07-03 02:00:00,10132.0,10144.751229088031
2023-07-03 03:00:00,10003.0,10013.870605995873
2023-07-03 04:00:00,9976.0,10002.734789436168
2023-07-03 05:00:00,9464.0,9474.792156936277
2023-07-03 06:00:00,9324.0,9330.669712671259
2023-07-03 07:00:00,9337.0,9334.228208232225
2023-07-03 08:00:00,9433.0,9417.88799326884
2023-07-03 09:00:00,9567.0,9592.449655945069
2023-07-03 10:00:00,9821.0,9789.396792065163
2023-07-03 11:00:00,9951.0,10015.863841239496
2023-07-03 12:00:00,10053.0,10078.366492347812
2023-07-03 13:00:00,10258.0,10321.662594567495
2023-07-03 14:00:00,10229.0,10294.34648479469
2023-07-03 15:00:00,10035.0,10011.754352419215
2023-07-03 16:00:00,9723.0,9719.314397457705
2023-07-03 17:00:00,9460.0,9491.815476100559
2023-07-03 18:00:00,10679.0,10685.802650882528
2023-07-03 18:30:00,11914.0,11905.063431546585
2023-07-03 19:00:00,12122.0,12174.699246961125
2023-07-03 20:00:00,12454.0,12464.57803340464
2023-07-03 21:00:00,12388.0,12336.159836585914
2023-07-03 22:00:00,12605.0,12592.153593080364
2023-07-03 23:00:00,12268.0,12384.966374432877
2023-07-04 00:00:00,11907.0,11927.13161507243
2023-07-04 01:00:00,11571.0,11578.706332983846
2023-07-04 02:00:00,11085.0,11028.822855213155
2023-07-04 03:00:00,10966.0,10920.928752890444
2023-07-04 04:00:00,10627.0,10647.263942420079
2023-07-04 05:00:00,10036.0,10122.453044144255
2023-07-04 06:00:00,9961.0,10030.631875195777
2023-07-04 07:00:00,10043.0,10074.63053168413
2023-07-04 08:00:00,10251.0,10266.882274258882
2023-07-04 09:00:00,10367.0,10412.09391263058
2023-07-04 10:00:00,10615.0,10615.181965612557
2023-07-04 11:00:00,11051.0,11062.056150698387
2023-07-04 12:00:00,11406.0,11401.240706876035
2023-07-04 13:00:00,11535.0,11539.81686445547
2023-07-04 14:00:00,11637.0,11710.473185115672
2023-07-04 15:00:00,11519.0,11526.749237917176
2023-07-04 16:00:00,10974.0,11028.501492996456
2023-07-04 17:00:00,10543.0,10538.942170040506
2023-07-04 18:00:00,11601.0,11637.604232208318
2023-07-04 18:30:00,13242.0,13196.460883850124
2023-07-04 19:00:00,13208.0,13098.108960304426
2023-07-04 20:00:00,13402.0,13321.270154930498
2023-07-04 21:00:00,13449.0,13326.258600824527
2023-07-04 22:00:00,13474.0,13644.39488243839
2023-07-04 23:00:00,13305.0,13224.073135067429
2023-07-05 00:00:00,12766.0,12759.31941451917
2023-07-05 01:00:00,12281.0,12272.319909033506
2023-07-05 02:00:00,11905.0,11927.986879951102
2023-07-05 03:00:00,11633.0,11684.663742959205
2023-07-05 04:00:00,11371.0,11276.471672112411
2023-07-05 05:00:00,10791.0,10839.207283779802
2023-07-05 06:00:00,10561.0,10615.650326673991
2023-07-05 07:00:00,10481.0,10520.25311076184
2023-07-05 08:00:00,10491.0,10567.021276222593
2023-07-05 09:00:00,10826.0,10856.054162294322
2023-07-05 10:00:00,11180.0,11196.16104568325
2023-07-05 11:00:00,11456.0,11498.215856386763
2023-07-05 12:00:00,11713.0,11721.1463935686
2023-07-05 13:00:00,11789.0,11781.497851264352
2023-07-05 14:00:00,12060.0,12056.80639712804
2023-07-05 15:00:00,11899.0,11854.788389221285
2023-07-05 16:00:00,11217.0,11255.607983163265
2023-07-05 17:00:00,10646.0,10672.480714050298
2023-07-05 18:00:00,12087.0,12024.892533173126
2023-07-05 18:30:00,13010.0,12851.822551161038
2023-07-05 19:00:00,13419.0,13292.512023214253
2023-07-05 20:00:00,13555.0,13416.554880952994
2023-07-05 21:00:00,13220.0,13092.354407261688
2023-07-05 22:00:00,13220.0,13349.286673021326
2023-07-05 23:00:00,12739.0,12766.749112528572
2023-07-06 00:00:00,11947.0,11834.654424691571
2023-07-06 01:00:00,11761.0,11650.242810121166
2023-07-06 02:00:00,11612.0,11444.312299376741
2023-07-06 03:00:00,11593.0,11589.942784208928
2023-07-06 04:00:00,11456.0,11581.48978650966
2023-07-06 05:00:00,10822.0,10837.083900219845
2023-07-06 06:00:00,10626.0,10704.414050313962
2023-07-06 07:00:00,10625.0,10648.984094042775
2023-07-06 08:00:00,10812.0,10827.916603005728
2023-07-06 09:00:00,11186.0,8648.513155243409
2023-07-06 10:00:00,11265.0,11278.167897705334
2023-07-06 11:00:00,11699.0,11661.857662586666
2023-07-06 12:00:00,11601.0,11596.083988652987
2023-07-06 13:00:00,11187.0,11151.23405330778
2023-07-06 14:00:00,11267.0,11277.74401118511
2023-07-06 15:00:00,10940.0,10921.769419671913
2023-07-06 16:00:00,10764.0,10776.477381432649
2023-07-06 17:00:00,10255.0,10272.226429325965
2023-07-06 18:00:00,11566.0,11527.86962844765
2023-07-06 18:30:00,12879.0,12866.69609956613
2023-07-06 19:00:00,12962.0,12899.892571989823
2023-07-06 20:00:00,13087.0,13078.657793758302
2023-07-06 21:00:00,13196.0,13061.663297954607
2023-07-06 22:00:00,13029.0,12988.230443916842
2023-07-06 23:00:00,12761.0,12819.473151125043
2023-07-07 00:00:00,11963.0,11823.263845262118
2023-07-07 01:00:00,11564.0,11433.483633582142
2023-07-07 02:00:00,11460.0,11436.139328187017
2023-07-07 03:00:00,11230.0,11240.524679952976
2023-07-07 04:00:00,11173.0,11031.642988907706
2023-07-07 05:00:00,10520.0,10556.299557937376
2023-07-07 06:00:00,10267.0,10272.050377010359
2023-07-07 07:00:00,10080.0,10092.048539111202
2023-07-07 08:00:00,10176.0,10155.662665826636
2023-07-07 09:00:00,10162.0,10143.956564011378
2023-07-07 10:00:00,10216.0,10221.99676752761
2023-07-07 11:00:00,10746.0,10715.185736455074
2023-07-07 12:00:00,11242.0,11227.845967636884
2023-07-07 13:00:00,10946.0,10919.849833167953
2023-07-07 14:00:00,11039.0,11063.333784916698
2023-07-07 15:00:00,10779.0,10755.061600669482
2023-07-07 16:00:00,10058.0,10067.55283745671
2023-07-07 17:00:00,9739.0,9776.488411647884
2023-07-07 18:00:00,11069.0,11143.661127022342
2023-07-07 18:30:00,12315.0,12416.830582203484
2023-07-07 19:00:00,12584.0,12654.429748180739
2023-07-07 20:00:00,12899.0,13044.199781766823
2023-07-07 21:00:00,12943.0,12981.15901013996
2023-07-07 22:00:00,13053.0,13141.109106935188
2023-07-07 23:00:00,12749.0,12498.482304677309
2023-07-08 00:00:00,12325.0,12304.200101398588
2023-07-08 01:00:00,11943.0,8652.174639374522
2023-07-08 02:00:00,11657.0,11696.453991984794
2023-07-08 03:00:00,11478.0,11532.97648387074
2023-07-08 04:00:00,11252.0,11256.57527198937
2023-07-08 05:00:00,10552.0,10661.267142660568
2023-07-08 06:00:00,10603.0,10646.529118340277
2023-07-08 07:00:00,10667.0,10743.236280982419
2023-07-08 08:00:00,10902.0,10935.413842825717
2023-07-08 09:00:00,11183.0,11168.893765020473
2023-07-08 10:00:00,11358.0,11393.075039424724
2023-07-08 11:00:00,11681.0,11686.027154145899
2023-07-08 12:00:00,12195.0,12149.101855863757
2023-07-08 13:00:00,12193.0,12105.676146922588
2023-07-08 14:00:00,12514.0,12444.745624014247
2023-07-08 15:00:00,12457.0,12393.023409395904
2023-07-08 16:00:00,11940.0,11905.849353900998
2023-07-08 17:00:00,11229.0,11256.88057925966
2023-07-08 18:00:00,12516.0,12537.059315616016
2023-07-08 18:30:00,13931.0,13535.93850505236
2023-07-08 19:00:00,14028.0,13844.187893655373
2023-07-08 20:00:00,14085.0,13800.532584470302
2023-07-08 21:00:00,14087.0,13775.777325408764
2023-07-08 22:00:00,13828.0,13392.207754307154
2023-07-08 23:00:00,13196.0,12722.412655188335
2023-07-09 00:00:00,12384.0,12257.060867912762
2023-07-09 01:00:00,12252.0,12008.561222874432
2023-07-09 02:00:00,12181.0,11901.374282101515
2023-07-09 03:00:00,12095.0,12021.815762669845
2023-07-09 04:00:00,11942.0,11867.21814933233
2023-07-09 05:00:00,11634.0,11690.433519927436
2023-07-09 06:00:00,11450.0,11375.180184764518
2023-07-09 07:00:00,11409.0,11382.18428748839
2023-07-09 08:00:00,11570.0,11577.97054070254
2023-07-09 09:00:00,11762.0,11790.607928931468
2023-07-09 10:00:00,11931.0,11915.661263451522
2023-07-09 11:00:00,12030.0,12044.299097151483
2023-07-09 12:00:00,12264.0,11940.975165247797
2023-07-09 13:00:00,12248.0,11891.97214891479
2023-07-09 14:00:00,12045.0,11708.344273008584
2023-07-09 15:00:00,11901.0,11580.188627110838
2023-07-09 16:00:00,11825.0,11548.514372323702
2023-07-09 17:00:00,11880.0,11944.990743342145
2023-07-09 18:00:00,13095.0,12941.539449802392
2023-07-09 18:30:00,13887.0,13279.909729538815
2023-07-09 19:00:00,13942.0,13222.981160353918
2023-07-09 20:00:00,14210.0,13277.23469180368
2023-07-09 21:00:00,13539.0,12858.340587417024
2023-07-09 22:00:00,13287.0,12858.831651770986
2023-07-09 23:00:00,12619.0,12302.603039284664
2023-07-10 00:00:00,11958.0,11115.681583295913
2023-07-10 01:00:00,11751.0,11383.736418886898
2023-07-10 02:00:00,11042.0,9932.61464360041
2023-07-10 03:00:00,10967.0,10620.547145648268
2023-07-10 04:00:00,11244.0,11121.298349196377
2023-07-10 05:00:00,11222.0,11169.292689821596
2023-07-10 06:00:00,11048.0,11073.891905219425
2023-07-10 07:00:00,11080.0,10952.009737595974
2023-07-10 08:00:00,11222.0,11103.733406756513
2023-07-10 09:00:00,11341.0,11176.792437180604
2023-07-10 10:00:00,11527.0,11287.832943733049
2023-07-10 11:00:00,12062.0,11703.488416498813
2023-07-10 12:00:00,12186.0,11728.960255695183
2023-07-10 13:00:00,12151.0,11713.675673470267
2023-07-10 14:00:00,12183.0,11717.405298279997
2023-07-10 15:00:00,11867.0,11589.359722167901
2023-07-10 16:00:00,11896.0,11617.275694593778
2023-07-10 17:00:00,12055.0,12212.423928712931
2023-07-10 18:00:00,13298.0,12851.719395091322
2023-07-10 18:30:00,13688.0,13559.946705911592
2023-07-10 19:00:00,14070.0,13850.791780853066
2023-07-10 20:00:00,14459.0,13795.028322696002
2023-07-10 21:00:00,14029.0,13632.959094598109
2023-07-10 22:00:00,13616.0,13050.897354990504
2023-07-10 23:00:00,13199.0,12685.264015713723
2023-07-11 00:00:00,12405.0,12312.715847802756
2023-07-11 01:00:00,12238.0,11821.376053341204
2023-07-11 02:00:00,12140.0,11791.602725067298
2023-07-11 03:00:00,12067.0,11686.543819779372
2023-07-11 04:00:00,11992.0,11770.681399637187
2023-07-11 05:00:00,11754.0,11756.64817032877
2023-07-11 06:00:00,11675.0,11736.355067417458
2023-07-11 07:00:00,11701.0,11719.056138907421
2023-07-11 08:00:00,11487.0,11344.79528850451
2023-07-11 09:00:00,11694.0,11455.713474010912
2023-07-11 10:00:00,11897.0,11574.27180999773
2023-07-11 11:00:00,12178.0,11801.608134395907
2023-07-11 12:00:00,12131.0,11791.906392166351
2023-07-11 13:00:00,11972.0,11603.04748081088
2023-07-11 14:00:00,12205.0,12321.814283351454
2023-07-11 15:00:00,11899.0,11560.938744669362
2023-07-11 16:00:00,11991.0,11847.288582251238
2023-07-11 17:00:00,11991.0,11971.867240129091
2023-07-11 18:00:00,13339.0,12878.725193711092
2023-07-11 18:30:00,13909.0,13351.222596406098
2023-07-11 19:00:00,14292.0,13848.473012624032
2023-07-11 20:00:00,14691.0,13981.068965725171
2023-07-11 21:00:00,14574.0,13732.289442985666
2023-07-11 22:00:00,13839.0,13105.509019363853
2023-07-11 23:00:00,13175.0,12533.880232727057
2023-07-12 00:00:00,12189.0,11910.072896374877
2023-07-12 01:00:00,11848.0,11478.275684089122
2023-07-12 02:00:00,11640.0,11285.585229071143
2023-07-12 03:00:00,11631.0,11349.709356417083
2023-07-12 04:00:00,11595.0,11420.62332380941
2023-07-12 05:00:00,11475.0,11324.089380395946
2023-07-12 06:00:00,11534.0,11368.757213826337
2023-07-12 07:00:00,11631.0,11467.393383938663
2023-07-12 08:00:00,12016.0,11916.727722566357
2023-07-12 09:00:00,12385.0,12274.519343704796
2023-07-12 10:00:00,12505.0,12338.497572802149
2023-07-12 11:00:00,12805.0,12550.484758907252
2023-07-12 12:00:00,12709.0,12636.05557817631
2023-07-12 13:00:00,12777.0,12496.394695952258
2023-07-12 14:00:00,13001.0,12723.713015013991
2023-07-12 15:00:00,12620.0,12411.21715615011
2023-07-12 16:00:00,12370.0,12536.698963319835
2023-07-12 17:00:00,12028.0,12103.236036806074
2023-07-12 18:00:00,13370.0,13321.665080177958
2023-07-12 18:30:00,14418.0,14109.384551763835
2023-07-12 19:00:00,14418.0,14125.865920278127
2023-07-12 20:00:00,14601.0,13985.002767992499
2023-07-12 21:00:00,14445.0,13863.743181365599
2023-07-12 22:00:00,13915.0,12965.945212015546
2023-07-12 23:00:00,13322.0,12598.384120003624
2023-07-13 00:00:00,12078.0,11884.86589843318
2023-07-13 01:00:00,11817.0,11243.401461521855
2023-07-13 02:00:00,11662.0,11429.110714853188
2023-07-13 03:00:00,11539.0,11377.837598908676
2023-07-13 04:00:00,11606.0,11438.51599067896
2023-07-13 05:00:00,11438.0,11290.34519656582
2023-07-13 06:00:00,11256.0,11184.176636016035
2023-07-13 07:00:00,11050.0,11089.553882366075
2023-07-13 08:00:00,11326.0,11166.05160495769
2023-07-13 09:00:00,11463.0,11318.948310559526
2023-07-13 10:00:00,11642.0,11520.137513297685
2023-07-13 11:00:00,12004.0,11528.402712750618
2023-07-13 12:00:00,12120.0,11672.182613620527
2023-07-13 13:00:00,12220.0,11691.383250096846
2023-07-13 14:00:00,12343.0,11828.969328596115
2023-07-13 15:00:00,12100.0,11624.846843694279
2023-07-13 16:00:00,12070.0,11875.47749437002
2023-07-13 17:00:00,12358.0,12303.539988180652
2023-07-13 18:00:00,13740.0,13516.4554888995
2023-07-13 18:30:00,14530.0,13941.787427287263
2023-07-13 19:00:00,14665.0,13919.874870124559
2023-07-13 20:00:00,14709.0,14007.91247547884
2023-07-13 21:00:00,14423.0,13697.128622755856
2023-07-13 22:00:00,13685.0,12833.975958409801
2023-07-13 23:00:00,13032.0,12566.83672034936
2023-07-14 00:00:00,12385.0,12123.831889800927
2023-07-14 01:00:00,12224.0,11709.767714293797
2023-07-14 02:00:00,12169.0,11679.201497253822
2023-07-14 03:00:00,12097.0,11792.309753077196
2023-07-14 04:00:00,12014.0,11649.802186245426
2023-07-14 05:00:00,11640.0,11620.304202237554
2023-07-14 06:00:00,11443.0,11442.134891977374
2023-07-14 07:00:00,11261.0,11300.138278283734
2023-07-14 08:00:00,11075.0,11096.241135876082
2023-07-14 09:00:00,11037.0,11043.502037691951
2023-07-14 10:00:00,11179.0,11162.094325487902
2023-07-14 11:00:00,11796.0,11765.136506506782
2023-07-14 12:00:00,12198.0,12080.134355393535
2023-07-14 13:00:00,11739.0,11779.492219926262
2023-07-14 14:00:00,11852.0,11838.01658297098
2023-07-14 15:00:00,11564.0,11582.77171958343
2023-07-14 16:00:00,10993.0,10990.678004234598
2023-07-14 17:00:00,10622.0,10596.17076946908
2023-07-14 18:00:00,12090.0,12071.33523083743
2023-07-14 18:30:00,13415.0,13358.925736155992
2023-07-14 19:00:00,13219.0,13332.108722387307
2023-07-14 20:00:00,13730.0,13790.56686838983
2023-07-14 21:00:00,13775.0,13708.943896549285
2023-07-14 22:00:00,13703.0,13638.444710006052
2023-07-14 23:00:00,13134.0,12991.559824266253
2023-07-15 00:00:00,12732.0,12659.151940903203
2023-07-15 01:00:00,12435.0,12346.407075543031
2023-07-15 02:00:00,12048.0,12108.18055452753
2023-07-15 03:00:00,11766.0,11749.475139106504
2023-07-15 04:00:00,11411.0,11561.790095618251
2023-07-15 05:00:00,11085.0,10999.403039664008
2023-07-15 06:00:00,10965.0,10922.30793543673
2023-07-15 07:00:00,10930.0,10851.779696896103
2023-07-15 08:00:00,11208.0,11097.688486845
2023-07-15 09:00:00,11503.0,11538.805456794616
2023-07-15 10:00:00,11809.0,11845.368543810395
2023-07-15 11:00:00,12219.0,12292.008111402092
2023-07-15 12:00:00,12275.0,12361.372619259362
2023-07-15 13:00:00,12270.0,12249.790139381757
2023-07-15 14:00:00,12583.0,12586.15012185871
2023-07-15 15:00:00,12518.0,12574.76511334533
2023-07-15 16:00:00,11990.0,12017.991050798766
2023-07-15 17:00:00,11386.0,11474.677766314746
2023-07-15 18:00:00,12636.0,12653.708530903034
2023-07-15 18:30:00,14206.0,13722.772976233535
2023-07-15 19:00:00,14367.0,14042.451002117454
2023-07-15 20:00:00,14545.0,14085.922740400229
2023-07-15 21:00:00,14396.0,13892.326553154962
2023-07-15 22:00:00,14046.0,13340.852213030596
2023-07-15 23:00:00,13326.0,12690.711972053357
2023-07-16 00:00:00,12490.0,12107.002711602447
2023-07-16 01:00:00,12286.0,12044.140245980401
2023-07-16 02:00:00,12257.0,12222.781497558117
2023-07-16 03:00:00,12129.0,12206.375569858812
2023-07-16 04:00:00,11867.0,11815.964597799399
2023-07-16 05:00:00,11302.0,11330.80332819737
2023-07-16 06:00:00,11348.0,11417.764557720593
2023-07-16 07:00:00,11227.0,11113.577821901219
2023-07-16 08:00:00,11477.0,11642.591900474725
2023-07-16 09:00:00,11866.0,11843.828904693284
2023-07-16 10:00:00,12021.0,11971.144218701109
2023-07-16 11:00:00,12457.0,12479.529200791714
2023-07-16 12:00:00,12717.0,12627.805649565205
2023-07-16 13:00:00,12619.0,12616.226587778829
2023-07-16 14:00:00,12834.0,12690.752938010413
2023-07-16 15:00:00,12370.0,12325.370452332612
2023-07-16 16:00:00,12119.0,12213.982672151951
2023-07-16 17:00:00,11841.0,11844.886108605544
2023-07-16 18:00:00,13075.0,13326.072330839352
2023-07-16 18:30:00,14250.0,14018.14075447416
2023-07-16 19:00:00,14265.0,14049.350303054864
2023-07-16 20:00:00,14316.0,13977.856747004305
2023-07-16 21:00:00,14261.0,13860.49082021126
2023-07-16 22:00:00,13967.0,13679.914808548256
2023-07-16 23:00:00,13330.0,12785.136566220894
2023-07-17 00:00:00,12005.0,11974.119890607877
2023-07-17 01:00:00,11906.0,11567.915121497335
2023-07-17 02:00:00,11784.0,11544.103749405676
2023-07-17 03:00:00,11809.0,11516.65745062728
2023-07-17 04:00:00,11763.0,11573.509306634074
2023-07-17 05:00:00,11440.0,11598.141716737171
2023-07-17 06:00:00,11548.0,11641.679579409596
2023-07-17 07:00:00,11467.0,11482.70535419178
2023-07-17 08:00:00,11909.0,11902.554589577432
2023-07-17 09:00:00,12041.0,12055.790954060874
2023-07-17 10:00:00,12364.0,12271.951052487582
2023-07-17 11:00:00,12432.0,12228.254984850122
2023-07-17 12:00:00,12456.0,12103.958014426447
2023-07-17 13:00:00,12435.0,12103.431588984602
2023-07-17 14:00:00,12453.0,11859.287158967485
2023-07-17 15:00:00,12310.0,11763.048823962046
2023-07-17 16:00:00,12008.0,11658.440421843165
2023-07-17 17:00:00,12220.0,12319.230891570247
2023-07-17 18:00:00,13568.0,13564.86555965546
2023-07-17 18:30:00,14694.0,14133.463895864388
2023-07-17 19:00:00,14553.0,13700.509338430402
2023-07-17 20:00:00,14701.0,13866.25975485333
2023-07-17 21:00:00,14433.0,13403.76442128546
2023-07-17 22:00:00,13858.0,12879.914821399261
2023-07-17 23:00:00,13081.0,12297.507940342859
2023-07-18 00:00:00,12112.0,11925.304433499921
2023-07-18 01:00:00,11982.0,11518.693933055305
2023-07-18 02:00:00,11896.0,11569.296568175017
2023-07-18 03:00:00,11916.0,11599.650630421324
2023-07-18 04:00:00,11845.0,11640.468550794889
2023-07-18 05:00:00,11681.0,11504.110116138914
2023-07-18 06:00:00,11694.0,11632.530394594545
2023-07-18 07:00:00,11586.0,11582.063047228849
2023-07-18 08:00:00,11857.0,11496.166044571759
2023-07-18 09:00:00,11996.0,11618.174423822647
2023-07-18 10:00:00,12237.0,11866.866728234283
2023-07-18 11:00:00,12428.0,11797.565457074781
2023-07-18 12:00:00,12578.0,12058.677975580269
2023-07-18 13:00:00,12503.0,11961.745306482419
2023-07-18 14:00:00,12377.0,11790.856526508664
2023-07-18 15:00:00,12249.0,11772.37863284656
2023-07-18 16:00:00,12001.0,11706.38176677294
2023-07-18 17:00:00,12140.0,12024.34118807555
2023-07-18 18:00:00,13383.0,12654.977445911332
2023-07-18 18:30:00,14320.0,13443.47687731504
2023-07-18 19:00:00,14345.0,13430.703943290424
2023-07-18 20:00:00,14518.0,13499.846415185204
2023-07-18 21:00:00,14574.0,13477.233213697373
2023-07-18 22:00:00,13700.0,12608.235344571653
2023-07-18 23:00:00,13124.0,12292.535027699552
2023-07-19 00:00:00,12482.0,11706.63241142972
2023-07-19 01:00:00,12456.0,11414.871408949866
2023-07-19 02:00:00,12296.0,11478.203208456027
2023-07-19 03:00:00,12235.0,11618.12037767845
2023-07-19 04:00:00,12127.0,11678.689811230235
2023-07-19 05:00:00,11859.0,11547.304924627424
2023-07-19 06:00:00,11836.0,11666.316148674523
2023-07-19 07:00:00,11652.0,11472.18750113424
2023-07-19 08:00:00,11767.0,11426.864751096176
2023-07-19 09:00:00,11955.0,11530.471641746855
2023-07-19 10:00:00,12077.0,11574.249054463162
2023-07-19 11:00:00,12586.0,11684.677171666572
2023-07-19 12:00:00,12586.0,11790.653984944249
2023-07-19 13:00:00,12548.0,11772.038283886126
2023-07-19 14:00:00,12395.0,11445.329151380623
2023-07-19 15:00:00,12219.0,11347.641920374106
2023-07-19 16:00:00,12117.0,11711.14466449858
2023-07-19 17:00:00,12198.0,11869.935076547046
2023-07-19 18:00:00,13263.0,12371.42596461649
2023-07-19 18:30:00,14130.0,13130.900133839752
2023-07-19 19:00:00,14143.0,13029.298616592538
2023-07-19 20:00:00,14448.0,13254.798180038451
2023-07-19 21:00:00,14321.0,13144.711431378268
2023-07-19 22:00:00,13969.0,12810.540101315244
2023-07-19 23:00:00,13443.0,12430.028740933853
2023-07-20 00:00:00,12622.0,10824.261713798418
2023-07-20 01:00:00,12340.0,10282.071284876158
2023-07-20 02:00:00,12433.0,11483.692447896194
2023-07-20 03:00:00,12347.0,11538.135281713272
2023-07-20 04:00:00,12406.0,11611.50081445058
2023-07-20 05:00:00,12182.0,11587.835785167148
2023-07-20 06:00:00,12038.0,11644.656739741411
2023-07-20 07:00:00,11991.0,11612.394311912814
2023-07-20 08:00:00,11757.0,11202.015778433693
2023-07-20 09:00:00,11938.0,11416.44098269974
2023-07-20 10:00:00,12159.0,11266.830230794125
2023-07-20 11:00:00,12359.0,11413.705331027822
2023-07-20 12:00:00,12559.0,11674.87538028832
2023-07-20 13:00:00,12460.0,11596.738890377912
2023-07-20 14:00:00,12625.0,11697.00169406214
2023-07-20 15:00:00,12543.0,11861.650831597544
2023-07-20 16:00:00,12539.0,12042.10523982227
2023-07-20 17:00:00,12578.0,12237.798287416694
2023-07-20 18:00:00,13877.0,13128.629503844213
2023-07-20 18:30:00,14304.0,13410.672532113123
2023-07-20 19:00:00,14408.0,13520.293011529026
2023-07-20 20:00:00,15059.0,13868.467157153073
2023-07-20 21:00:00,14950.0,13573.835924358076
2023-07-20 22:00:00,14425.0,13082.995962839967
2023-07-20 23:00:00,13606.0,12396.025904017206
2023-07-21 00:00:00,12705.0,11782.61589677552
2023-07-21 01:00:00,12620.0,11516.044909730264
2023-07-21 02:00:00,12539.0,11596.272262953482
2023-07-21 03:00:00,12438.0,11623.07060726794
2023-07-21 04:00:00,12295.0,11598.193231931722
2023-07-21 05:00:00,12056.0,11598.389157711068
2023-07-21 06:00:00,11985.0,11742.058174323529
2023-07-21 07:00:00,11682.0,11604.515326626959
2023-07-21 08:00:00,11545.0,11317.352585249595
2023-07-21 09:00:00,11437.0,11229.611774882636
2023-07-21 10:00:00,11541.0,11366.948234879568
2023-07-21 11:00:00,12290.0,12184.749229255774
2023-07-21 12:00:00,12450.0,12432.785330928104
2023-07-21 13:00:00,12203.0,12199.92604002604
2023-07-21 14:00:00,12394.0,12316.356793470022
2023-07-21 15:00:00,12310.0,12242.300368339807
2023-07-21 16:00:00,11804.0,11867.124952420862
2023-07-21 17:00:00,11187.0,11202.896599099044
2023-07-21 18:00:00,12508.0,12589.161737098344
2023-07-21 18:30:00,13492.0,13262.029816546374
2023-07-21 19:00:00,13659.0,14023.419328946371
2023-07-21 20:00:00,14218.0,13997.77583009071
2023-07-21 21:00:00,14243.0,13840.684825504108
2023-07-21 22:00:00,14318.0,13845.48786388342
2023-07-22 00:00:00,13077.0,12365.744205840276
2023-07-22 01:00:00,12774.0,12627.04598511279
2023-07-22 02:00:00,12745.0,12626.883356509508
2023-07-22 03:00:00,12518.0,12252.554156600101
2023-07-22 04:00:00,12502.0,12298.317792955217
2023-07-22 05:00:00,11986.0,11991.331031369067
2023-07-22 06:00:00,11801.0,11829.484315778334
2023-07-22 07:00:00,11701.0,11718.208424829943
2023-07-22 08:00:00,11796.0,11811.906733421407
2023-07-22 09:00:00,11978.0,11902.041337627748
2023-07-22 10:00:00,12298.0,12257.98241385319
2023-07-22 11:00:00,12607.0,12494.01255105606
2023-07-22 12:00:00,12885.0,12656.034807174648
2023-07-22 13:00:00,12933.0,12746.065376239238
2023-07-22 14:00:00,13123.0,12808.995151253994
2023-07-22 15:00:00,13123.0,12864.224919324148
2023-07-22 16:00:00,13132.0,13043.590106562358
2023-07-22 17:00:00,12454.0,12568.663124696986
2023-07-22 18:00:00,13731.0,13660.251973390003
2023-07-22 18:30:00,14581.0,14013.26730394044
2023-07-22 19:00:00,14730.0,13940.976811044713
2023-07-22 20:00:00,14909.0,13991.902597066008
2023-07-22 21:00:00,14926.0,13982.305769816488
2023-07-22 22:00:00,14666.0,13106.478947017644
2023-07-22 23:00:00,13984.0,13323.57537168513
2023-07-22 23:00:00,13975.0,12837.541084701012
2023-07-23 00:00:00,12817.0,12079.236257240253
2023-07-23 01:00:00,12621.0,11926.959085169872
2023-07-23 02:00:00,12565.0,11825.152362256182
2023-07-23 03:00:00,12488.0,11752.221110619841
2023-07-23 04:00:00,12508.0,11914.64107801134
2023-07-23 05:00:00,12388.0,12006.897671795581
2023-07-23 06:00:00,12267.0,11970.707021544766
2023-07-23 07:00:00,12192.0,11830.783322368736
2023-07-23 08:00:00,12366.0,11940.01138867536
2023-07-23 09:00:00,12717.0,12110.70664704162
2023-07-23 10:00:00,12958.0,12459.052849434529
2023-07-23 11:00:00,13242.0,12660.185764199889
2023-07-23 12:00:00,13193.0,12496.80815671656
2023-07-23 13:00:00,13207.0,12515.251024431047
2023-07-23 14:00:00,13300.0,12524.887322747012
2023-07-23 15:00:00,13178.0,12623.488947204469
2023-07-23 16:00:00,13096.0,12784.002538292021
2023-07-23 17:00:00,12684.0,12588.814311072947
2023-07-23 18:00:00,13708.0,12632.675705930676
2023-07-23 18:30:00,14221.0,13243.628578373511
2023-07-23 19:00:00,14216.0,13186.768883969853
2023-07-23 20:00:00,14476.0,13411.690372456242
2023-07-23 21:00:00,14420.0,13185.01643338973
2023-07-23 22:00:00,13964.0,12752.993947623278
2023-07-23 23:00:00,13531.0,12628.379450031676
2023-07-24 00:00:00,12889.0,12452.634600635154
2023-07-24 01:00:00,12708.0,12112.566827030128
2023-07-24 02:00:00,12665.0,12005.986264331981
2023-07-24 03:00:00,12534.0,11988.69582749222
2023-07-24 04:00:00,12515.0,12056.356533525477
2023-07-24 05:00:00,12275.0,11837.822090630714
2023-07-24 06:00:00,12275.0,12074.974303887193
2023-07-24 07:00:00,12254.0,11971.652994991897
2023-07-24 08:00:00,12464.0,12018.753229177231
2023-07-24 09:00:00,12488.0,12011.289599212354
2023-07-24 10:00:00,12782.0,12145.212513320457
2023-07-24 11:00:00,13419.0,12557.16291354417
2023-07-24 12:00:00,13467.0,12794.965947830146
2023-07-24 13:00:00,12717.0,12281.752928369331
2023-07-24 14:00:00,12903.0,12051.596211549851
2023-07-24 15:00:00,12790.0,12474.233459124045
2023-07-24 16:00:00,12763.0,12369.366008958066
2023-07-24 17:00:00,12982.0,13040.90974256116
2023-07-24 18:00:00,14101.0,13578.922182079466
2023-07-24 18:30:00,14699.0,13551.57582669362
2023-07-24 19:00:00,14673.0,13533.35326957776
2023-07-24 20:00:00,15018.0,13781.196054501906
2023-07-24 21:00:00,14948.0,13658.297406897806
2023-07-24 22:00:00,14651.0,13309.966268036833
2023-07-24 23:00:00,13876.0,12589.258273400237
2023-07-25 00:00:00,13332.0,12537.558876308407
2023-07-25 01:00:00,13203.0,12548.990457259271
2023-07-25 02:00:00,12815.0,12469.14348543672
2023-07-25 03:00:00,12707.0,12130.979794337869
2023-07-25 04:00:00,12784.0,12340.263578868313
2023-07-25 05:00:00,12620.0,12329.100118957895
2023-07-25 06:00:00,12460.0,12071.002341941961
2023-07-25 07:00:00,12498.0,12133.006159659059
2023-07-25 08:00:00,12538.0,12107.213008389892
2023-07-25 09:00:00,12519.0,12068.44053790558
2023-07-25 10:00:00,12849.0,12450.835183167805
2023-07-25 11:00:00,13126.0,12334.562737260407
2023-07-25 12:00:00,13300.0,12747.481181187934
2023-07-25 13:00:00,13368.0,12611.706794810309
2023-07-25 14:00:00,13329.0,12729.88615009522
2023-07-25 15:00:00,13165.0,12666.501035509675
2023-07-25 16:00:00,13097.0,12809.753801106322
2023-07-25 17:00:00,12955.0,13067.026094236933
2023-07-25 18:00:00,14110.0,13609.246663849077
2023-07-25 18:30:00,14649.0,13506.388868553096
2023-07-25 19:00:00,14634.0,13497.856692035544
2023-07-25 20:00:00,15118.0,13929.396060057177
2023-07-25 21:00:00,15105.0,13745.9891182113
2023-07-25 22:00:00,14766.0,13222.41822230952
2023-07-25 23:00:00,14084.0,12644.853547348717
2023-07-26 00:00:00,13289.0,12232.491340223154
2023-07-26 01:00:00,13081.0,12403.736274006695
2023-07-26 02:00:00,13010.0,12481.507226467476
2023-07-26 03:00:00,12906.0,12483.380967567571
2023-07-26 04:00:00,12736.0,12537.434355926267
2023-07-26 05:00:00,12565.0,12315.253121000302
2023-07-26 06:00:00,12440.0,12198.309409769381
2023-07-26 07:00:00,12359.0,12233.192993186147
2023-07-26 08:00:00,12539.0,12358.89577869757
2023-07-26 09:00:00,12693.0,12437.338898287226
2023-07-26 10:00:00,13049.0,12922.500493075844
2023-07-26 11:00:00,13334.0,13084.907888784446
2023-07-26 12:00:00,13665.0,13345.005986533244
2023-07-26 13:00:00,13581.0,13170.917579995414
2023-07-26 14:00:00,13467.0,12793.970102003315
2023-07-26 15:00:00,13383.0,8921.727982564153
2023-07-26 16:00:00,13112.0,13241.465028536586
2023-07-26 17:00:00,12795.0,12847.869817125607
2023-07-26 18:00:00,14213.0,13823.11991901577
2023-07-26 18:30:00,15014.0,14121.625382810911
2023-07-26 19:00:00,14850.0,13767.81651404673
2023-07-26 20:00:00,15164.0,14145.456775936618
2023-07-26 21:00:00,14939.0,13668.490168375612
2023-07-26 22:00:00,14771.0,13549.521922397935
2023-07-26 23:00:00,13991.0,12782.413197620035
2023-07-27 00:00:00,12965.0,12349.090331988564
2023-07-27 01:00:00,12792.0,12458.21781612771
2023-07-27 02:00:00,12617.0,12115.02738979849
2023-07-27 03:00:00,12692.0,12021.104054001216
2023-07-27 04:00:00,12495.0,11875.89090761
2023-07-27 05:00:00,12247.0,12116.566234046915
2023-07-27 06:00:00,12071.0,12024.851788363116
2023-07-27 07:00:00,12071.0,12001.613958120843
2023-07-27 08:00:00,12291.0,12249.974639769856
2023-07-27 09:00:00,12797.0,12609.686310747009
2023-07-27 10:00:00,13133.0,12847.313137705112
2023-07-27 11:00:00,13417.0,13312.225122723587
2023-07-27 12:00:00,13732.0,13626.739544904063
2023-07-27 13:00:00,13516.0,13317.623353135703
2023-07-27 14:00:00,13596.0,13375.563317165079
2023-07-27 15:00:00,13215.0,13003.180660762824
2023-07-27 16:00:00,13041.0,12899.804902495129
2023-07-27 17:00:00,12701.0,12849.68285346531
2023-07-27 18:00:00,14166.0,13663.362816271909
2023-07-27 18:30:00,14803.0,13870.362945739318
2023-07-27 19:00:00,14804.0,13842.53001799996
2023-07-27 20:00:00,14148.0,13189.66374254636
2023-07-27 21:00:00,14512.0,13579.189907749209
2023-07-27 22:00:00,14276.0,13279.709598892478
2023-07-27 23:00:00,13260.0,12397.256332268924
2023-07-28 00:00:00,12743.0,12406.041743944743
2023-07-28 01:00:00,12416.0,11897.318795784191
2023-07-28 02:00:00,12323.0,11698.195010727715
2023-07-28 03:00:00,12353.0,12021.09315761127
2023-07-28 04:00:00,12418.0,11986.477040608614
2023-07-28 05:00:00,11886.0,11831.41992671052
2023-07-28 06:00:00,11620.0,11669.986585041932
2023-07-28 07:00:00,11378.0,11288.882057453873
2023-07-28 08:00:00,11234.0,11156.65122120567
2023-07-28 09:00:00,11418.0,11398.733710446899
2023-07-28 10:00:00,11571.0,11569.061239112361
2023-07-28 11:00:00,11909.0,11916.34576225367
2023-07-28 12:00:00,12440.0,12507.07930929402
2023-07-28 13:00:00,12059.0,12130.388459978287
2023-07-28 14:00:00,12253.0,12218.553255525243
2023-07-28 15:00:00,12020.0,12021.899014555484
2023-07-28 16:00:00,11439.0,11391.229915951262
2023-07-28 17:00:00,11114.0,11150.085028112935
2023-07-28 18:00:00,12654.0,12797.562272547693
2023-07-28 18:30:00,13658.0,13617.90166846383
2023-07-28 19:00:00,13626.0,13783.846118452499
2023-07-28 20:00:00,14098.0,13861.437267826916
2023-07-28 21:00:00,14136.0,13853.91837348858
2023-07-28 22:00:00,14156.0,13750.832888261722
2023-07-28 23:00:00,13767.0,13114.83650857892
2023-07-29 00:00:00,13336.0,12697.918726397129
2023-07-29 01:00:00,13056.0,12836.207317441138
2023-07-29 02:00:00,12770.0,12550.614695902157
2023-07-29 03:00:00,12507.0,12346.737849676909
2023-07-29 04:00:00,12394.0,12426.804002087583
2023-07-29 05:00:00,11880.0,11897.936999255155
2023-07-29 06:00:00,11818.0,11785.206701894662
2023-07-29 07:00:00,11678.0,11701.840081683958
2023-07-29 08:00:00,11873.0,11909.423024709815
2023-07-29 09:00:00,12017.0,12076.824656151308
2023-07-29 10:00:00,12130.0,12162.724545103352
2023-07-29 11:00:00,12569.0,12515.798343270046
2023-07-29 12:00:00,13158.0,13006.218482050614
2023-07-29 13:00:00,13142.0,13027.654388290755
2023-07-29 14:00:00,13369.0,13184.6855210562
2023-07-29 15:00:00,13175.0,13110.930505817836
2023-07-29 16:00:00,12815.0,12769.039545341306
2023-07-29 17:00:00,12505.0,12434.173845718504
2023-07-29 18:00:00,14008.0,13741.068779758141
2023-07-29 18:30:00,14705.0,14161.832331863978
2023-07-29 19:00:00,14854.0,14198.605641886328
2023-07-29 20:00:00,15049.0,14312.290110399012
2023-07-29 21:00:00,15060.0,14159.257397034204
2023-07-29 22:00:00,14743.0,13567.30460863595
2023-07-29 23:00:00,13822.0,12464.499556365232
2023-07-30 00:00:00,13096.0,12383.116141940432
2023-07-30 01:00:00,12819.0,12424.55689089235
2023-07-30 02:00:00,12662.0,12125.207894603927
2023-07-30 03:00:00,12237.0,11824.528689896795
2023-07-30 04:00:00,12263.0,11826.75968459056
2023-07-30 05:00:00,12247.0,11916.178996375127
2023-07-30 06:00:00,12348.0,12011.4065462792
2023-07-30 07:00:00,12232.0,11933.69538570776
2023-07-30 08:00:00,12133.0,11778.938284542439
2023-07-30 09:00:00,12388.0,11968.782589396511
2023-07-30 10:00:00,12584.0,11994.266682275616
2023-07-30 11:00:00,13187.0,12394.2693527058
2023-07-30 12:00:00,13481.0,12794.371221283462
2023-07-30 13:00:00,13501.0,12736.697213888881
2023-07-30 14:00:00,13427.0,12629.25999049339
2023-07-30 15:00:00,13277.0,12721.664581914629
2023-07-30 16:00:00,12993.0,12657.989491303364
2023-07-30 17:00:00,13023.0,13136.16410202323
2023-07-30 18:00:00,14526.0,13489.351790779809
2023-07-30 18:30:00,14717.0,13685.964854506941
2023-07-30 19:00:00,14703.0,13538.763251670758
2023-07-30 20:00:00,15104.0,13831.5721219484
2023-07-30 21:00:00,14944.0,13378.06348593787
2023-07-30 22:00:00,14779.0,13382.63290126683
2023-07-30 23:00:00,13770.0,12303.46447150775
2023-07-31 00:00:00,12899.0,12091.748976092373
2023-07-31 01:00:00,12709.0,12236.975056081348
2023-07-31 02:00:00,12614.0,11734.076441154342
2023-07-31 03:00:00,12663.0,11765.581465006802
2023-07-31 04:00:00,12574.0,11819.164803618027
2023-07-31 05:00:00,12393.0,11809.24556081845
2023-07-31 06:00:00,12333.0,11794.21831671499
2023-07-31 07:00:00,12367.0,11781.305215237704
2023-07-31 09:00:00,12345.0,11645.35820865245
2023-07-31 10:00:00,12777.0,11725.562210867824
2023-07-31 11:00:00,13198.0,12085.957876424034
2023-07-31 12:00:00,13460.0,12606.035699758344
2023-07-31 13:00:00,12854.0,12200.625219897645
2023-07-31 14:00:00,13056.0,12002.082438252412
2023-07-31 15:00:00,12655.0,12232.501859225087
2023-07-31 16:00:00,12768.0,12060.663179356743
2023-07-31 17:00:00,12883.0,12888.532047625427
2023-07-31 18:00:00,14613.0,13663.264306756271
2023-07-31 18:30:00,14626.0,13689.304112214786
2023-07-31 19:00:00,14542.0,13782.359080359976
2023-07-31 20:00:00,14801.0,13872.26544246677
2023-07-31 21:00:00,14361.0,13477.978337309576
2023-07-31 22:00:00,14360.0,13635.761410223056
2023-07-31 23:00:00,13579.0,12620.312453948165
2023-08-01 00:00:00,13033.0,12428.664814632542
2023-08-01 01:00:00,12832.0,12417.729886632977
2023-08-01 02:00:00,12787.0,12071.311767852438
2023-08-01 03:00:00,12709.0,12058.19027621081
2023-08-01 04:00:00,12731.0,12024.35251970945
2023-08-01 05:00:00,12433.0,11971.396122920201
2023-08-01 06:00:00,12246.0,11753.025386911333
2023-08-01 07:00:00,12389.0,11785.708097179535
2023-08-01 08:00:00,12400.0,11743.773649609306
2023-08-01 09:00:00,12794.0,11913.697249506617
2023-08-01 10:00:00,12828.0,12438.601679254003
2023-08-01 11:00:00,12897.0,12860.027632511454
2023-08-01 12:00:00,12024.0,12059.24937705397
2023-08-01 13:00:00,11744.0,11812.841445147089
2023-08-01 14:00:00,11699.0,11775.263423485756
2023-08-01 15:00:00,11685.0,11651.909962453317
2023-08-01 16:00:00,11200.0,11205.272038968335
2023-08-01 17:00:00,11278.0,11333.057837245638
2023-08-01 18:00:00,13258.0,13293.717101872868
2023-08-01 18:30:00,13870.0,13925.305091366405
2023-08-01 19:00:00,13820.0,13958.175728067963
2023-08-01 20:00:00,13829.0,13883.510213382195
2023-08-01 21:00:00,13646.0,13758.22083299068
2023-08-01 22:00:00,13452.0,13580.526860650905
2023-08-01 23:00:00,13368.0,13368.590736570935
2023-08-02 00:00:00,12701.0,12321.38864909778
2023-08-02 01:00:00,12212.0,12166.727872676485
2023-08-02 02:00:00,12050.0,12065.603809547692
2023-08-02 03:00:00,12024.0,11998.912038985512
2023-08-02 04:00:00,11827.0,11824.076869096294
2023-08-02 05:00:00,11348.0,11314.63803647289
2023-08-02 06:00:00,11306.0,11291.878005945326
2023-08-02 07:00:00,11430.0,11417.204900360866
2023-08-02 08:00:00,11737.0,11734.850836499021
2023-08-02 09:00:00,11872.0,11900.74523368028
2023-08-02 10:00:00,11979.0,12099.264330081234
2023-08-02 11:00:00,12196.0,12270.426207733952
2023-08-02 12:00:00,12442.0,12501.75730101687
2023-08-02 13:00:00,12486.0,12485.20122822995
2023-08-02 14:00:00,12725.0,12545.918655705469
2023-08-02 15:00:00,12499.0,12491.889998738885
2023-08-02 16:00:00,12144.0,12178.599031101545
2023-08-02 17:00:00,11750.0,11884.733751899668
2023-08-02 18:00:00,13638.0,13450.481182086822
2023-08-02 18:30:00,14332.0,14042.825312945793
2023-08-02 19:00:00,14373.0,14053.816592410583
2023-08-02 20:00:00,14364.0,14095.41172900583
2023-08-02 21:00:00,14265.0,13827.176325521286
2023-08-02 22:00:00,14084.0,13724.923903606068
2023-08-02 23:00:00,13560.0,13096.024656736901
2023-08-03 00:00:00,12774.0,12461.639333858462
2023-08-03 01:00:00,12451.0,12120.756834586567
2023-08-03 02:00:00,12415.0,12123.072460680472
2023-08-03 03:00:00,12335.0,12246.197646634007
2023-08-03 04:00:00,12169.0,12202.228887135116
2023-08-03 05:00:00,11517.0,11577.396739414575
2023-08-03 06:00:00,11462.0,11396.029276574453
2023-08-03 07:00:00,11412.0,11383.88900562564
2023-08-03 08:00:00,11653.0,11664.695722485338
2023-08-03 09:00:00,12036.0,11990.883613241946
2023-08-03 10:00:00,12388.0,12357.387645500454
2023-08-03 11:00:00,12729.0,12707.330390577486
2023-08-03 12:00:00,12613.0,12420.82352103718
2023-08-03 13:00:00,12473.0,12367.380286187328
2023-08-03 14:00:00,12592.0,12343.662391345268
2023-08-03 15:00:00,12567.0,12412.600414940067
2023-08-03 16:00:00,12218.0,12108.520483572815
2023-08-03 17:00:00,11807.0,11890.085373846736
2023-08-03 18:00:00,13707.0,13513.241732723096
2023-08-03 18:30:00,14150.0,13569.679338883137
2023-08-03 19:00:00,14305.0,13982.40841433147
2023-08-03 20:00:00,14623.0,14046.676324382019
2023-08-03 21:00:00,14324.0,13698.989435916972
2023-08-03 22:00:00,14086.0,13391.971167074342
2023-08-03 23:00:00,13113.0,12420.795817801709
2023-08-04 00:00:00,12405.0,12367.078366809727
2023-08-04 01:00:00,12226.0,11770.490915032044
2023-08-04 02:00:00,12116.0,11675.753524219286
2023-08-04 03:00:00,11999.0,11704.257106274674
2023-08-04 04:00:00,11981.0,11725.363483158959
2023-08-04 05:00:00,11378.0,11477.899201289945
2023-08-04 06:00:00,11140.0,11008.259483249978
2023-08-04 07:00:00,10956.0,10915.07857531818
2023-08-04 08:00:00,10838.0,10775.798202366836
2023-08-04 09:00:00,10779.0,10828.398959435684
2023-08-04 10:00:00,11084.0,11147.756724697287
2023-08-04 11:00:00,11626.0,11666.133504511652
2023-08-04 12:00:00,12126.0,12125.702466549761
2023-08-04 13:00:00,11276.0,11289.140722612416
2023-08-04 14:00:00,10860.0,10916.239728312416
2023-08-04 15:00:00,10388.0,10428.49967365088
2023-08-04 16:00:00,10267.0,10281.89961798246
2023-08-04 17:00:00,10230.0,10263.07840508705
2023-08-04 18:00:00,12334.0,12383.232384295758
2023-08-04 18:30:00,13073.0,13130.572884194093
2023-08-04 19:00:00,13023.0,13195.865906237314
2023-08-04 20:00:00,13395.0,13425.87654122914
2023-08-04 21:00:00,13475.0,13404.95769626988
2023-08-04 22:00:00,13554.0,13672.513145804265
2023-08-04 23:00:00,13304.0,13140.954977506011
2023-08-05 00:00:00,12686.0,12556.36280929012
2023-08-05 01:00:00,12526.0,12556.485096982848
2023-08-05 02:00:00,12131.0,12203.228814063885
2023-08-05 03:00:00,11954.0,11947.963451097816
2023-08-05 04:00:00,11789.0,11847.657404468968
2023-08-05 05:00:00,11304.0,11374.892783135094
2023-08-05 06:00:00,11130.0,11100.205449470233
2023-08-05 07:00:00,11132.0,11111.420708861844
2023-08-05 08:00:00,11602.0,11669.394465615931
2023-08-05 09:00:00,11803.0,11844.849438840802
2023-08-05 10:00:00,12020.0,11984.415602829804
2023-08-05 11:00:00,12395.0,12371.152929858788
2023-08-05 12:00:00,12472.0,12456.601747668177
2023-08-05 13:00:00,12311.0,12343.2703138033
2023-08-05 14:00:00,12403.0,12437.49047143677
2023-08-05 15:00:00,12101.0,12188.755312229776
2023-08-05 16:00:00,11812.0,11872.373452236632
2023-08-05 17:00:00,11527.0,11642.250470158984
2023-08-05 18:00:00,13375.0,13202.253484059
2023-08-05 18:30:00,13977.0,13817.166894028687
2023-08-05 19:00:00,13933.0,13734.766080835574
2023-08-05 20:00:00,14049.0,13913.71291386153
2023-08-05 21:00:00,13862.0,13628.13529964683
2023-08-05 22:00:00,13460.0,13059.859516262748
2023-08-05 23:00:00,12636.0,12488.959411484959
2023-08-06 00:00:00,11996.0,11675.773415225915
2023-08-06 01:00:00,11949.0,11564.177888596869
2023-08-06 02:00:00,11710.0,11600.635737282862
2023-08-06 03:00:00,11751.0,11783.727431845857
2023-08-06 04:00:00,11520.0,11543.406661710185
2023-08-06 05:00:00,11250.0,11223.467942528992
2023-08-06 06:00:00,10988.0,11015.291676314242
2023-08-06 07:00:00,11033.0,11044.554405345849
2023-08-06 08:00:00,11184.0,11180.38233454196
2023-08-06 09:00:00,11178.0,11110.695325441013
2023-08-06 10:00:00,11426.0,11492.840428976411
2023-08-06 11:00:00,11786.0,11786.126162592724
2023-08-06 12:00:00,12063.0,12048.394057770918
2023-08-06 13:00:00,11842.0,11886.005931038308
2023-08-06 14:00:00,11929.0,12005.134294320123
2023-08-06 15:00:00,11744.0,11789.706582773255
2023-08-06 16:00:00,11639.0,11633.697937851532
2023-08-06 17:00:00,11476.0,11466.127660984344
2023-08-06 18:00:00,12972.0,12989.649445524317
2023-08-06 18:30:00,13484.0,13703.046279982651
2023-08-06 19:00:00,13412.0,13361.336824482287
2023-08-06 20:00:00,13501.0,13742.199134223916
2023-08-06 21:00:00,13454.0,13332.837183053849
2023-08-06 22:00:00,13152.0,13231.843330285938
2023-08-06 23:00:00,12672.0,12669.563863602301
2023-08-07 00:00:00,11918.0,11971.952691172923
2023-08-07 01:00:00,11620.0,11715.7043130036
2023-08-07 02:00:00,11351.0,11342.756136555512
2023-08-07 03:00:00,10845.0,10848.155071702293
2023-08-07 04:00:00,10485.0,10510.474160923219
2023-08-07 05:00:00,10104.0,10153.658372546584
2023-08-07 06:00:00,10262.0,10333.559573108805
2023-08-07 07:00:00,10438.0,10475.609278402399
2023-08-07 08:00:00,10634.0,10655.356127385945
2023-08-07 09:00:00,11019.0,11078.956026787408
2023-08-07 10:00:00,11136.0,11197.848957612065
2023-08-07 11:00:00,11453.0,11499.249135496919
2023-08-07 12:00:00,11540.0,11586.072597679693
2023-08-07 13:00:00,11148.0,11157.140413614345
2023-08-07 14:00:00,11294.0,11298.10066145624
2023-08-07 15:00:00,11063.0,11046.660262627664
2023-08-07 16:00:00,11070.0,11034.217343466873
2023-08-07 17:00:00,10820.0,10853.660189320986
2023-08-07 18:00:00,12461.0,12429.855511219008
2023-08-07 18:30:00,12669.0,12621.730185115324
2023-08-07 19:00:00,12711.0,12752.08637594313
2023-08-07 20:00:00,12729.0,12746.595260095144
2023-08-07 21:00:00,12469.0,12428.994121856962
2023-08-07 22:00:00,12173.0,12125.087628444902
2023-08-07 23:00:00,11915.0,11922.173682072875
2023-08-08 00:00:00,11378.0,11410.718747067634
2023-08-08 01:00:00,10981.0,10972.486502253072
2023-08-08 02:00:00,10679.0,10665.428856710336
2023-08-08 03:00:00,10461.0,10480.009952160231
2023-08-08 04:00:00,10186.0,10232.381890659946
2023-08-08 05:00:00,9643.0,9630.755472914698
2023-08-08 06:00:00,9525.0,9521.512300991508
2023-08-08 07:00:00,9714.0,9743.20102088754
2023-08-08 08:00:00,10024.0,10046.84786232272
2023-08-08 09:00:00,10410.0,10397.787603905948
2023-08-08 10:00:00,10634.0,10648.719314476004
2023-08-08 11:00:00,10921.0,10938.268908563972
2023-08-08 12:00:00,11301.0,11300.60080768059
2023-08-08 13:00:00,11341.0,11336.734861339899
2023-08-08 14:00:00,11496.0,11450.235839891993
2023-08-08 15:00:00,11158.0,11183.930308099501
2023-08-08 16:00:00,10862.0,10926.42516095179
2023-08-08 17:00:00,10590.0,10644.656517884578
2023-08-08 18:00:00,12491.0,12450.605581102793
2023-08-08 18:30:00,13253.0,13256.587204121584
2023-08-08 19:00:00,12963.0,12884.194894267604
2023-08-08 20:00:00,12846.0,12848.524854381272
2023-08-08 21:00:00,12787.0,12707.792169600656
2023-08-08 22:00:00,12629.0,12678.56782652179
2023-08-08 23:00:00,12532.0,12557.875404449482
2023-08-09 00:00:00,11881.0,11909.250771034494
2023-08-09 01:00:00,11355.0,11326.575999252796
2023-08-09 02:00:00,11301.0,11373.011198683664
2023-08-09 03:00:00,10943.0,10955.15466090347
2023-08-09 04:00:00,10574.0,10609.395310957254
2023-08-09 05:00:00,10335.0,10353.754613924195
2023-08-09 06:00:00,10285.0,10289.436296088168
2023-08-09 07:00:00,10552.0,10572.520528701018
2023-08-09 08:00:00,11080.0,11104.76874624521
2023-08-09 09:00:00,11549.0,11592.770824548521
2023-08-09 10:00:00,11975.0,11977.725610608932
2023-08-09 11:00:00,12258.0,12226.720870013294
2023-08-09 12:00:00,12464.0,12490.757910770753
2023-08-09 13:00:00,12484.0,12469.482829809618
2023-08-09 14:00:00,12500.0,12466.425819797172
2023-08-09 15:00:00,12335.0,12246.242249472136
2023-08-09 16:00:00,11823.0,11890.363135917645
2023-08-09 17:00:00,11456.0,11410.955495783708
2023-08-09 18:00:00,13205.0,13116.315944448306
2023-08-09 18:30:00,13623.0,13702.315086173077
2023-08-09 19:00:00,13560.0,13717.10269199548
2023-08-09 20:00:00,13661.0,13680.819309512968
2023-08-09 21:00:00,13612.0,13648.361630186564
2023-08-09 22:00:00,13463.0,13614.823604126172
2023-08-09 23:00:00,12654.0,12358.604677617599
2023-08-10 00:00:00,12041.0,11494.948329560662
2023-08-10 01:00:00,11969.0,11892.127605165053
2023-08-10 02:00:00,11927.0,11938.332955069802
2023-08-10 03:00:00,11726.0,11779.26972817988
2023-08-10 04:00:00,11617.0,11683.741766241163
2023-08-10 05:00:00,11095.0,11037.242412257909
2023-08-10 06:00:00,11018.0,11082.169488518826
2023-08-10 07:00:00,10895.0,10846.765242332947
2023-08-10 08:00:00,11334.0,11345.191333874876
2023-08-10 09:00:00,11727.0,11709.40055001943
2023-08-10 10:00:00,12003.0,11964.44375314921
2023-08-10 11:00:00,12235.0,12210.137478589982
2023-08-10 12:00:00,12375.0,12351.992524279376
2023-08-10 13:00:00,12390.0,12452.291717777489
2023-08-10 14:00:00,12455.0,12309.539614661255
2023-08-10 15:00:00,12345.0,12355.006409434553
2023-08-10 16:00:00,11919.0,11934.40692611912
2023-08-10 17:00:00,11542.0,11487.473004420954
2023-08-10 18:00:00,13300.0,13143.09073978554
2023-08-10 18:30:00,13879.0,13695.143635441178
2023-08-10 19:00:00,13837.0,13642.348437671295
2023-08-10 20:00:00,13865.0,13677.083363892772
2023-08-10 21:00:00,13629.0,13632.430043399352
2023-08-10 22:00:00,13246.0,13252.383770449804
2023-08-10 23:00:00,12413.0,12135.581452771106
2023-08-11 00:00:00,11873.0,11729.53828718931
2023-08-11 01:00:00,11815.0,11734.184242318852
2023-08-11 02:00:00,11815.0,11618.075456178489
2023-08-11 03:00:00,11738.0,11843.657949050954
2023-08-11 04:00:00,11731.0,11768.718738827753
2023-08-11 05:00:00,11048.0,11041.44735158668
2023-08-11 06:00:00,10777.0,10729.220859818872
2023-08-11 07:00:00,10689.0,10719.466709089573
2023-08-11 08:00:00,10486.0,10492.46205282772
2023-08-11 09:00:00,10653.0,10693.164164964826
2023-08-11 10:00:00,10908.0,10944.937112492207
2023-08-11 11:00:00,11365.0,11390.174504852785
2023-08-11 12:00:00,11726.0,11714.037361816656
2023-08-11 13:00:00,11156.0,8586.989417526878
2023-08-11 14:00:00,11206.0,11249.66245869706
2023-08-11 15:00:00,10672.0,10680.952091791212
2023-08-11 16:00:00,10465.0,10493.405419175524
2023-08-11 17:00:00,10107.0,10115.929920732558
2023-08-11 18:00:00,12491.0,12432.15963610397
2023-08-11 18:30:00,13205.0,13061.436592124608
2023-08-11 19:00:00,13095.0,13110.0883251856
2023-08-11 20:00:00,13333.0,13364.299461384659
2023-08-11 21:00:00,13396.0,13311.405246817232
2023-08-11 22:00:00,13298.0,13183.73023752725
2023-08-11 23:00:00,12402.0,11968.97485412205
2023-08-12 00:00:00,11834.0,11716.772976481834
2023-08-12 01:00:00,11706.0,11521.682636279127
2023-08-12 02:00:00,11517.0,11357.196722592618
2023-08-12 03:00:00,11353.0,11408.773536710312
2023-08-12 04:00:00,11375.0,11518.245825479966
2023-08-12 05:00:00,10879.0,10829.048248046813
2023-08-12 06:00:00,10923.0,10845.405063994658
2023-08-12 07:00:00,10801.0,10794.88159052359
2023-08-12 08:00:00,11111.0,11083.231135903166
2023-08-12 09:00:00,11240.0,11180.7844149276
2023-08-12 10:00:00,11691.0,11705.215321743772
2023-08-12 11:00:00,11989.0,11918.863840443466
2023-08-12 12:00:00,12011.0,12028.522782948468
2023-08-12 13:00:00,12092.0,12118.851502230369
2023-08-12 14:00:00,12041.0,12014.081810060832
2023-08-12 15:00:00,11886.0,11912.732978279928
2023-08-12 16:00:00,11479.0,11462.06743309296
2023-08-12 17:00:00,11412.0,11480.856033057044
2023-08-12 18:00:00,13312.0,13159.52756056318
2023-08-12 18:30:00,13800.0,13826.290207835347
2023-08-12 19:00:00,13795.0,13744.641388544698
2023-08-12 20:00:00,13783.0,13704.970301512225
2023-08-12 21:00:00,13623.0,13644.746490536856
2023-08-12 22:00:00,13153.0,13135.887436751065
2023-08-12 23:00:00,12566.0,12442.587214198293
2023-08-13 00:00:00,11987.0,11955.269663826084
2023-08-13 01:00:00,11794.0,11872.221253715485
2023-08-13 02:00:00,11744.0,11839.804427543648
2023-08-13 03:00:00,11109.0,11114.05129275722
2023-08-13 04:00:00,10948.0,10908.76488031253
2023-08-13 05:00:00,10633.0,10707.028852483656
2023-08-13 06:00:00,10524.0,10578.16609514053
2023-08-13 07:00:00,10570.0,10643.331677641969
2023-08-13 08:00:00,10757.0,10783.59443296451
2023-08-13 09:00:00,11012.0,11073.593870056347
2023-08-13 10:00:00,11226.0,11276.870380538674
2023-08-13 11:00:00,11620.0,11666.762534824213
2023-08-13 12:00:00,11671.0,11682.894878773004
2023-08-13 13:00:00,11639.0,11622.431956338633
2023-08-13 14:00:00,11952.0,11882.75338366121
2023-08-13 15:00:00,11837.0,11851.893844298516
2023-08-13 16:00:00,11370.0,11402.822065717894
2023-08-13 17:00:00,11228.0,11250.071561000188
2023-08-13 18:00:00,12826.0,12851.185722047732
2023-08-13 18:30:00,13665.0,13626.200725982679
2023-08-13 19:00:00,13618.0,13821.102686028875
2023-08-13 20:00:00,13365.0,13321.736991463662
2023-08-13 21:00:00,13202.0,13026.912797503808
2023-08-13 22:00:00,12915.0,12892.35701026624
2023-08-13 23:00:00,12686.0,12751.89622628625
2023-08-14 00:00:00,12153.0,12184.27589254136
2023-08-14 01:00:00,11799.0,11881.431060625975
2023-08-14 02:00:00,11541.0,11584.924503607022
2023-08-14 03:00:00,11393.0,11429.729065226164
2023-08-14 04:00:00,11106.0,11189.88338672135
2023-08-14 05:00:00,10599.0,10680.041156525309
2023-08-14 06:00:00,10667.0,10737.1655545122
2023-08-14 07:00:00,10655.0,10712.970374316561
2023-08-14 08:00:00,11102.0,11172.229802198475
2023-08-14 09:00:00,11451.0,11447.822598128414
2023-08-14 10:00:00,11992.0,12020.646367921147
2023-08-14 11:00:00,12295.0,12260.001922600093
2023-08-14 12:00:00,12346.0,12348.197448301027
2023-08-14 13:00:00,12284.0,12245.061284706924
2023-08-14 14:00:00,12556.0,12558.789918331608
2023-08-14 15:00:00,12358.0,12244.6692833655
2023-08-14 16:00:00,12097.0,12119.001376060793
2023-08-14 17:00:00,11751.0,11841.70629136165
2023-08-14 18:00:00,13568.0,13343.347717936376
2023-08-14 18:30:00,13943.0,13764.267554221395
2023-08-14 19:00:00,13926.0,13797.778891466492
2023-08-14 20:00:00,13972.0,13733.698908838458
2023-08-14 21:00:00,13870.0,9192.591988494298
2023-08-14 22:00:00,13521.0,13195.243702545697
2023-08-14 23:00:00,13146.0,12707.560171102019
2023-08-15 00:00:00,12703.0,12385.570434297479
2023-08-15 01:00:00,12338.0,12254.033657010536
2023-08-15 02:00:00,12162.0,12142.37969790987
2023-08-15 03:00:00,11996.0,11950.534625150049
2023-08-15 04:00:00,11861.0,11836.233212483836
2023-08-15 05:00:00,11261.0,11264.296359571385
2023-08-15 06:00:00,10927.0,10938.348488145066
2023-08-15 07:00:00,10875.0,10878.740046490591
2023-08-15 08:00:00,10791.0,10769.890491391421
2023-08-15 09:00:00,10906.0,10918.943096237339
2023-08-15 10:00:00,11189.0,11187.59257204155
2023-08-15 11:00:00,11476.0,11470.732904747938
2023-08-15 12:00:00,11896.0,11881.755235352903
2023-08-15 13:00:00,11841.0,11878.46186463488
2023-08-15 14:00:00,11701.0,11713.543950475707
2023-08-15 15:00:00,11502.0,11473.221510440171
2023-08-15 16:00:00,11222.0,11235.12298534373
2023-08-15 17:00:00,10907.0,10949.470985475542
2023-08-15 18:00:00,12981.0,12817.343932118696
2023-08-15 18:30:00,13367.0,13222.18350200894
2023-08-15 19:00:00,13308.0,13198.310810702083
2023-08-15 20:00:00,13781.0,13594.513868485565
2023-08-15 21:00:00,13700.0,13602.787689116773
2023-08-15 22:00:00,13577.0,13503.551062894587
2023-08-15 23:00:00,13387.0,13222.111757916187
2023-08-16 00:00:00,12673.0,12517.538256478
2023-08-16 01:00:00,12261.0,12370.959702824995
2023-08-16 02:00:00,12090.0,12129.578873609948
2023-08-16 03:00:00,11736.0,11790.855522893246
2023-08-16 04:00:00,11679.0,11767.328942316402
2023-08-16 05:00:00,11541.0,11582.694415246557
2023-08-16 06:00:00,11437.0,11510.666235283565
2023-08-16 07:00:00,11585.0,11671.399220558978
2023-08-16 08:00:00,11942.0,11987.791990455557
2023-08-16 09:00:00,12327.0,12423.442192287563
2023-08-16 10:00:00,12270.0,12146.272095017664
2023-08-16 11:00:00,12424.0,12206.738855166474
2023-08-16 12:00:00,12647.0,12458.04884799369
2023-08-16 13:00:00,12587.0,12527.597505490206
2023-08-16 14:00:00,12470.0,12011.136005563512
2023-08-16 15:00:00,12235.0,12159.196441371583
2023-08-16 16:00:00,12217.0,12189.243520773438
2023-08-16 17:00:00,12249.0,12256.496424672725
2023-08-16 18:00:00,13783.0,13159.795979972927
2023-08-16 18:30:00,14118.0,13450.29857783808
2023-08-16 19:00:00,14154.0,13365.876435298434
2023-08-16 20:00:00,14311.0,13616.410413115818
2023-08-16 21:00:00,13986.0,13174.22772565518
2023-08-16 22:00:00,13584.0,12712.774716771084
2023-08-16 23:00:00,12477.0,12313.814767055446
2023-08-17 00:00:00,12135.0,11761.114579785546
2023-08-17 01:00:00,12025.0,11773.13850991221
2023-08-17 02:00:00,11870.0,11509.415852075468
2023-08-17 03:00:00,11816.0,11745.499850524806
2023-08-17 04:00:00,11724.0,11678.916657444099
2023-08-17 05:00:00,11557.0,11511.34059530172
2023-08-17 06:00:00,11454.0,11616.221441746779
2023-08-17 07:00:00,11389.0,11274.513784303612
2023-08-17 08:00:00,11539.0,11404.885124399005
2023-08-17 09:00:00,11777.0,11598.560861498028
2023-08-17 10:00:00,12055.0,11701.476943058819
2023-08-17 11:00:00,12309.0,11756.364218131957
2023-08-17 12:00:00,12394.0,11867.174381201135
2023-08-17 13:00:00,12117.0,11575.460827773555
2023-08-17 14:00:00,11924.0,11410.577162393685
2023-08-17 15:00:00,11921.0,11529.547747453094
2023-08-17 16:00:00,12073.0,11881.655003634536
2023-08-17 17:00:00,12463.0,12406.632585231022
2023-08-17 18:00:00,13698.0,12687.373702435198
2023-08-17 18:30:00,14091.0,13337.353007263693
2023-08-17 19:00:00,14279.0,13556.412660641461
2023-08-17 20:00:00,14392.0,13601.452811759653
2023-08-17 21:00:00,14016.0,12847.914220819253
2023-08-17 22:00:00,13658.0,12663.010356514844
2023-08-17 23:00:00,13143.0,12489.242823008382
2023-08-18 00:00:00,12350.0,12093.043151530153
2023-08-18 01:00:00,12169.0,11679.78323409687
2023-08-18 02:00:00,12192.0,11692.50027588664
2023-08-18 03:00:00,12091.0,11783.443076208521
2023-08-18 04:00:00,11843.0,11587.96212321696
2023-08-18 05:00:00,11544.0,11490.862900545178
2023-08-18 06:00:00,11256.0,11252.573794482565
2023-08-18 07:00:00,11235.0,11193.599709957862
2023-08-18 08:00:00,10810.0,10753.752925044593
2023-08-18 09:00:00,10850.0,10797.563058441796
2023-08-18 10:00:00,10945.0,10932.81065166662
2023-08-18 11:00:00,11453.0,11450.26121554037
2023-08-18 12:00:00,11864.0,11826.74415188319
2023-08-18 13:00:00,11734.0,11780.503604029867
2023-08-18 14:00:00,11970.0,11978.148336774579
2023-08-18 15:00:00,11903.0,11927.691378886278
2023-08-18 16:00:00,11420.0,11468.19998557554
2023-08-18 17:00:00,10740.0,10819.31843772534
2023-08-18 18:00:00,12757.0,12821.391109099372
2023-08-18 18:30:00,13521.0,13546.066957395682
2023-08-18 19:00:00,13612.0,13748.459454546743
2023-08-18 20:00:00,13805.0,13831.68996950236
2023-08-18 21:00:00,13937.0,13741.818820366263
2023-08-18 22:00:00,13736.0,13375.759306593814
2023-08-18 23:00:00,12738.0,12338.498826283974
2023-08-19 00:00:00,12116.0,11790.666873110955
2023-08-19 01:00:00,12059.0,11731.272614446912
2023-08-19 02:00:00,12008.0,11662.06544868474
2023-08-19 03:00:00,11959.0,11575.86552036501
2023-08-19 04:00:00,11729.0,11480.937029484452
2023-08-19 05:00:00,11376.0,11319.763750313967
2023-08-19 06:00:00,11068.0,11200.140948358612
2023-08-19 07:00:00,11087.0,11505.715649053982
2023-08-19 08:00:00,11294.0,11308.472429307669
2023-08-19 09:00:00,11790.0,11820.767529448956
2023-08-19 10:00:00,12017.0,12040.801738898705
2023-08-19 11:00:00,12284.0,12263.157401213677
2023-08-19 12:00:00,12395.0,12383.302602662752
2023-08-19 13:00:00,12290.0,12134.030017396328
2023-08-19 14:00:00,12085.0,11698.659659710722
2023-08-19 15:00:00,11858.0,11593.430358699878
2023-08-19 16:00:00,11821.0,11865.59237398332
2023-08-19 17:00:00,11950.0,12051.867867416953
2023-08-19 18:00:00,13442.0,12633.096483929165
2023-08-19 18:30:00,13722.0,13072.533095216262
2023-08-19 19:00:00,13787.0,13085.507733680442
2023-08-19 20:00:00,14036.0,13040.712921550527
2023-08-19 21:00:00,13878.0,13178.618779029102
2023-08-19 22:00:00,13330.0,12553.753216790956
2023-08-19 23:00:00,12638.0,12245.742958754383
2023-08-20 00:00:00,12056.0,11441.531331004091
2023-08-20 01:00:00,11984.0,11390.808433568787
2023-08-20 02:00:00,11950.0,11505.035242505077
2023-08-20 03:00:00,11984.0,11571.92843266901
2023-08-20 04:00:00,11973.0,11551.94065226778
2023-08-20 05:00:00,11819.0,11520.431588048275
2023-08-20 06:00:00,11660.0,11469.701020612247
2023-08-20 07:00:00,11716.0,11436.410420574512
2023-08-20 08:00:00,11564.0,11331.459713711698
2023-08-20 09:00:00,11981.0,11580.340945582939
2023-08-20 10:00:00,12521.0,11958.416179810652
2023-08-20 11:00:00,12738.0,12186.11907331824
2023-08-20 12:00:00,12959.0,12350.655467243043
2023-08-20 13:00:00,12820.0,12476.4744328435
2023-08-20 14:00:00,12770.0,12082.781966520502
2023-08-20 15:00:00,12657.0,12175.386996448064
2023-08-20 16:00:00,12809.0,12425.186734682582
2023-08-20 17:00:00,12606.0,12382.70200983562
2023-08-20 18:00:00,14139.0,13245.003425373343
2023-08-20 18:30:00,14266.0,13432.209464116362
2023-08-20 19:00:00,14281.0,13438.663369104162
2023-08-20 20:00:00,14651.0,13626.195862838711
2023-08-20 21:00:00,14361.0,12985.34598408023
2023-08-20 22:00:00,13639.0,12504.962638833022
2023-08-20 23:00:00,12947.0,12330.889110443377
2023-08-21 00:00:00,12491.0,12229.56307521381
2023-08-21 01:00:00,12414.0,11745.379328663676
2023-08-21 02:00:00,12409.0,11796.652720595928
2023-08-21 03:00:00,12403.0,11876.497470119744
2023-08-21 04:00:00,12369.0,11784.487522625077
2023-08-21 05:00:00,12246.0,11846.891587612847
2023-08-21 06:00:00,11813.0,11483.163139566079
2023-08-21 07:00:00,11506.0,11336.68589349998
2023-08-21 08:00:00,11873.0,11562.719852214877
2023-08-21 09:00:00,12294.0,11720.937713831438
2023-08-21 10:00:00,12501.0,12274.369969780579
2023-08-21 11:00:00,12786.0,12499.59340212615
2023-08-21 12:00:00,12807.0,12441.918538586206
2023-08-21 13:00:00,12710.0,12295.461386084351
2023-08-21 14:00:00,12515.0,11941.944597652187
2023-08-21 15:00:00,12462.0,11897.37562305356
2023-08-21 16:00:00,12600.0,12184.74437691295
2023-08-21 17:00:00,12797.0,12848.98671806811
2023-08-21 18:00:00,14146.0,12987.468500340594
2023-08-21 18:30:00,14370.0,13181.05905186711
2023-08-21 19:00:00,14482.0,13186.29611640784
2023-08-21 20:00:00,14701.0,13143.381709958632
2023-08-21 21:00:00,14543.0,13113.800881349578
2023-08-21 22:00:00,13676.0,12334.916225827883
2023-08-21 23:00:00,13243.0,12374.81602779089
2023-08-22 00:00:00,12512.0,12100.369576497207
2023-08-22 01:00:00,12341.0,11698.08721477974
2023-08-22 02:00:00,12275.0,11682.15503910677
2023-08-22 03:00:00,12214.0,11682.15503910677
2023-08-22 04:00:00,12174.0,11683.01440438454
2023-08-22 05:00:00,12007.0,11732.400790088052
2023-08-22 06:00:00,11931.0,11485.651618817536
2023-08-22 07:00:00,11967.0,11641.214277210414
2023-08-22 08:00:00,12016.0,11596.798566765216
2023-08-22 09:00:00,12299.0,11949.79938811335
2023-08-22 10:00:00,12846.0,12673.97049667509
2023-08-22 11:00:00,13210.0,13096.323730557147
2023-08-22 12:00:00,13315.0,13168.155247172414
2023-08-22 13:00:00,13323.0,13141.546938322848
2023-08-22 14:00:00,12849.0,12722.023826121916
2023-08-22 15:00:00,12733.0,12603.204280671822
2023-08-22 16:00:00,12434.0,12383.07106344368
2023-08-22 17:00:00,12045.0,12001.736086400653
2023-08-22 18:00:00,14144.0,13402.10198728544
2023-08-22 18:30:00,14138.0,13692.045709907332
2023-08-22 19:00:00,14036.0,13810.712712767574
2023-08-22 20:00:00,14244.0,13859.07791029728
2023-08-22 21:00:00,14052.0,13661.04669094018
2023-08-22 22:00:00,13850.0,13632.408251885776
2023-08-22 23:00:00,13585.0,13225.578459363442
2023-08-23 00:00:00,12795.0,12554.747479236094
2023-08-23 01:00:00,12660.0,12384.745107610624
2023-08-23 02:00:00,12292.0,12263.300431376325
2023-08-23 03:00:00,12066.0,12009.078672782474
2023-08-23 04:00:00,11667.0,11797.835799948309
2023-08-23 05:00:00,11262.0,11146.800134889027
2023-08-23 06:00:00,11052.0,10975.679548796299
2023-08-23 07:00:00,11048.0,10833.832331738266
2023-08-23 08:00:00,11382.0,11248.348168189894
2023-08-23 09:00:00,11621.0,11654.971320975477
2023-08-23 10:00:00,12049.0,12006.688288914609
2023-08-23 11:00:00,12511.0,12452.98430093923
2023-08-23 12:00:00,12730.0,12614.983152980107
2023-08-23 13:00:00,12638.0,12543.368283955138
2023-08-23 14:00:00,12591.0,12649.079744988481
2023-08-23 15:00:00,12439.0,12503.611241974502
2023-08-23 16:00:00,12135.0,12185.447583474785
2023-08-23 17:00:00,11701.0,11770.283303399208
2023-08-23 18:00:00,13616.0,13544.793799573908
2023-08-23 18:30:00,14021.0,13998.824686275597
2023-08-23 19:00:00,14030.0,14004.561442955162
2023-08-23 20:00:00,14015.0,13881.448558585493
2023-08-23 21:00:00,13720.0,13722.449893160388
2023-08-23 22:00:00,13456.0,13271.76322450844
2023-08-23 23:00:00,13054.0,13029.860731092778
2023-08-24 00:00:00,12595.0,12525.288903811059
2023-08-24 01:00:00,12324.0,12297.822860053686
2023-08-24 02:00:00,11990.0,11900.98725111289
2023-08-24 03:00:00,11873.0,11827.497544349511
2023-08-24 04:00:00,11679.0,11694.803368663303
2023-08-24 05:00:00,11308.0,11297.165414031435
2023-08-24 06:00:00,11145.0,11149.618933204098
2023-08-24 07:00:00,11167.0,11150.08067318104
2023-08-24 08:00:00,11343.0,11284.650119999978
2023-08-24 09:00:00,11669.0,11684.108140248512
2023-08-24 10:00:00,12232.0,12165.573007650826
2023-08-24 11:00:00,12731.0,12631.056213716709
2023-08-24 12:00:00,12868.0,12756.44553996617
2023-08-24 13:00:00,12510.0,12391.371623468827
2023-08-24 14:00:00,12412.0,12277.014317703022
2023-08-24 15:00:00,12198.0,12091.39438981928
2023-08-24 16:00:00,12000.0,11996.649388802462
2023-08-24 17:00:00,11848.0,11799.075524786067
2023-08-24 18:00:00,13899.0,13634.811227733528
2023-08-24 18:30:00,14170.0,13868.833931130119
2023-08-24 19:00:00,14182.0,13896.760799475936
2023-08-24 20:00:00,13959.0,13829.873915590035
2023-08-24 21:00:00,13628.0,13641.057751453469
2023-08-24 22:00:00,13407.0,13639.482779135325
2023-08-24 23:00:00,12925.0,12860.636963433953
2023-08-25 00:00:00,12436.0,12351.860940644401
2023-08-25 01:00:00,12116.0,12154.011223891895
2023-08-25 02:00:00,11747.0,11790.935767581354
2023-08-25 03:00:00,11559.0,11537.794812822882
2023-08-25 04:00:00,11204.0,11152.219115978567
2023-08-25 05:00:00,10652.0,10741.711423792718
2023-08-25 06:00:00,10182.0,10243.947820166128
2023-08-25 07:00:00,10188.0,10190.21522539238
2023-08-25 08:00:00,9846.0,9877.634992211473
2023-08-25 09:00:00,9794.0,9805.032673972419
2023-08-25 10:00:00,9912.0,9923.257564783562
2023-08-25 11:00:00,10484.0,10484.874692216461
2023-08-25 12:00:00,11044.0,11054.429955145137
2023-08-25 13:00:00,10376.0,10380.465955875585
2023-08-25 14:00:00,10186.0,10217.05200038871
2023-08-25 15:00:00,9642.0,9678.833894397949
2023-08-25 16:00:00,9580.0,9640.84274523476
2023-08-25 17:00:00,9705.0,9714.579115607401
2023-08-25 18:00:00,11768.0,11826.277291477849
2023-08-25 18:30:00,12247.0,12273.464701377456
2023-08-25 19:00:00,12098.0,12056.531423195906
2023-08-25 20:00:00,12278.0,12268.530428668242
2023-08-25 21:00:00,12262.0,12234.492750488525
2023-08-25 22:00:00,12170.0,12186.566784965493
2023-08-25 23:00:00,12131.0,12100.510247895794
2023-08-26 00:00:00,11651.0,11643.805248191313
2023-08-26 01:00:00,11286.0,11283.259839137269
2023-08-26 02:00:00,10978.0,10974.39514698244
2023-08-26 03:00:00,10566.0,10545.060467227368
2023-08-26 04:00:00,10283.0,10298.680272603595
2023-08-26 05:00:00,9880.0,9895.835044822916
2023-08-26 06:00:00,9748.0,9762.88924525553
2023-08-26 07:00:00,9901.0,9897.780798678963
2023-08-26 08:00:00,10150.0,10174.073904252196
2023-08-26 09:00:00,10059.0,10086.932315711349
2023-08-26 10:00:00,10444.0,10464.990907096151
2023-08-26 11:00:00,10904.0,10890.270301200197
2023-08-26 12:00:00,11303.0,11327.950354275305
2023-08-26 13:00:00,11377.0,11387.01335269111
2023-08-26 14:00:00,11496.0,11497.12014469559
2023-08-26 15:00:00,11310.0,11344.035991365618
2023-08-26 16:00:00,11037.0,11092.970636814916
2023-08-26 17:00:00,11093.0,11128.615442365543
2023-08-26 18:00:00,13221.0,13194.652297980974
2023-08-26 18:30:00,13496.0,13439.210151128034
2023-08-26 19:00:00,13385.0,13334.894821440046
2023-08-26 20:00:00,13427.0,13303.342579952881
2023-08-26 21:00:00,13193.0,13148.030194069292
2023-08-26 22:00:00,13059.0,13099.947756571995
2023-08-26 23:00:00,12826.0,12750.662463756596
2023-08-27 00:00:00,12241.0,12242.37307642689
2023-08-27 01:00:00,11792.0,11844.572355057004
2023-08-27 02:00:00,11498.0,11491.86213503167
2023-08-27 03:00:00,11107.0,11154.845766023442
2023-08-27 04:00:00,10991.0,11053.542532504984
2023-08-27 05:00:00,10702.0,10738.377899650195
2023-08-27 06:00:00,10597.0,10660.912974672185
2023-08-27 07:00:00,10484.0,10525.686876892834
2023-08-27 08:00:00,10877.0,10954.723337673935
2023-08-27 09:00:00,11483.0,11509.58478502132
2023-08-27 10:00:00,11738.0,11743.892596066687
2023-08-27 11:00:00,12365.0,12326.340809704781
2023-08-27 12:00:00,12614.0,12534.676607301451
2023-08-27 13:00:00,12501.0,12464.769220861072
2023-08-27 14:00:00,12715.0,12658.108713742711
2023-08-27 15:00:00,12505.0,12451.593157617433
2023-08-27 16:00:00,12086.0,12026.084716710897
2023-08-27 17:00:00,11756.0,11734.481743033364
2023-08-27 18:00:00,14160.0,13586.354403086201
2023-08-27 18:30:00,14251.0,13769.281912609618
2023-08-27 19:00:00,14245.0,13887.439527809727
2023-08-27 20:00:00,13797.0,13621.048164563696
2023-08-27 21:00:00,14104.0,13851.827532333758
2023-08-27 22:00:00,13793.0,13588.619058754188
2023-08-27 23:00:00,13234.0,12963.319836355247
2023-08-28 00:00:00,12472.0,12137.399853032222
2023-08-28 01:00:00,12175.0,12109.908454174469
2023-08-28 02:00:00,12158.0,12244.891961520205
2023-08-28 03:00:00,11872.0,11934.129137324875
2023-08-28 04:00:00,11735.0,11775.59355944653
2023-08-28 05:00:00,11438.0,11497.970909153639
2023-08-28 06:00:00,11070.0,11027.622921625756
2023-08-28 07:00:00,11332.0,11368.054402597592
2023-08-28 08:00:00,11237.0,11133.408540361612
2023-08-28 09:00:00,11604.0,11633.049883156911
2023-08-28 10:00:00,11706.0,11463.486511609635
2023-08-28 11:00:00,11818.0,11610.276288375751
2023-08-28 12:00:00,12193.0,12028.407491597087
2023-08-28 13:00:00,12200.0,11813.858997761303
2023-08-28 14:00:00,12294.0,11933.98854630938
2023-08-28 15:00:00,12322.0,12227.827152316715
2023-08-28 16:00:00,12602.0,12665.096418997551
2023-08-28 17:00:00,12177.0,12123.652132436357
2023-08-28 18:00:00,13976.0,13320.499086671849
2023-08-28 18:30:00,14306.0,13735.928560253746
2023-08-28 19:00:00,14347.0,13790.627508225494
2023-08-28 20:00:00,14340.0,13725.14440783965
2023-08-28 21:00:00,14177.0,13652.56887201942
2023-08-28 22:00:00,13846.0,13171.09778840894
2023-08-28 23:00:00,13043.0,12453.945680040359
2023-08-29 00:00:00,12540.0,12389.405659853892
2023-08-29 01:00:00,12397.0,12052.39733931662
2023-08-29 02:00:00,12352.0,12046.3428757538
2023-08-29 03:00:00,12297.0,12052.068265979227
2023-08-29 04:00:00,12187.0,12151.559132210585
2023-08-29 05:00:00,11774.0,11868.495506386704
2023-08-29 06:00:00,11746.0,11831.172501934849
2023-08-29 07:00:00,11711.0,11745.462098230242
2023-08-29 08:00:00,12128.0,12108.584156908537
2023-08-29 09:00:00,12564.0,12619.687380989566
2023-08-29 10:00:00,13020.0,12913.058519713684
2023-08-29 11:00:00,13382.0,13238.82821334588
2023-08-29 12:00:00,13631.0,13611.219803975513
2023-08-29 13:00:00,13303.0,12985.104913185034
2023-08-29 14:00:00,13379.0,13541.268580425718
2023-08-29 15:00:00,13300.0,13134.279317816055
2023-08-29 16:00:00,12917.0,12854.471837052672
2023-08-29 17:00:00,12510.0,12556.581678695531
2023-08-29 18:00:00,14120.0,13160.0420615622
2023-08-29 18:30:00,14143.0,13239.574369431799
2023-08-29 19:00:00,14245.0,13381.104832314635
2023-08-29 20:00:00,14716.0,13946.534198649535
2023-08-29 21:00:00,14541.0,13820.429990503313
2023-08-29 22:00:00,13855.0,12742.238279890164
2023-08-29 23:00:00,13367.0,12537.643556318484
2023-08-30 00:00:00,12914.0,12303.928747785698
2023-08-30 01:00:00,12797.0,12447.385270866109
2023-08-30 02:00:00,12856.0,12469.240411609797
2023-08-30 03:00:00,12775.0,12333.194858448607
2023-08-30 04:00:00,12746.0,12620.860039905856
2023-08-30 05:00:00,12408.0,12338.151529857954
2023-08-30 06:00:00,12235.0,12212.665915196238
2023-08-30 07:00:00,12246.0,12232.024895321745
2023-08-30 08:00:00,12479.0,12463.978271447475
2023-08-30 09:00:00,12712.0,12559.06276251976
2023-08-30 10:00:00,13111.0,13035.385660007933
2023-08-30 11:00:00,13320.0,13206.853512479945
2023-08-30 12:00:00,13521.0,13630.722688267717
2023-08-30 13:00:00,13300.0,13136.476339363853
2023-08-30 14:00:00,13360.0,12738.667011996524
2023-08-30 15:00:00,13092.0,12782.631333017694
2023-08-30 16:00:00,12710.0,12678.269524450387
2023-08-30 17:00:00,12795.0,12827.835068025095
2023-08-30 18:00:00,14241.0,13022.48982474473
2023-08-30 18:30:00,14461.0,13706.538403009754
2023-08-30 19:00:00,14672.0,13757.695091028754
2023-08-30 20:00:00,14889.0,13787.593410766232
2023-08-30 21:00:00,14760.0,13295.55525754877
2023-08-30 22:00:00,14185.0,12721.893019229621
2023-08-30 23:00:00,13395.0,12278.139461822411
2023-08-31 00:00:00,12677.0,12184.074756574913
2023-08-31 01:00:00,12537.0,11776.85816679676
2023-08-31 02:00:00,12604.0,11921.046270046581
2023-08-31 03:00:00,12619.0,12243.46402527783
2023-08-31 04:00:00,12675.0,12188.857177769434
2023-08-31 05:00:00,12372.0,12301.860685501842
2023-08-31 06:00:00,12224.0,12209.904950459586
2023-08-31 07:00:00,12534.0,12477.59772853506
2023-08-31 08:00:00,12593.0,12497.047082034836
2023-08-31 09:00:00,12428.0,12270.879028715994
2023-08-31 10:00:00,13105.0,12689.195570942984
2023-08-31 11:00:00,13301.0,13042.364769992048
2023-08-31 12:00:00,13152.0,12938.283653094964
2023-08-31 13:00:00,12759.0,12292.874043940104
2023-08-31 14:00:00,12537.0,11994.497103387543
2023-08-31 15:00:00,12473.0,12062.32518543413
2023-08-31 16:00:00,12754.0,12445.484128439226
2023-08-31 17:00:00,12649.0,12611.978095272323
2023-08-31 18:00:00,14067.0,12833.288545339798
2023-08-31 18:30:00,14198.0,13156.79488474402
2023-08-31 19:00:00,14422.0,13358.960767374743
2023-08-31 20:00:00,14815.0,13424.791820278533
2023-08-31 21:00:00,14498.0,12960.422927935098
2023-08-31 22:00:00,14178.0,12771.053646956567
2023-08-31 23:00:00,13306.0,12273.676308703098
2023-09-01 00:00:00,12494.0,11970.184417870123
2023-09-01 01:00:00,12341.0,11707.373481952738
2023-09-01 02:00:00,12175.0,11652.540012808837
2023-09-01 03:00:00,12207.0,11704.496289716591
2023-09-01 04:00:00,11980.0,11572.730759285827
2023-09-01 05:00:00,11529.0,11315.802688095437
2023-09-01 06:00:00,11348.0,11174.673703607225
2023-09-01 07:00:00,11318.0,11180.452523624086
2023-09-01 08:00:00,11635.0,11587.030232490612
2023-09-01 09:00:00,11700.0,11761.486405139563
2023-09-01 10:00:00,11985.0,11997.944742726775
2023-09-01 11:00:00,12420.0,12408.08671064338
2023-09-01 12:00:00,12731.0,12746.44553024708
2023-09-01 13:00:00,11874.0,11934.255289327084
2023-09-01 14:00:00,12069.0,12059.003616929655
2023-09-01 15:00:00,11771.0,11790.108946454075
2023-09-01 16:00:00,11436.0,11473.58469061279
2023-09-01 17:00:00,11202.0,11232.726648108466
2023-09-01 18:00:00,13527.0,13525.739603408116
2023-09-01 18:30:00,13808.0,13769.860945122316
2023-09-01 19:00:00,14037.0,13807.239787802291
2023-09-01 20:00:00,14239.0,13876.406919422487
2023-09-01 21:00:00,14315.0,13771.58421917134
2023-09-01 22:00:00,13971.0,13308.969249004325
2023-09-01 23:00:00,12465.0,12194.444613788699
2023-09-02 00:00:00,12032.0,11584.63827651832
2023-09-02 01:00:00,12109.0,11643.073221684419
2023-09-02 02:00:00,12087.0,11752.065631728361
2023-09-02 03:00:00,12057.0,11756.762982272041
2023-09-02 04:00:00,12030.0,11664.668947664128
2023-09-02 05:00:00,11908.0,11850.53029811148
2023-09-02 06:00:00,11844.0,11943.499327487254
2023-09-02 07:00:00,11931.0,11971.543689281318
2023-09-02 08:00:00,11947.0,11964.057731706775
2023-09-02 09:00:00,12066.0,12067.887493843973
2023-09-02 10:00:00,12396.0,12324.449897154516
2023-09-02 11:00:00,12764.0,12674.064224733784
2023-09-02 12:00:00,13158.0,13199.693502269105
2023-09-02 13:00:00,13152.0,13132.10824699695
2023-09-02 14:00:00,13108.0,13130.127287493113
2023-09-02 15:00:00,13139.0,13053.717942983818
2023-09-02 16:00:00,12948.0,12867.91120918193
2023-09-02 17:00:00,12642.0,12616.198410220053
2023-09-02 18:00:00,14210.0,13403.669127542256
2023-09-02 18:30:00,14470.0,13674.751154785006
2023-09-02 19:00:00,14507.0,13674.66489616205
2023-09-02 20:00:00,14757.0,13852.607237774793
2023-09-02 21:00:00,14432.0,13402.026831706346
2023-09-02 22:00:00,14090.0,13098.84333499315
2023-09-03 00:00:00,12566.0,12078.618663438836
2023-09-03 01:00:00,12475.0,12207.557831127117
2023-09-03 02:00:00,11889.0,11900.55802019621
2023-09-03 03:00:00,10772.0,10602.883372410994
2023-09-03 04:00:00,10669.0,10723.380789299757
2023-09-03 05:00:00,10304.0,10354.130056984817
2023-09-03 06:00:00,10328.0,10320.673313825588
2023-09-03 07:00:00,10546.0,10602.979411066908
2023-09-03 08:00:00,11106.0,11009.94296616676
2023-09-03 09:00:00,12011.0,12027.280857964044
2023-09-03 10:00:00,12544.0,12416.768982561845
2023-09-03 11:00:00,13214.0,13074.341491027675
2023-09-03 12:00:00,13449.0,13213.788831746957
2023-09-03 13:00:00,13439.0,13652.533313799693
2023-09-03 14:00:00,13200.0,12973.8782133097
2023-09-03 15:00:00,12923.0,12652.877259954546
2023-09-03 16:00:00,12924.0,12863.69816779372
2023-09-03 17:00:00,12560.0,12649.991633462994
2023-09-03 18:00:00,13852.0,12684.255716194035
2023-09-03 18:30:00,13989.0,13137.285499770342
2023-09-03 19:00:00,14176.0,13235.588221129137
2023-09-03 20:00:00,14498.0,13551.392836616262
2023-09-03 21:00:00,14354.0,13141.392476635303
2023-09-03 22:00:00,14067.0,12772.437311685886
2023-09-03 23:00:00,13205.0,12270.296844613309
2023-09-03 23:00:00,13445.0,12830.005996333306
2023-09-04 00:00:00,12884.0,12399.0361521162
2023-09-04 01:00:00,12928.0,12464.155272780834
2023-09-04 02:00:00,12698.0,12333.565145080956
2023-09-04 03:00:00,12519.0,12350.552083942079
2023-09-04 04:00:00,12167.0,12189.767838779904
2023-09-04 05:00:00,11550.0,11731.615855298542
2023-09-04 06:00:00,11588.0,11578.540172905216
2023-09-04 07:00:00,11369.0,11257.517107493573
2023-09-04 08:00:00,11658.0,11656.505897741994
2023-09-04 09:00:00,12180.0,12132.608824631567
2023-09-04 10:00:00,12647.0,12638.561205353262
2023-09-04 11:00:00,13081.0,13088.893762016824
2023-09-04 12:00:00,13203.0,13105.872057513516
2023-09-04 13:00:00,13190.0,13209.540691820379
2023-09-04 14:00:00,12945.0,12597.247461285273
2023-09-04 15:00:00,12914.0,12703.737263112947
2023-09-04 16:00:00,12698.0,12747.760272564432
2023-09-04 17:00:00,12760.0,12825.931734433223
2023-09-04 18:00:00,14146.0,13471.281405072716
2023-09-04 18:30:00,14462.0,13290.440138664639
2023-09-04 19:00:00,14422.0,13276.456072645433
2023-09-04 20:00:00,14132.0,12922.504918330034
2023-09-04 21:00:00,14028.0,12842.410356745842
2023-09-04 22:00:00,13472.0,12633.436466348996
2023-09-04 23:00:00,12856.0,12334.963691455749
2023-09-05 00:00:00,12570.0,11897.542011396687
2023-09-05 01:00:00,12494.0,11840.671060047047
2023-09-05 02:00:00,12493.0,11915.442849431138
2023-09-05 03:00:00,12392.0,11799.469706675718
2023-09-05 04:00:00,12424.0,12049.780410961452
2023-09-05 05:00:00,12082.0,12073.94979768128
2023-09-05 06:00:00,12081.0,12025.489801879894
2023-09-05 07:00:00,12126.0,12098.45697096164
2023-09-05 08:00:00,12470.0,12323.506495544236
2023-09-05 09:00:00,12640.0,12393.440885971831
2023-09-05 10:00:00,13286.0,13020.854371311807
2023-09-05 11:00:00,13711.0,13749.839243566286
2023-09-05 12:00:00,13866.0,13670.389654835271
2023-09-05 13:00:00,13536.0,13173.375041820209
2023-09-05 14:00:00,13299.0,12634.682107885435
2023-09-05 15:00:00,12605.0,12488.94477367782
2023-09-05 16:00:00,12707.0,12538.445939475894
2023-09-05 17:00:00,12549.0,12524.863249536378
2023-09-05 18:00:00,14100.0,12734.846275767668
2023-09-05 18:30:00,14325.0,13183.622060436055
2023-09-05 19:00:00,14310.0,13272.26687231757
2023-09-05 20:00:00,14489.0,13141.64982718874
2023-09-05 21:00:00,14235.0,12973.171874506188
2023-09-05 22:00:00,13738.0,12625.410073624234
2023-09-05 23:00:00,12909.0,12267.76266763681
2023-09-06 00:00:00,12222.0,12138.27862223679
2023-09-06 01:00:00,12234.0,11678.649230372544
2023-09-06 02:00:00,12193.0,11674.673754166677
2023-09-06 03:00:00,12138.0,11655.833938446458
2023-09-06 04:00:00,11865.0,11594.921955325693
2023-09-06 05:00:00,11652.0,11394.081121594874
2023-09-06 06:00:00,11676.0,11592.1977043028
2023-09-06 07:00:00,11689.0,11620.130400432585
2023-09-06 08:00:00,11793.0,11665.971304966422
2023-09-06 09:00:00,11958.0,11760.020503084168
2023-09-06 10:00:00,12136.0,11923.081376869763
2023-09-06 11:00:00,12601.0,12234.358068038702
2023-09-06 12:00:00,12905.0,12669.897309824932
2023-09-06 13:00:00,12880.0,12397.635713690388
2023-09-06 14:00:00,12419.0,12109.800096219631
2023-09-06 15:00:00,12433.0,12042.15151789905
2023-09-06 16:00:00,12406.0,12275.253213045104
2023-09-06 17:00:00,12275.0,12276.452529219187
2023-09-06 18:00:00,13493.0,12694.8323208414
2023-09-06 18:30:00,13647.0,13138.083816566248
2023-09-06 19:00:00,13934.0,13113.814981575288
2023-09-06 20:00:00,14180.0,13511.865734215322
2023-09-06 21:00:00,14157.0,13284.650460580195
2023-09-06 22:00:00,13830.0,12864.53014275759
2023-09-06 23:00:00,12902.0,12202.510433861413
2023-09-07 00:00:00,12067.0,11999.105349068072
2023-09-07 01:00:00,11953.0,11558.68595892413
2023-09-07 02:00:00,11891.0,11540.587389274671
2023-09-07 03:00:00,11771.0,11539.334703587954
2023-09-07 04:00:00,11693.0,11450.11190713071
2023-09-07 05:00:00,11614.0,11431.193315329354
2023-09-07 06:00:00,11604.0,11558.643654886248
2023-09-07 07:00:00,11403.0,11522.557145546029
2023-09-07 08:00:00,11620.0,11609.45556373403
2023-09-07 09:00:00,11833.0,11690.546073594498
2023-09-07 10:00:00,12166.0,12268.773093600874
2023-09-07 11:00:00,12594.0,12351.08791120326
2023-09-07 12:00:00,12617.0,12350.795370869771
2023-09-07 13:00:00,12699.0,12142.118059459717
2023-09-07 14:00:00,12523.0,11909.162694350416
2023-09-07 15:00:00,12395.0,12012.423023524867
2023-09-07 16:00:00,12240.0,11863.198227760871
2023-09-07 17:00:00,12173.0,12121.676477288916
2023-09-07 18:00:00,13354.0,12735.74304721937
2023-09-07 18:30:00,13495.0,13021.428738907372
2023-09-07 19:00:00,13610.0,13027.23325246498
2023-09-07 20:00:00,14125.0,13451.260673854018
2023-09-07 21:00:00,13986.0,13164.402595276299
2023-09-07 22:00:00,13585.0,12838.432786825935
2023-09-07 23:00:00,12881.0,12444.953622485074
2023-09-08 00:00:00,12058.0,11654.878625069226
2023-09-08 01:00:00,12006.0,11621.325857600516
2023-09-08 02:00:00,11893.0,11616.29021844052
2023-09-08 03:00:00,11758.0,11458.859709111559
2023-09-08 04:00:00,11682.0,11478.411067068006
2023-09-08 05:00:00,11325.0,11191.902241706766
2023-09-08 06:00:00,10863.0,10862.816031869646
2023-09-08 07:00:00,10465.0,10523.680695333685
2023-09-08 08:00:00,10221.0,10332.300511515403
2023-09-08 09:00:00,10335.0,10389.764462016356
2023-09-08 10:00:00,10430.0,10492.763311476081
2023-09-08 11:00:00,10585.0,10619.231707194942
2023-09-08 12:00:00,11191.0,11159.27668627435
2023-09-08 13:00:00,10753.0,10810.105991876346
2023-09-08 14:00:00,10764.0,10819.606082732436
2023-09-08 15:00:00,10423.0,10462.854640849766
2023-09-08 16:00:00,10372.0,10408.232620368057
2023-09-08 17:00:00,10312.0,10341.108707762047
2023-09-08 18:00:00,12667.0,12493.888026290111
2023-09-08 18:30:00,13009.0,13002.023269896112
2023-09-08 19:00:00,12987.0,13028.575209315328
2023-09-08 20:00:00,13259.0,13367.656342851096
2023-09-08 21:00:00,13224.0,13270.150453614655
2023-09-08 22:00:00,12947.0,13068.531633990606
2023-09-08 23:00:00,12741.0,12613.346782985476
2023-09-09 00:00:00,12266.0,12378.17989980083
2023-09-09 01:00:00,11996.0,11943.979542889645
2023-09-09 02:00:00,11752.0,11813.326566928421
2023-09-09 03:00:00,11446.0,11446.188089489853
2023-09-09 04:00:00,11361.0,11361.968202276194
2023-09-09 05:00:00,11137.0,11162.91884600213
2023-09-09 06:00:00,10895.0,10927.58114893965
2023-09-09 07:00:00,10932.0,10946.011031004176
2023-09-09 08:00:00,11022.0,11117.9138262905
2023-09-09 09:00:00,11237.0,11231.51779158516
2023-09-09 10:00:00,11610.0,11686.435680046345
2023-09-09 11:00:00,12009.0,12015.885174396799
2023-09-09 12:00:00,12102.0,12072.405378125066
2023-09-09 13:00:00,12307.0,12273.74062224605
2023-09-09 14:00:00,12214.0,12223.749672393476
2023-09-09 15:00:00,12253.0,12353.325723627158
2023-09-09 16:00:00,12060.0,12123.925477552071
2023-09-09 17:00:00,12156.0,12214.652728893947
2023-09-09 18:00:00,14143.0,13065.893904084154
2023-09-09 18:30:00,14312.0,13530.447421092353
2023-09-09 19:00:00,14454.0,13649.471902273855
2023-09-09 20:00:00,14763.0,13851.891913907113
2023-09-09 21:00:00,14332.0,13086.214752999587
2023-09-09 22:00:00,13957.0,12820.658253954109
2023-09-09 23:00:00,13224.0,12431.073302422046
2023-09-10 00:00:00,12624.0,12354.147888251207
2023-09-10 01:00:00,12294.0,11837.550027273492
2023-09-10 02:00:00,12280.0,11974.03781402555
2023-09-10 03:00:00,12303.0,11927.84822701996
2023-09-10 04:00:00,12278.0,11904.152083455283
2023-09-10 05:00:00,11858.0,11855.32706677868
2023-09-10 06:00:00,11826.0,11827.993773717379
2023-09-10 07:00:00,11792.0,11884.75145781298
2023-09-10 08:00:00,12079.0,12108.666263335084
2023-09-10 09:00:00,12582.0,12585.083952430157
2023-09-10 10:00:00,12910.0,12943.300290112476
2023-09-10 11:00:00,12987.0,12809.420692036565
2023-09-10 13:00:00,13093.0,12838.915574500581
2023-09-10 14:00:00,13077.0,12830.542207725579
2023-09-10 15:00:00,13164.0,12963.338053318563
2023-09-10 16:00:00,12708.0,12617.939664434054
2023-09-10 17:00:00,12545.0,12450.170674618099
2023-09-10 18:00:00,14402.0,13154.26289714064
2023-09-10 18:30:00,14492.0,13200.65545829351
2023-09-10 19:00:00,14607.0,13316.4402339029
2023-09-10 20:00:00,14709.0,13300.844214263374
2023-09-10 21:00:00,14439.0,12936.641010339696
2023-09-10 22:00:00,14177.0,12873.150032382227
2023-09-10 23:00:00,13717.0,12562.840606753876
2023-09-11 00:00:00,13041.0,12302.060507349519
2023-09-11 01:00:00,12719.0,12297.908832489025
2023-09-11 02:00:00,12579.0,12106.229141222744
2023-09-11 03:00:00,12483.0,11987.5739563035
2023-09-11 04:00:00,12410.0,11833.908165222994
2023-09-11 05:00:00,12278.0,11968.950220943198
2023-09-11 06:00:00,11974.0,11918.76026576116
2023-09-11 07:00:00,12244.0,12242.698547825195
2023-09-11 08:00:00,12480.0,12460.670161583206
2023-09-11 09:00:00,12860.0,12708.365008199591
2023-09-11 10:00:00,13158.0,12968.074129240347
2023-09-11 11:00:00,13311.0,13174.991453776518
2023-09-11 12:00:00,13560.0,13488.799320836239
2023-09-11 13:00:00,13380.0,13192.456092699396
2023-09-11 14:00:00,13215.0,12977.877244624953
2023-09-11 15:00:00,12851.0,12653.490389157208
2023-09-11 16:00:00,12812.0,12589.155619928937
2023-09-11 17:00:00,12667.0,12614.0138634828
2023-09-11 18:00:00,14613.0,13331.373526338695
2023-09-11 18:30:00,14660.0,13648.73335750354
2023-09-11 19:00:00,14728.0,13691.974573434896
2023-09-11 20:00:00,14638.0,13565.76151450861
2023-09-11 21:00:00,14487.0,13310.360673436124
2023-09-11 22:00:00,14133.0,12841.617831658114
2023-09-11 23:00:00,13696.0,12640.615674545677
2023-09-12 00:00:00,13280.0,12592.836166090066
2023-09-12 01:00:00,13101.0,12703.057186870335
2023-09-12 02:00:00,12741.0,12383.818137616063
2023-09-12 03:00:00,12616.0,12394.695640677848
2023-09-12 04:00:00,12399.0,12186.202698795714
2023-09-12 05:00:00,12152.0,11859.995700816587
2023-09-12 06:00:00,11961.0,11940.225180455778
2023-09-12 07:00:00,11926.0,11844.086976047207
2023-09-12 08:00:00,11969.0,12017.60307357353
2023-09-12 09:00:00,12513.0,12523.334156598228
2023-09-12 10:00:00,12971.0,12783.101691818325
2023-09-12 11:00:00,13299.0,13154.4399905444
2023-09-12 12:00:00,13267.0,13112.08239841567
2023-09-12 13:00:00,12968.0,12750.486938744407
2023-09-12 14:00:00,13265.0,13234.257688480493
2023-09-12 15:00:00,12906.0,12810.539058854882
2023-09-12 16:00:00,12640.0,12508.55462465243
2023-09-12 17:00:00,12359.0,12534.41266553427
2023-09-12 18:00:00,14100.0,13090.054424384378
2023-09-12 18:30:00,14226.0,13607.830058272235
2023-09-12 19:00:00,14335.0,13635.936799165467
2023-09-12 20:00:00,14441.0,13818.291873781904
2023-09-12 21:00:00,14428.0,13741.81454814083
2023-09-12 22:00:00,14003.0,12827.844752525905
2023-09-12 23:00:00,13672.0,12724.877960918391
2023-09-13 00:00:00,12867.0,12463.882743420274
2023-09-13 01:00:00,12604.0,12297.525227135839
2023-09-13 02:00:00,12352.0,12044.02521918594
2023-09-13 03:00:00,12216.0,12006.942737510917
2023-09-13 04:00:00,12047.0,12111.991840883074
2023-09-13 05:00:00,11513.0,11623.029052980835
2023-09-13 06:00:00,11253.0,11209.964826122397
2023-09-13 07:00:00,11271.0,11204.927887482765
2023-09-13 08:00:00,11393.0,11593.761001904288
2023-09-13 09:00:00,11939.0,11868.874385495725
2023-09-13 10:00:00,12451.0,12425.95895562182
2023-09-13 11:00:00,12668.0,12632.595010053825
2023-09-13 12:00:00,12893.0,12907.243267763903
2023-09-13 13:00:00,12929.0,12853.208164203443
2023-09-13 14:00:00,13028.0,12900.655581519104
2023-09-13 15:00:00,12848.0,12773.01236007503
2023-09-13 16:00:00,12314.0,12390.583366955167
2023-09-13 17:00:00,12058.0,12079.774075635552
2023-09-13 18:00:00,14379.0,13641.771435084069
2023-09-13 18:30:00,14528.0,13993.89396358806
2023-09-13 19:00:00,14504.0,13980.326553481023
2023-09-13 20:00:00,14531.0,13804.35824299162
2023-09-13 21:00:00,14337.0,13485.662122200654
2023-09-13 22:00:00,14042.0,13149.596998357509
2023-09-13 23:00:00,13618.0,13061.674186157186
2023-09-14 00:00:00,13232.0,12731.282605990924
2023-09-14 01:00:00,12885.0,12404.560860782662
2023-09-14 02:00:00,12615.0,12372.965348195188
2023-09-14 03:00:00,12357.0,12291.12122438988
2023-09-14 04:00:00,12002.0,12022.761455771173
2023-09-14 05:00:00,11694.0,11798.266571955266
2023-09-14 06:00:00,11592.0,11651.416373840895
2023-09-14 07:00:00,11461.0,11517.857531351967
2023-09-14 08:00:00,11643.0,11676.324219795735
2023-09-14 09:00:00,11852.0,11845.777211357372
2023-09-14 10:00:00,12347.0,12345.2612457422
2023-09-14 11:00:00,12610.0,12555.247080299185
2023-09-14 12:00:00,12960.0,12875.110715801708
2023-09-14 13:00:00,12732.0,12739.812618836315
2023-09-14 14:00:00,12743.0,12760.720996596197
2023-09-14 15:00:00,12629.0,12609.424524329366
2023-09-14 16:00:00,12213.0,12313.759119731587
2023-09-14 17:00:00,12042.0,12009.811092083804
2023-09-14 18:00:00,14107.0,13348.77520382696
2023-09-14 18:30:00,14040.0,13653.825920687314
2023-09-14 19:00:00,14157.0,13924.661196492172
2023-09-14 20:00:00,14055.0,13808.056750327834
2023-09-14 21:00:00,14072.0,13845.998848593204
2023-09-14 22:00:00,13929.0,13274.614558477517
2023-09-14 23:00:00,13578.0,12762.819178809094
2023-09-15 00:00:00,12997.0,12674.119664647518
2023-09-15 01:00:00,12786.0,12409.599190902854
2023-09-15 02:00:00,12526.0,12365.519335021925
2023-09-15 03:00:00,12280.0,12226.071379116245
2023-09-15 04:00:00,12008.0,12047.683811377488
2023-09-15 05:00:00,11480.0,11086.628028320984
2023-09-15 06:00:00,11017.0,10982.34661181872
2023-09-15 07:00:00,10795.0,10751.643966766678
2023-09-15 08:00:00,10711.0,10786.453794381989
2023-09-15 09:00:00,10663.0,10745.629743243875
2023-09-15 10:00:00,10927.0,10991.739458331547
2023-09-15 11:00:00,11455.0,11467.376240088497
2023-09-15 12:00:00,12112.0,12059.149687090496
2023-09-15 13:00:00,11825.0,11815.77160003713
2023-09-15 14:00:00,12026.0,12016.254388852096
2023-09-15 15:00:00,11530.0,11604.319403883701
2023-09-15 16:00:00,11253.0,11324.49017642421
2023-09-15 17:00:00,10950.0,11024.793254695864
2023-09-15 18:00:00,13478.0,13321.606929450068
2023-09-15 18:30:00,13732.0,13804.570053347994
2023-09-15 19:00:00,13740.0,13836.281323837633
2023-09-15 20:00:00,13926.0,13879.468947665993
2023-09-15 21:00:00,13974.0,13761.596281832934
2023-09-15 22:00:00,13909.0,13530.210619955935
2023-09-15 23:00:00,13575.0,13037.227059525278
2023-09-16 00:00:00,13011.0,12666.867413774838
2023-09-16 01:00:00,12700.0,12628.456689639592
2023-09-16 02:00:00,12511.0,12307.920535170964
2023-09-16 03:00:00,12214.0,12246.634884337818
2023-09-16 04:00:00,12071.0,12062.080295029818
2023-09-16 05:00:00,11548.0,11629.218869921973
2023-09-16 06:00:00,11647.0,11734.336170600296
2023-09-16 07:00:00,11583.0,11645.277737695284
2023-09-16 08:00:00,11566.0,11552.723749636922
2023-09-16 09:00:00,11651.0,11727.965975987416
2023-09-16 10:00:00,12002.0,11963.468669191316
2023-09-16 11:00:00,12605.0,12551.882515424346
2023-09-16 12:00:00,12759.0,12736.41590083004
2023-09-16 13:00:00,12892.0,12809.357219181014
2023-09-16 14:00:00,13023.0,12850.710452173937
2023-09-16 15:00:00,12869.0,12783.002357390822
2023-09-16 16:00:00,12674.0,12554.628855992129
2023-09-16 17:00:00,12614.0,12649.349341248977
2023-09-16 18:00:00,14434.0,13537.79639428255
2023-09-16 18:30:00,14659.0,13806.897841918262
2023-09-16 19:00:00,14720.0,13824.101733580004
2023-09-16 20:00:00,14938.0,13858.507412171479
2023-09-16 21:00:00,14761.0,13480.881263751655
2023-09-16 22:00:00,14326.0,12870.120629484076
2023-09-16 23:00:00,13364.0,12256.746087587242
2023-09-17 00:00:00,12875.0,12305.518244584864
2023-09-17 01:00:00,12850.0,11976.592157222312
2023-09-17 02:00:00,12671.0,11970.963830814586
2023-09-17 03:00:00,12693.0,12019.474075081298
2023-09-17 04:00:00,12662.0,11989.183425875484
2023-09-17 05:00:00,12394.0,12098.079740590301
2023-09-17 06:00:00,12370.0,12230.662221594388
2023-09-17 07:00:00,12330.0,12143.0654581921
2023-09-17 08:00:00,12619.0,12398.28899186506
2023-09-17 09:00:00,13019.0,12691.796673886622
2023-09-17 10:00:00,13495.0,13606.988984546995
2023-09-17 11:00:00,13849.0,13756.193290379651
2023-09-17 12:00:00,13740.0,13535.17380681833
2023-09-17 13:00:00,13020.0,12553.779615342433
2023-09-17 14:00:00,13044.0,12538.980489467109
2023-09-17 15:00:00,13012.0,12700.202083145943
2023-09-17 16:00:00,13019.0,12768.137410380574
2023-09-17 17:00:00,13068.0,13042.708355555305
2023-09-17 18:00:00,14277.0,13286.709075367631
2023-09-17 18:30:00,14214.0,13431.037936321723
2023-09-17 19:00:00,14269.0,13752.693896093038
2023-09-17 20:00:00,13181.0,12974.703671819467
2023-09-17 21:00:00,13149.0,13137.923291189069
2023-09-17 22:00:00,13499.0,13315.699174370562
2023-09-17 23:00:00,13522.0,13151.507301773776
2023-09-18 00:00:00,13022.0,12680.509518136829
2023-09-18 01:00:00,12819.0,12640.737414015466
2023-09-18 02:00:00,12456.0,12248.438520005195
2023-09-18 03:00:00,12239.0,12222.568482281285
2023-09-18 04:00:00,12192.0,12141.5322270824
2023-09-18 05:00:00,11788.0,11870.67699984486
2023-09-18 06:00:00,11531.0,11591.09445953005
2023-09-18 07:00:00,11514.0,11490.18221260265
2023-09-18 08:00:00,11790.0,11814.515163227947
2023-09-18 09:00:00,11999.0,11913.482824785426
2023-09-18 10:00:00,12676.0,12682.08189191173
2023-09-18 11:00:00,12998.0,12907.276012988568
2023-09-18 12:00:00,13078.0,12914.98266115819
2023-09-18 13:00:00,12902.0,12803.25577753628
2023-09-18 14:00:00,12851.0,12752.505096446745
2023-09-18 15:00:00,12814.0,12747.909369608027
2023-09-18 16:00:00,12521.0,12505.367918288617
2023-09-18 17:00:00,12491.0,12583.367659549072
2023-09-18 18:00:00,14275.0,13730.934430876578
2023-09-18 18:30:00,14465.0,14093.291346793807
2023-09-18 19:00:00,14309.0,13959.814365183107
2023-09-18 20:00:00,14121.0,13885.399481170112
2023-09-18 21:00:00,13986.0,13802.796052623018
2023-09-18 22:00:00,13701.0,13295.333633466025
2023-09-18 23:00:00,13154.0,13193.389797531032
2023-09-19 00:00:00,12685.0,12439.82772386745
2023-09-19 01:00:00,12402.0,12272.740056332881
2023-09-19 02:00:00,12118.0,12031.10044968266
2023-09-19 03:00:00,11872.0,11810.881580392406
2023-09-19 04:00:00,11659.0,11745.156309349435
2023-09-19 05:00:00,11164.0,11138.330647520137
2023-09-19 06:00:00,10905.0,10856.467105802321
2023-09-19 07:00:00,10881.0,10795.563962282291
2023-09-19 08:00:00,11027.0,10959.100385554004
2023-09-19 09:00:00,11450.0,11510.071273738828
2023-09-19 10:00:00,12100.0,12067.171155128517
2023-09-19 11:00:00,12559.0,12488.843573923035
2023-09-19 12:00:00,12516.0,12491.744984407456
2023-09-19 13:00:00,12314.0,12284.172164622418
2023-09-19 14:00:00,12301.0,12311.22168371416
2023-09-19 15:00:00,12169.0,12253.60248799478
2023-09-19 16:00:00,11651.0,11746.083287566817
2023-09-19 17:00:00,11997.0,12041.83385376411
2023-09-19 18:00:00,13249.0,13048.305444556825
2023-09-19 18:30:00,13345.0,13443.706720619897
2023-09-19 19:00:00,13694.0,13670.143445240723
2023-09-19 20:00:00,13622.0,13698.006008466851
2023-09-19 21:00:00,13348.0,13211.795849035709
2023-09-19 22:00:00,13140.0,13072.013498195096
2023-09-19 23:00:00,12717.0,12605.310983714964
2023-09-20 00:00:00,12391.0,12385.04627604526
2023-09-20 01:00:00,12132.0,12084.989551800716
2023-09-20 02:00:00,11724.0,11794.0828874247
2023-09-20 03:00:00,11478.0,11383.0226612646
2023-09-20 04:00:00,11335.0,11281.780089339738
2023-09-20 05:00:00,10902.0,10924.990456537138
2023-09-20 06:00:00,10712.0,10755.823380937014
2023-09-20 07:00:00,10628.0,10696.025991082119
2023-09-20 08:00:00,10804.0,10817.269821828526
2023-09-20 09:00:00,11119.0,11166.353319578238
2023-09-20 10:00:00,11585.0,11599.066351022218
2023-09-20 11:00:00,11865.0,11833.814890666423
2023-09-20 12:00:00,12148.0,12127.030964070416
2023-09-20 13:00:00,11660.0,11730.269656611625
2023-09-20 14:00:00,11363.0,11361.992245827123
2023-09-20 15:00:00,11187.0,11175.455213268422
2023-09-20 16:00:00,11226.0,11273.983463978213
2023-09-20 17:00:00,11927.0,11913.164539738144
2023-09-20 18:00:00,13204.0,13125.304165440575
2023-09-20 18:30:00,13140.0,13083.620591271841
2023-09-20 19:00:00,13070.0,13072.957471097316
2023-09-20 20:00:00,13015.0,12985.898378377193
2023-09-20 21:00:00,12872.0,12812.45971374379
2023-09-20 22:00:00,12696.0,12666.060508758514
2023-09-20 23:00:00,12515.0,12455.126946299348
2023-09-21 00:00:00,11990.0,12044.618057622958
2023-09-21 01:00:00,11641.0,11632.850398712677
2023-09-21 02:00:00,11296.0,11263.808988008652
2023-09-21 03:00:00,11239.0,11264.735267664966
2023-09-21 04:00:00,10988.0,11017.61736132234
2023-09-21 05:00:00,10653.0,10700.476129407656
2023-09-21 06:00:00,10455.0,10537.643074381394
2023-09-21 07:00:00,10526.0,10619.952613341442
2023-09-21 08:00:00,10984.0,10930.850501616404
2023-09-21 09:00:00,11249.0,11283.845964552931
2023-09-21 10:00:00,11429.0,11397.125126538549
2023-09-21 11:00:00,11696.0,11696.557572146128
2023-09-21 12:00:00,12010.0,11971.723668944904
2023-09-21 13:00:00,11556.0,11545.011086590945
2023-09-21 14:00:00,10700.0,10720.683063741892
2023-09-21 15:00:00,10745.0,10775.46376637526
2023-09-21 16:00:00,10724.0,10749.199619335704
2023-09-21 17:00:00,11415.0,11443.819542128504
2023-09-21 18:00:00,12833.0,12824.660754636781
2023-09-21 18:30:00,12861.0,12855.12740664497
2023-09-21 19:00:00,12834.0,12855.540818502906
2023-09-21 20:00:00,12698.0,12752.270753414994
2023-09-21 21:00:00,12504.0,12469.370945697512
2023-09-21 22:00:00,12230.0,12259.009317804985
2023-09-21 23:00:00,11961.0,12019.907893883967
2023-09-22 00:00:00,11682.0,11735.126715235278
2023-09-22 01:00:00,11356.0,11431.100502350604
2023-09-22 02:00:00,10970.0,11014.623774865257
2023-09-22 03:00:00,10810.0,10823.222105340712
2023-09-22 04:00:00,10601.0,10619.200515026756
2023-09-22 05:00:00,10083.0,10066.17696925996
2023-09-22 06:00:00,9838.0,9836.399104538272
2023-09-22 07:00:00,9824.0,9826.049466294142
2023-09-22 08:00:00,9737.0,9756.748626793382
2023-09-22 09:00:00,9725.0,9726.65161212424
2023-09-22 10:00:00,9790.0,9820.702630567543
2023-09-22 11:00:00,10398.0,10410.899934542533
2023-09-22 12:00:00,10872.0,10878.436430202724
2023-09-22 13:00:00,10084.0,10088.601833516299
2023-09-22 14:00:00,9905.0,9920.106731980943
2023-09-22 15:00:00,9471.0,9487.875243292478
2023-09-22 16:00:00,9397.0,9459.850472457778
2023-09-22 17:00:00,10250.0,10257.829504980564
2023-09-22 18:00:00,11917.0,11887.141139729216
2023-09-22 18:30:00,12037.0,12044.70887350987
2023-09-22 19:00:00,11962.0,12001.877206832638
2023-09-22 20:00:00,12183.0,12121.382486758128
2023-09-22 21:00:00,12234.0,12208.399247392954
2023-09-22 22:00:00,12095.0,12059.488110055794
2023-09-22 23:00:00,12059.0,12012.157450897434
2023-09-23 00:00:00,11689.0,11670.186371709839
2023-09-23 01:00:00,11257.0,11282.670116781032
2023-09-23 02:00:00,10923.0,10935.725154971797
2023-09-23 03:00:00,10616.0,10620.807292730384
2023-09-23 04:00:00,10519.0,10529.001884505924
2023-09-23 05:00:00,10164.0,10175.790175406573
2023-09-23 06:00:00,9974.0,9980.031508825887
2023-09-23 07:00:00,9950.0,9974.520208396236
2023-09-23 08:00:00,10123.0,10184.693481550343
2023-09-23 09:00:00,10478.0,10511.874988865018
2023-09-23 10:00:00,10699.0,10764.657564009753
2023-09-23 11:00:00,10686.0,10719.221164118753
2023-09-23 12:00:00,10809.0,10855.243289077258
2023-09-23 13:00:00,10681.0,10687.797253911065
2023-09-23 14:00:00,10767.0,10768.846676354851
2023-09-23 15:00:00,10603.0,10644.247632481158
2023-09-23 16:00:00,10664.0,10704.688253740836
2023-09-23 17:00:00,11451.0,11539.768191265486
2023-09-23 18:00:00,12926.0,12849.946270350902
2023-09-23 18:30:00,13201.0,13213.13447466723
2023-09-23 19:00:00,13178.0,13020.18914177317
2023-09-23 20:00:00,12973.0,12873.567415278996
2023-09-23 21:00:00,12802.0,12744.710871510368
2023-09-23 22:00:00,12561.0,12519.981185074155
2023-09-23 23:00:00,12335.0,12345.016465509008
2023-09-24 00:00:00,11948.0,11989.568420661733
2023-09-24 01:00:00,11652.0,11726.335768170291
2023-09-24 02:00:00,11279.0,11266.399067396134
2023-09-24 03:00:00,10992.0,11026.774097587346
2023-09-24 04:00:00,10733.0,10718.7066912321
2023-09-24 05:00:00,10410.0,10410.03359875017
2023-09-24 06:00:00,10278.0,10257.747172179917
2023-09-24 07:00:00,10508.0,10534.189742559658
2023-09-24 08:00:00,10910.0,10937.755556733135
2023-09-24 09:00:00,11285.0,11332.182923380358
2023-09-24 10:00:00,11568.0,11562.456356417317
2023-09-24 11:00:00,11824.0,11833.755421618951
2023-09-24 12:00:00,11971.0,12010.431105306989
2023-09-24 13:00:00,11596.0,11620.797364557226
2023-09-24 14:00:00,11384.0,11386.394553684613
2023-09-24 15:00:00,10938.0,10931.547234569261
2023-09-24 16:00:00,10771.0,10768.58541250528
2023-09-24 17:00:00,11406.0,11423.916332646537
2023-09-24 18:00:00,12780.0,12682.66513761563
2023-09-24 18:30:00,12724.0,12679.174946093568
2023-09-24 19:00:00,12852.0,12799.987098755337
2023-09-24 20:00:00,12622.0,12560.659608946042
2023-09-24 21:00:00,12605.0,12598.14437769821
2023-09-24 22:00:00,12214.0,12315.606862129744
2023-09-24 23:00:00,12088.0,12122.694415862727
2023-09-25 00:00:00,11789.0,11766.730630898799
2023-09-25 01:00:00,11471.0,11555.605073033905
2023-09-25 02:00:00,11105.0,11165.40637919971
2023-09-25 03:00:00,10888.0,10911.741128367114
2023-09-25 04:00:00,10797.0,10851.693254046633
2023-09-25 05:00:00,10389.0,10496.468809438396
2023-09-25 06:00:00,10439.0,10511.300528541466
2023-09-25 07:00:00,10568.0,10601.227572423364
2023-09-25 08:00:00,10946.0,10970.600626058007
2023-09-25 09:00:00,11476.0,11487.457324948642
2023-09-25 10:00:00,11829.0,11811.430146842715
2023-09-25 11:00:00,12262.0,12218.228563560917
2023-09-25 12:00:00,12415.0,12322.28254413252
2023-09-25 13:00:00,12202.0,12109.104222732354
2023-09-25 14:00:00,12425.0,12397.273641022106
2023-09-25 15:00:00,12254.0,12247.68506639361
2023-09-25 16:00:00,11937.0,11963.338119633527
2023-09-25 17:00:00,12470.0,12415.165307125322
2023-09-25 18:00:00,14022.0,13338.943256606297
2023-09-25 18:30:00,13760.0,13523.945013513645
2023-09-25 19:00:00,13758.0,13573.802364800744
2023-09-25 20:00:00,13667.0,13561.030976478869
2023-09-25 21:00:00,13430.0,13147.917005406955
2023-09-25 22:00:00,13187.0,12972.619181467042
2023-09-25 23:00:00,12911.0,12836.676546111252
2023-09-26 00:00:00,12563.0,12573.309215927831
2023-09-26 01:00:00,12047.0,12022.106221670832
2023-09-26 02:00:00,11880.0,11856.702129706848
2023-09-26 03:00:00,11521.0,11538.897540792108
2023-09-26 04:00:00,11342.0,11399.878824207579
2023-09-26 05:00:00,10892.0,10926.022470407728
2023-09-26 06:00:00,10877.0,10843.107185413088
2023-09-26 07:00:00,11016.0,10943.86114829779
2023-09-26 08:00:00,11311.0,11250.603765957734
2023-09-26 09:00:00,11794.0,11784.266243151182
2023-09-26 10:00:00,12131.0,12088.454376322368
2023-09-26 11:00:00,12429.0,12314.499726693768
2023-09-26 12:00:00,12754.0,12658.884302014063
2023-09-26 13:00:00,12604.0,12562.940603938425
2023-09-26 14:00:00,12949.0,12851.543949384703
2023-09-26 15:00:00,12899.0,12869.022085322576
2023-09-26 16:00:00,12464.0,12520.74801813655
2023-09-26 17:00:00,12637.0,12626.145253021361
2023-09-26 18:00:00,14260.0,13469.621167264924
2023-09-26 18:30:00,14484.0,13807.891345451126
2023-09-26 19:00:00,14632.0,13998.380882668695
2023-09-26 20:00:00,14536.0,13940.268540042589
2023-09-26 21:00:00,14406.0,13785.035213005389
2023-09-26 22:00:00,13830.0,13234.370658275537
2023-09-26 23:00:00,13752.0,13314.116153799365
2023-09-27 00:00:00,13364.0,13158.48694425065
2023-09-27 01:00:00,12900.0,12797.060706698103
2023-09-27 02:00:00,12526.0,12406.152515666507
2023-09-27 03:00:00,12355.0,12464.159359433379
2023-09-27 04:00:00,12105.0,12116.690436565163
2023-09-27 05:00:00,11616.0,11579.343124968074
2023-09-27 06:00:00,11405.0,11352.690439048363
2023-09-27 07:00:00,11451.0,11552.893166906546
2023-09-27 08:00:00,11860.0,11837.896686685614
2023-09-27 09:00:00,11943.0,12015.036163239158
2023-09-27 10:00:00,12247.0,12199.713338581407
2023-09-27 11:00:00,12661.0,12656.128039223826
2023-09-27 12:00:00,12745.0,12697.773472345687
2023-09-27 13:00:00,12856.0,12803.021562779053
2023-09-27 14:00:00,13028.0,12916.146679064621
2023-09-27 15:00:00,12935.0,12866.60522568531
2023-09-27 16:00:00,12498.0,12544.610865210334
2023-09-27 17:00:00,12996.0,12904.363687590738
2023-09-27 18:00:00,14524.0,13851.143232747485
2023-09-27 18:30:00,14583.0,13896.90272100528
2023-09-27 19:00:00,14693.0,13868.433062454837
2023-09-27 20:00:00,14601.0,13887.435459618526
2023-09-27 21:00:00,14431.0,13758.340678470437
2023-09-27 22:00:00,14195.0,13351.765186258619
2023-09-27 23:00:00,14114.0,13356.63067727387
2023-09-28 00:00:00,13728.0,12995.094823005466
2023-09-28 01:00:00,13185.0,13105.757018252332
2023-09-28 02:00:00,12888.0,12808.527345958819
2023-09-28 03:00:00,12644.0,12512.458403281538
2023-09-28 04:00:00,12416.0,12351.903738780924
2023-09-28 05:00:00,11923.0,11988.528270206072
2023-09-28 06:00:00,11401.0,11405.475221345201
2023-09-28 07:00:00,11348.0,11401.254673484342
2023-09-28 08:00:00,11214.0,11229.53502552405
2023-09-28 09:00:00,11493.0,11502.66772277132
2023-09-28 10:00:00,11730.0,11780.139677566069
2023-09-28 11:00:00,12235.0,12148.363604145148
2023-09-28 12:00:00,12774.0,12742.313686904517
2023-09-28 13:00:00,12805.0,12751.402866848484
2023-09-28 14:00:00,12996.0,12845.359661283435
2023-09-28 15:00:00,12835.0,12775.704668350123
2023-09-28 16:00:00,12338.0,12383.470941613863
2023-09-28 17:00:00,12913.0,12870.986649698152
2023-09-28 18:00:00,14352.0,13951.921847209607
2023-09-28 18:30:00,14347.0,13813.388753541152
2023-09-28 19:00:00,14450.0,14014.320937887604
2023-09-28 20:00:00,14539.0,13929.387174194133
2023-09-28 21:00:00,14361.0,13753.136511729559
2023-09-28 22:00:00,14078.0,13365.165651213963
2023-09-28 23:00:00,13764.0,13313.62165466422
2023-09-29 00:00:00,13529.0,13015.008391526473
2023-09-29 01:00:00,13248.0,13192.416440028648
2023-09-29 02:00:00,12997.0,12858.252597196335
2023-09-29 03:00:00,12719.0,12572.106772697427
2023-09-29 04:00:00,12504.0,12565.154758735402
2023-09-29 05:00:00,11651.0,11642.288392011187
2023-09-29 06:00:00,11211.0,11237.618879631753
2023-09-29 07:00:00,11153.0,11123.92589261083
2023-09-29 08:00:00,11006.0,10999.278913415013
2023-09-29 09:00:00,11009.0,10877.455368941995
2023-09-29 10:00:00,11266.0,11211.730401872812
2023-09-29 11:00:00,11852.0,11906.531846666217
2023-09-29 12:00:00,12224.0,12156.172807026744
2023-09-29 13:00:00,11769.0,11809.758979352166
2023-09-29 14:00:00,11940.0,11915.092154197695
2023-09-29 15:00:00,11305.0,11254.154300628094
2023-09-29 16:00:00,11064.0,11141.45041114732
2023-09-29 17:00:00,11899.0,11991.727075667051
2023-09-29 18:00:00,12884.0,12861.246099734763
2023-09-29 18:30:00,13071.0,13088.144431502895
2023-09-29 19:00:00,13402.0,13315.669656850469
2023-09-29 20:00:00,13336.0,13302.090831334193
2023-09-29 21:00:00,13442.0,13638.658357812177
2023-09-29 22:00:00,13308.0,13278.92826520539
2023-09-29 23:00:00,13128.0,12948.794762336722
2023-09-30 00:00:00,12630.0,12434.08020968173
2023-09-30 01:00:00,12238.0,12213.107924541633
2023-09-30 02:00:00,12214.0,12242.725605281928
2023-09-30 03:00:00,11898.0,11916.551554322505
2023-09-30 04:00:00,11304.0,11301.438947391758
2023-09-30 05:00:00,11137.0,11097.507012982069
2023-09-30 06:00:00,10728.0,10738.97989064598
2023-09-30 07:00:00,10305.0,10326.43350580249
2023-09-30 08:00:00,10304.0,10380.969368945847
2023-09-30 09:00:00,10311.0,10332.910558752155
2023-09-30 10:00:00,10867.0,10805.04084324505
2023-09-30 11:00:00,11277.0,11210.426167769177
2023-09-30 12:00:00,11659.0,11661.374593126686
2023-09-30 13:00:00,11585.0,11675.244889695357
2023-09-30 14:00:00,11818.0,11886.198155270367
2023-09-30 15:00:00,11680.0,11779.18198462342
2023-09-30 16:00:00,11500.0,11584.745609595166
2023-09-30 17:00:00,12635.0,12682.671126780533
2023-09-30 18:00:00,13677.0,13513.004763847142
2023-09-30 18:30:00,13577.0,13638.83044479388
2023-09-30 19:00:00,13735.0,13729.427449494513
2023-09-30 20:00:00,13476.0,13665.611873965707
2023-09-30 21:00:00,13402.0,13709.462867814125
2023-09-30 22:00:00,13224.0,13305.969806707737
2023-09-30 23:00:00,12932.0,12928.89451630564
2023-10-01 00:00:00,12650.0,12610.445316828043
2023-10-01 01:00:00,12324.0,12397.17105087792
2023-10-01 02:00:00,12042.0,12020.725134131895
2023-10-01 03:00:00,11854.0,11841.49090831479
2023-10-01 04:00:00,11555.0,11597.692034523046
2023-10-01 05:00:00,11248.0,11226.271426563442
2023-10-01 06:00:00,11079.0,11170.64650109305
2023-10-01 07:00:00,11065.0,11150.417125808433
2023-10-01 08:00:00,11288.0,11282.944469830312
2023-10-01 09:00:00,11708.0,11800.286164801935
2023-10-01 10:00:00,12000.0,11996.846707057051
2023-10-01 11:00:00,12530.0,12468.742357023453
2023-10-01 12:00:00,12636.0,12526.375203026986
2023-10-01 13:00:00,12622.0,12577.809431260304
2023-10-01 14:00:00,12689.0,12683.253079430982
2023-10-01 15:00:00,12261.0,12297.808976386339
2023-10-01 16:00:00,11895.0,11888.678776204324
2023-10-01 17:00:00,12699.0,12649.776923611618
2023-10-01 18:00:00,13998.0,13533.32832220257
2023-10-01 18:30:00,13983.0,13715.281125631569
2023-10-01 19:00:00,13949.0,13782.466201325758
2023-10-01 20:00:00,13934.0,13754.016289490419
2023-10-01 21:00:00,13721.0,13662.269198972639
2023-10-01 22:00:00,13407.0,13320.862907378947
2023-10-01 23:00:00,13097.0,13036.788007359413
2023-10-02 00:00:00,12655.0,12534.70691238397
2023-10-02 01:00:00,12292.0,12323.157785542266
2023-10-02 02:00:00,11990.0,11935.589201008908
2023-10-02 03:00:00,11792.0,11816.777998072856
2023-10-02 04:00:00,11640.0,11718.919743014018
2023-10-02 05:00:00,11135.0,11106.752840769072
2023-10-02 06:00:00,11072.0,11030.6815375522
2023-10-02 07:00:00,11016.0,10964.098855992874
2023-10-02 08:00:00,11091.0,10983.013359470662
2023-10-02 09:00:00,11355.0,11282.972765194283
2023-10-02 10:00:00,11902.0,11863.550731531346
2023-10-02 11:00:00,12293.0,12197.368365039556
2023-10-02 12:00:00,12009.0,12022.889359217581
2023-10-02 13:00:00,12464.0,12380.247412409235
2023-10-02 14:00:00,12632.0,12597.81945590655
2023-10-02 15:00:00,12364.0,12378.942952930438
2023-10-02 16:00:00,12061.0,12092.278820254594
2023-10-02 17:00:00,12904.0,12877.599165038038
2023-10-02 18:00:00,14022.0,13752.846091563053
2023-10-02 18:30:00,13900.0,13754.008347893843
2023-10-02 19:00:00,13941.0,13849.503407812837
2023-10-02 20:00:00,13925.0,13813.52142240861
2023-10-02 21:00:00,13511.0,13449.90617357118
2023-10-02 22:00:00,13373.0,13234.661544658513
2023-10-02 23:00:00,13056.0,12683.781064387767
2023-10-03 00:00:00,12345.0,12247.51892652241
2023-10-03 01:00:00,11962.0,12012.375913224805
2023-10-03 02:00:00,11600.0,11678.91289124756
2023-10-03 03:00:00,11322.0,11254.40053196545
2023-10-03 04:00:00,11179.0,11141.701889200329
2023-10-03 05:00:00,10896.0,10905.864897451636
2023-10-03 06:00:00,10805.0,10759.004368693375
2023-10-03 07:00:00,10668.0,10706.112091248211
2023-10-03 08:00:00,10922.0,10917.144354503063
2023-10-03 09:00:00,11371.0,11402.755923299985
2023-10-03 10:00:00,11779.0,11737.160838723838
2023-10-03 11:00:00,12023.0,11995.796312623721
2023-10-03 12:00:00,12015.0,12004.419060879201
2023-10-03 13:00:00,11596.0,11609.939483451075
2023-10-03 14:00:00,11616.0,11633.058466584049
2023-10-03 15:00:00,11233.0,11246.434384037282
2023-10-03 16:00:00,10983.0,10978.56883768045
2023-10-03 17:00:00,12265.0,12349.43521200994
2023-10-03 18:00:00,13294.0,13170.515597564321
2023-10-03 18:30:00,13043.0,13025.764796626476
2023-10-03 19:00:00,13013.0,13021.258409676015
2023-10-03 20:00:00,13005.0,12979.123718543446
2023-10-03 21:00:00,12742.0,12681.622487277324
2023-10-03 22:00:00,12292.0,12357.305817911447
2023-10-03 23:00:00,12155.0,12211.32031361672
2023-10-04 00:00:00,11908.0,11949.498421801998
2023-10-04 01:00:00,11373.0,11378.586182982903
2023-10-04 02:00:00,11159.0,11220.357853905467
2023-10-04 03:00:00,10937.0,11018.47679658175
2023-10-04 04:00:00,10542.0,10587.338792962197
2023-10-04 05:00:00,10267.0,10291.0286470465
2023-10-04 06:00:00,10027.0,10047.875586967253
2023-10-04 07:00:00,10071.0,10112.230745180343
2023-10-04 08:00:00,10439.0,10433.527537473045
2023-10-04 09:00:00,10587.0,12713.197536883968
2023-10-04 10:00:00,10689.0,10721.543416408053
2023-10-04 11:00:00,11245.0,11310.77156001396
2023-10-04 12:00:00,11214.0,11211.15013504378
2023-10-04 13:00:00,10686.0,10718.891413444977
2023-10-04 14:00:00,10715.0,10710.044835446844
2023-10-04 15:00:00,10559.0,10576.968430153891
2023-10-04 16:00:00,10609.0,10718.322459544243
2023-10-04 17:00:00,11725.0,11784.727389169702
2023-10-04 18:00:00,12561.0,12580.871643763616
2023-10-04 18:30:00,12417.0,12427.900977749441
2023-10-04 19:00:00,12379.0,12350.035637017612
2023-10-04 20:00:00,12077.0,12089.34680413198
2023-10-04 21:00:00,11899.0,11879.543117176618
2023-10-04 22:00:00,11551.0,11607.090199757218
2023-10-04 23:00:00,11276.0,11317.074550333238
2023-10-05 00:00:00,10855.0,10871.112890076423
2023-10-05 01:00:00,10386.0,10384.092010220014
2023-10-05 02:00:00,9932.0,9919.031493214321
2023-10-05 03:00:00,9667.0,9680.195819335524
2023-10-05 04:00:00,9372.0,9424.000009690677
2023-10-05 05:00:00,8825.0,8809.007655009418
2023-10-05 06:00:00,9188.0,9195.0305063531
2023-10-05 07:00:00,9614.0,9633.332559889364
2023-10-05 08:00:00,10070.0,10080.259462419479
2023-10-05 09:00:00,10438.0,10455.625431819044
2023-10-05 10:00:00,10602.0,10570.848717641913
2023-10-05 11:00:00,10985.0,10982.153098910958
2023-10-05 13:00:00,10836.0,10813.355226638445
2023-10-05 14:00:00,11037.0,11044.502132573793
2023-10-05 15:00:00,10618.0,10604.072454437435
2023-10-05 16:00:00,10478.0,10504.724809604602
2023-10-05 17:00:00,11298.0,11327.31038669026
2023-10-05 18:00:00,11300.0,11298.818955624134
2023-10-05 18:30:00,10976.0,11018.968675260357
2023-10-05 19:00:00,10954.0,10956.157444593504
2023-10-05 20:00:00,10795.0,10828.088952923139
2023-10-05 21:00:00,10446.0,10463.916066722542
2023-10-05 22:00:00,10236.0,10227.217830610924
2023-10-05 23:00:00,10234.0,10227.307789034121
2023-10-06 00:00:00,8008.0,8501.61085033565
2023-10-06 01:00:00,8981.0,9027.188676171285
2023-10-06 02:00:00,8947.0,8928.847332094203
2023-10-06 03:00:00,8873.0,8875.330779268435
2023-10-06 04:00:00,8769.0,8765.026539772169
2023-10-06 05:00:00,8614.0,8636.868613115079
2023-10-06 06:00:00,8295.0,8318.635454004541
2023-10-06 07:00:00,8238.0,8226.09498080394
2023-10-06 08:00:00,8281.0,8281.620621727863
2023-10-06 09:00:00,8368.0,8339.984537000595
2023-10-06 10:00:00,8693.0,8674.616739300058
2023-10-06 11:00:00,9326.0,9366.252399002118
2023-10-06 12:00:00,9911.0,9926.148727678958
2023-10-06 13:00:00,9539.0,9569.23995654324
2023-10-06 14:00:00,9362.0,9373.845359206798
2023-10-06 15:00:00,9068.0,9034.257037055973
2023-10-06 16:00:00,9057.0,9064.52249622899
2023-10-06 17:00:00,10117.0,10088.925577775753
2023-10-06 18:00:00,11189.0,11214.948534246083
2023-10-06 18:30:00,11326.0,11370.910639606096
2023-10-06 19:00:00,11316.0,11308.242754822813
2023-10-06 20:00:00,11396.0,11390.923425948202
2023-10-06 21:00:00,11306.0,11287.373560972346
2023-10-06 22:00:00,11235.0,11210.321049277276
2023-10-06 23:00:00,11175.0,11165.510549451785
2023-10-07 00:00:00,10563.0,10565.266853379006
2023-10-07 01:00:00,10302.0,10304.451646179887
2023-10-07 02:00:00,9963.0,9972.515173233869
2023-10-07 03:00:00,9728.0,9725.392998044772
2023-10-07 04:00:00,9330.0,9320.00460249284
2023-10-07 05:00:00,9296.0,9277.1674574981
2023-10-07 06:00:00,9215.0,9197.261573123971
2023-10-07 07:00:00,9703.0,9712.5578758419
2023-10-07 08:00:00,10120.0,10120.578683323001
2023-10-07 09:00:00,10319.0,10320.748036843162
2023-10-07 10:00:00,10336.0,10332.545782841175
2023-10-07 11:00:00,11030.0,11022.71697466048
2023-10-07 12:00:00,11528.0,11528.770488332619
2023-10-07 13:00:00,11303.0,11271.01492191159
2023-10-07 14:00:00,11675.0,11681.254695526091
2023-10-07 15:00:00,11334.0,11335.601997057309
2023-10-07 16:00:00,11130.0,11095.778678172843
2023-10-07 17:00:00,12147.0,12119.185027490228
2023-10-07 18:00:00,13458.0,13181.335604793052
2023-10-07 18:30:00,13206.0,13041.91763331781
2023-10-07 19:00:00,13183.0,13052.806564445464
2023-10-07 20:00:00,13098.0,13057.547138477845
2023-10-07 21:00:00,12918.0,12931.353806652187
2023-10-07 22:00:00,12466.0,12545.481233518612
2023-10-07 23:00:00,12268.0,12233.193192633344
2023-10-08 00:00:00,11892.0,11875.606630055316
2023-10-08 01:00:00,11499.0,11462.855026510662
2023-10-08 02:00:00,11143.0,11190.602762191224
2023-10-08 03:00:00,11014.0,11045.304715143824
2023-10-08 04:00:00,10746.0,10786.069674871516
2023-10-08 05:00:00,10514.0,10603.238300190857
2023-10-08 06:00:00,10344.0,10369.513101774572
2023-10-08 07:00:00,10368.0,10359.707829038394
2023-10-08 08:00:00,10718.0,10708.231522354838
2023-10-08 09:00:00,10996.0,11032.03595244905
2023-10-08 10:00:00,11427.0,11400.027886667587
2023-10-08 11:00:00,11991.0,11967.941623610093
2023-10-08 12:00:00,12031.0,11999.42657927532
2023-10-08 13:00:00,12065.0,12027.73721011944
2023-10-08 14:00:00,12088.0,12029.20898867074
2023-10-08 15:00:00,12150.0,12088.42989566375
2023-10-08 16:00:00,11798.0,11810.582790199378
2023-10-08 17:00:00,12779.0,12683.261836804493
2023-10-08 18:00:00,14021.0,13616.80097239162
2023-10-08 18:30:00,13841.0,13698.844572590546
2023-10-08 19:00:00,13875.0,13755.177089462595
2023-10-08 20:00:00,13608.0,13674.022299120721
2023-10-08 21:00:00,13489.0,13330.709153020458
2023-10-08 22:00:00,13023.0,13081.60741618137
2023-10-08 23:00:00,12761.0,12784.421187004218
2023-10-09 00:00:00,12358.0,12285.765606375391
2023-10-09 01:00:00,11925.0,11931.026058902147
2023-10-09 02:00:00,11507.0,11542.094157528687
2023-10-09 03:00:00,11140.0,11115.681119576906
2023-10-09 04:00:00,10976.0,10948.149154868457
2023-10-09 05:00:00,10774.0,10817.712724264462
2023-10-09 06:00:00,10564.0,10642.23314804794
2023-10-09 07:00:00,10654.0,10754.027204036653
2023-10-09 08:00:00,10813.0,10849.811908366371
2023-10-09 09:00:00,11123.0,11123.805785003191
2023-10-09 10:00:00,11445.0,11466.760952833863
2023-10-09 11:00:00,11911.0,11873.679932818826
2023-10-09 12:00:00,12239.0,12199.69952793786
2023-10-09 13:00:00,12171.0,12179.520712731904
2023-10-09 14:00:00,12330.0,12385.372548264088
2023-10-09 15:00:00,12055.0,12014.223056521443
2023-10-09 16:00:00,11913.0,11909.627749635156
2023-10-09 17:00:00,12967.0,12839.622625702454
2023-10-09 18:00:00,14220.0,13772.942764402413
2023-10-09 18:30:00,14191.0,13754.784555469878
2023-10-09 20:00:00,13876.0,13658.132398956026
2023-10-09 21:00:00,13852.0,13754.831068322736
2023-10-09 22:00:00,13389.0,13501.889302294976
2023-10-09 23:00:00,13151.0,13132.46318070431
2023-10-10 00:00:00,12719.0,12764.919530924673
2023-10-10 01:00:00,12148.0,12215.24774527221
2023-10-10 02:00:00,11930.0,11975.283158416732
2023-10-10 03:00:00,11518.0,11609.758400252927
2023-10-10 04:00:00,11347.0,11377.686993960207
2023-10-10 05:00:00,10945.0,11008.173336559727
2023-10-10 06:00:00,10751.0,10775.986548121953
2023-10-10 07:00:00,10886.0,10893.064264143011
2023-10-10 08:00:00,11033.0,11031.943160807139
2023-10-10 09:00:00,11130.0,11122.680807403663
2023-10-10 10:00:00,11708.0,11695.8451601016
2023-10-10 11:00:00,12224.0,12159.434504977698
2023-10-10 12:00:00,12437.0,12411.947979948229
2023-10-10 13:00:00,12242.0,12185.325866961852
2023-10-10 14:00:00,12333.0,12286.196729934234
2023-10-10 15:00:00,12140.0,12142.867514824868
2023-10-10 16:00:00,11920.0,11982.467073955655
2023-10-10 17:00:00,13103.0,13105.230515880861
2023-10-10 18:00:00,14017.0,13896.477855344494
2023-10-10 18:30:00,13972.0,13842.330299753567
2023-10-10 19:00:00,13781.0,13732.25642067498
2023-10-10 20:00:00,13601.0,13752.121045134963
2023-10-10 21:00:00,13456.0,13306.841084204245
2023-10-10 22:00:00,13135.0,12965.640232824548
2023-10-10 23:00:00,12949.0,12976.084871678275
2023-10-11 00:00:00,12378.0,12330.125248268661
2023-10-11 01:00:00,12029.0,11993.431062560321
2023-10-11 02:00:00,11746.0,11789.30130511334
2023-10-11 03:00:00,11468.0,12786.235991966392
2023-10-11 04:00:00,11226.0,11195.534967784597
2023-10-11 05:00:00,11013.0,10984.542606874225
2023-10-11 06:00:00,10786.0,10791.04900523401
2023-10-11 07:00:00,10773.0,10828.259898555165
2023-10-11 08:00:00,11071.0,11064.10180311519
2023-10-11 09:00:00,11170.0,11240.877229977461
2023-10-11 10:00:00,11813.0,11849.614788831537
2023-10-11 11:00:00,12238.0,12198.375361271588
2023-10-11 12:00:00,12383.0,12326.377801692215
2023-10-11 13:00:00,12309.0,12216.222515598552
2023-10-11 14:00:00,12296.0,12347.373866257112
2023-10-11 15:00:00,12160.0,12206.013293194777
2023-10-11 16:00:00,11989.0,12026.54486872125
2023-10-11 17:00:00,13096.0,13035.773039993092
2023-10-11 18:00:00,14130.0,13708.449840699173
2023-10-11 18:30:00,14294.0,13824.251763497818
2023-10-11 19:00:00,14356.0,13914.542097364401
2023-10-11 20:00:00,14158.0,13799.863827113122
2023-10-11 21:00:00,14001.0,13681.777013953093
2023-10-11 22:00:00,13586.0,13546.123359429324
2023-10-11 23:00:00,13129.0,12964.23842120804
2023-10-12 00:00:00,12559.0,12412.003089292584
2023-10-12 01:00:00,12149.0,12122.322703406995
2023-10-12 02:00:00,12053.0,12052.896130179384
2023-10-12 03:00:00,11820.0,11747.60563599161
2023-10-12 04:00:00,11512.0,11647.977651206349
2023-10-12 05:00:00,11303.0,11285.881983649691
2023-10-12 06:00:00,10918.0,10961.676838499276
2023-10-12 07:00:00,11101.0,11075.130726208154
2023-10-12 08:00:00,11231.0,11184.422407519642
2023-10-12 09:00:00,11410.0,11422.913604979723
2023-10-12 10:00:00,11881.0,11910.388616185035
2023-10-12 11:00:00,11976.0,12033.637458234829
2023-10-12 12:00:00,11971.0,11941.404478386892
2023-10-12 13:00:00,12247.0,12272.82538640262
2023-10-12 14:00:00,11883.0,11673.95446226514
2023-10-12 15:00:00,11680.0,11590.835307841513
2023-10-12 16:00:00,11633.0,11475.89110348797
2023-10-12 17:00:00,13064.0,12452.764227016476
2023-10-12 18:00:00,13944.0,13688.953285311809
2023-10-12 18:30:00,13824.0,13704.763153942129
2023-10-12 19:00:00,13861.0,13811.073778866765
2023-10-12 20:00:00,13809.0,13815.151155633452
2023-10-12 21:00:00,13535.0,13634.984572524647
2023-10-12 22:00:00,13078.0,12916.730235473406
2023-10-12 23:00:00,12731.0,12442.17904207175
2023-10-13 00:00:00,12256.0,12305.62892570241
2023-10-13 01:00:00,11833.0,11860.914379611993
2023-10-13 02:00:00,11528.0,11653.535705621964
2023-10-13 03:00:00,11242.0,11222.295851975381
2023-10-13 04:00:00,10881.0,10864.660668387563
2023-10-13 05:00:00,10458.0,10494.319070619302
2023-10-13 06:00:00,9956.0,10053.322659971349
2023-10-13 07:00:00,9727.0,9777.42823756612
2023-10-13 08:00:00,9613.0,9643.581590306243
2023-10-13 09:00:00,9676.0,9676.04878787357
2023-10-13 10:00:00,10162.0,10181.017928250472
2023-10-13 11:00:00,10593.0,10585.856498846902
2023-10-13 12:00:00,11108.0,11078.915201889697
2023-10-13 13:00:00,10794.0,10822.764984372956
2023-10-13 14:00:00,10998.0,11003.306347866466
2023-10-13 15:00:00,10488.0,10511.17903487769
2023-10-13 16:00:00,10194.0,10245.062015253015
2023-10-13 17:00:00,11537.0,11572.83375349627
2023-10-13 18:00:00,12617.0,12595.267065966611
2023-10-13 18:30:00,12697.0,12836.55493370118
2023-10-13 19:00:00,12852.0,12907.146310654323
2023-10-13 20:00:00,12712.0,12716.225053931998
2023-10-13 21:00:00,12581.0,12589.866379597383
2023-10-13 22:00:00,12388.0,12417.360913593257
2023-10-13 23:00:00,12199.0,12239.730057516264
2023-10-14 00:00:00,11830.0,11898.174242543251
2023-10-14 01:00:00,11494.0,11603.275754667153
2023-10-14 02:00:00,11008.0,11060.494305467935
2023-10-14 03:00:00,10811.0,10824.612854648025
2023-10-14 04:00:00,10393.0,10456.484874761532
2023-10-14 05:00:00,10073.0,10110.914646181704
2023-10-14 06:00:00,10012.0,10015.50515529106
2023-10-14 07:00:00,9972.0,9980.562991862731
2023-10-14 08:00:00,10166.0,10179.37901083356
2023-10-14 09:00:00,10237.0,10277.78189232024
2023-10-14 10:00:00,10790.0,10758.460042649074
2023-10-14 11:00:00,11230.0,11245.501875200904
2023-10-14 12:00:00,11427.0,11433.507081166148
2023-10-14 13:00:00,11322.0,11350.497423264285
2023-10-14 14:00:00,11480.0,11397.704454049846
2023-10-14 15:00:00,11361.0,11443.678873361863
2023-10-14 16:00:00,11177.0,11224.104535166876
2023-10-14 17:00:00,12691.0,12728.878795682956
2023-10-14 18:00:00,13639.0,13568.782998012704
2023-10-14 18:30:00,13395.0,13323.123712012883
2023-10-14 19:00:00,13622.0,13835.772414914989
2023-10-14 20:00:00,13397.0,13311.993030961918
2023-10-14 21:00:00,13335.0,8579.311123881658
2023-10-14 22:00:00,12969.0,12821.62918692058
2023-10-14 23:00:00,12595.0,12571.739125042934
2023-10-15 00:00:00,11820.0,11884.471109037213
2023-10-15 01:00:00,11580.0,11607.794421469865
2023-10-15 02:00:00,11037.0,11028.535523306156
2023-10-15 03:00:00,11039.0,11003.787440605376
2023-10-15 04:00:00,10844.0,10856.728651323132
2023-10-15 05:00:00,10321.0,10384.491517154564
2023-10-15 06:00:00,10385.0,10455.904192732532
2023-10-15 07:00:00,10350.0,10343.966082198176
2023-10-15 08:00:00,10735.0,10777.721168115006
2023-10-15 09:00:00,11168.0,11222.232574951497
2023-10-15 10:00:00,11530.0,11533.581446610178
2023-10-15 11:00:00,11898.0,11926.751160573616
2023-10-15 12:00:00,11989.0,12028.940433947999
2023-10-15 13:00:00,11918.0,11964.929883268358
2023-10-15 14:00:00,11952.0,12043.82522394548
2023-10-15 15:00:00,11788.0,11851.906223748698
2023-10-15 16:00:00,11694.0,11744.641297148743
2023-10-15 17:00:00,13116.0,13009.331689145642
2023-10-15 18:00:00,13814.0,13822.51048349498
2023-10-15 18:30:00,13826.0,13832.14157835323
2023-10-15 19:00:00,13765.0,13703.036136046878
2023-10-15 20:00:00,13436.0,13254.700761880214
2023-10-15 21:00:00,13278.0,13305.807050343528
2023-10-15 22:00:00,12847.0,12860.777799806188
2023-10-15 23:00:00,12339.0,12470.257385741397
2023-10-16 00:00:00,11666.0,11800.195471477846
2023-10-16 01:00:00,11444.0,11512.527156721422
2023-10-16 02:00:00,11126.0,11105.602517637164
2023-10-16 03:00:00,10822.0,10810.394839897792
2023-10-16 04:00:00,10509.0,10529.354479586837
2023-10-16 05:00:00,10163.0,10239.4910367569
2023-10-16 06:00:00,10223.0,10293.71514995427
2023-10-16 07:00:00,10233.0,10274.111105956552
2023-10-16 08:00:00,10446.0,10440.213135706452
2023-10-16 09:00:00,10809.0,10785.833965768288
2023-10-16 10:00:00,11271.0,11283.49478796945
2023-10-16 11:00:00,11862.0,11831.797640479143
2023-10-16 12:00:00,12029.0,12040.457584962793
2023-10-16 13:00:00,11857.0,11859.148580556255
2023-10-16 14:00:00,11902.0,11900.147233906893
2023-10-16 15:00:00,11650.0,11681.97045087316
2023-10-16 16:00:00,11614.0,11596.52256852861
2023-10-16 17:00:00,12398.0,12406.174012941443
2023-10-16 18:00:00,13426.0,13224.48652943322
2023-10-16 18:30:00,13742.0,13800.34140291508
2023-10-16 19:00:00,14109.0,13901.893629340051
2023-10-16 19:00:00,13664.0,13592.042463817994
2023-10-16 20:00:00,13391.0,13279.716854560664
2023-10-16 21:00:00,13224.0,12998.370179529064
2023-10-16 22:00:00,12840.0,12821.338009728242
2023-10-16 23:00:00,12236.0,12226.721578726392
2023-10-17 00:00:00,11887.0,11926.549423459788
2023-10-17 01:00:00,11377.0,11364.089634406948
2023-10-17 02:00:00,11153.0,11143.918079856887
2023-10-17 03:00:00,10726.0,10798.743091563552
2023-10-17 04:00:00,10466.0,10546.857442013394
2023-10-17 05:00:00,10151.0,10226.208927619193
2023-10-17 06:00:00,10163.0,10201.593167860952
2023-10-17 07:00:00,10245.0,10255.700965053922
2023-10-17 08:00:00,10517.0,10521.358153855203
2023-10-17 09:00:00,10754.0,10802.259483769896
2023-10-17 10:00:00,11407.0,11418.954526180965
2023-10-17 11:00:00,11754.0,11730.19702808253
2023-10-17 12:00:00,11880.0,11916.878524547614
2023-10-17 13:00:00,11956.0,12018.268133433612
2023-10-17 14:00:00,11355.0,11461.817519402526
2023-10-17 15:00:00,11289.0,11318.058503304941
2023-10-17 16:00:00,11257.0,11231.512555168294
2023-10-17 17:00:00,12610.0,12425.397583260892
2023-10-17 18:00:00,13712.0,13586.463837380596
2023-10-17 18:30:00,13832.0,13795.17530950323
2023-10-17 19:00:00,13585.0,13619.752967101922
2023-10-17 20:00:00,13446.0,13311.663576254181
2023-10-17 21:00:00,13299.0,13296.60564658079
2023-10-17 22:00:00,12785.0,12688.303493506712
2023-10-17 23:00:00,12373.0,12374.824280062598
2023-10-18 00:00:00,11902.0,11918.21624906923
2023-10-18 01:00:00,11422.0,11434.098654795553
2023-10-18 02:00:00,11013.0,10994.313083813831
2023-10-18 03:00:00,10670.0,10735.977225084664
2023-10-18 04:00:00,10493.0,10577.228963823223
2023-10-18 05:00:00,10120.0,10210.476660599872
2023-10-18 06:00:00,10222.0,10229.563389922947
2023-10-18 07:00:00,10512.0,10505.460813470654
2023-10-18 08:00:00,10638.0,10683.99692646005
2023-10-18 09:00:00,11040.0,11058.81037266794
2023-10-18 10:00:00,11485.0,11474.586005965746
2023-10-18 11:00:00,11833.0,11817.607100620335
2023-10-18 12:00:00,12043.0,12048.127287719433
2023-10-18 13:00:00,11495.0,11462.598071961751
2023-10-18 14:00:00,11749.0,11767.581968193017
2023-10-18 15:00:00,11467.0,11566.244893864521
2023-10-18 16:00:00,11665.0,11704.346874345883
2023-10-18 17:00:00,12904.0,12936.200315472055
2023-10-18 18:00:00,13049.0,13159.454866174163
2023-10-18 18:30:00,12916.0,12945.202942860657
2023-10-18 19:00:00,13313.0,13382.636662523315
2023-10-18 20:00:00,13225.0,13074.998374644534
2023-10-18 21:00:00,13102.0,13061.46834830589
2023-10-18 22:00:00,12823.0,12851.090340036084
2023-10-18 23:00:00,11980.0,12091.617263574612
2023-10-19 00:00:00,11555.0,11651.34785107482
2023-10-19 01:00:00,11147.0,11094.968459461734
2023-10-19 02:00:00,11007.0,11067.158673583006
2023-10-19 03:00:00,10533.0,10541.3120848688
2023-10-19 04:00:00,10339.0,10365.171380395197
2023-10-19 05:00:00,9946.0,9939.825325741818
2023-10-19 06:00:00,10150.0,10167.809313448128
2023-10-19 07:00:00,10156.0,10146.625249763953
2023-10-19 08:00:00,10435.0,10451.703939368359
2023-10-19 09:00:00,10861.0,10834.692154648556
2023-10-19 10:00:00,11036.0,11026.43279005775
2023-10-19 11:00:00,11503.0,11468.860657398542
2023-10-19 12:00:00,11902.0,11932.540143762944
2023-10-19 13:00:00,11923.0,12002.625558383925
2023-10-19 14:00:00,11955.0,11963.043947552838
2023-10-19 15:00:00,11531.0,11580.64679455219
2023-10-19 16:00:00,11568.0,11653.530783833432
2023-10-19 17:00:00,12563.0,12534.44069204906
2023-10-19 18:00:00,13247.0,12969.281644970572
2023-10-19 18:30:00,13351.0,13340.282961913501
2023-10-19 19:00:00,13265.0,13257.428886796319
2023-10-19 20:00:00,12717.0,12725.565866581288
2023-10-19 21:00:00,12476.0,12428.245076589721
2023-10-19 22:00:00,11994.0,11974.365934834044
2023-10-19 23:00:00,11654.0,11663.7829715619
2023-10-20 00:00:00,11133.0,11195.627078783164
2023-10-20 01:00:00,11028.0,11075.69405992229
2023-10-20 02:00:00,10642.0,10666.328556998633
2023-10-20 03:00:00,10250.0,10255.646669666998
2023-10-20 04:00:00,9808.0,9805.826852833354
2023-10-20 05:00:00,9427.0,9446.315342875054
2023-10-20 06:00:00,9025.0,9069.959306680077
2023-10-20 07:00:00,9045.0,9023.955776024724
2023-10-20 08:00:00,8998.0,9001.71436146921
2023-10-20 09:00:00,9278.0,9272.92626155987
2023-10-20 10:00:00,9499.0,9499.750293229188
2023-10-20 11:00:00,10165.0,10165.67932396434
2023-10-20 12:00:00,10725.0,10713.784217761216
2023-10-20 13:00:00,10296.0,10341.28887223035
2023-10-20 14:00:00,10268.0,10287.095648101083
2023-10-20 15:00:00,9926.0,9975.916135594865
2023-10-20 16:00:00,9543.0,9563.839774719592
2023-10-20 17:00:00,11174.0,11057.68907728828
2023-10-20 18:00:00,11630.0,11654.082239008085
2023-10-20 18:30:00,11432.0,11379.84086878914
2023-10-20 19:00:00,11316.0,11359.53768547338
2023-10-20 20:00:00,11493.0,11527.062403399003
2023-10-20 21:00:00,11315.0,11331.671884587604
2023-10-20 22:00:00,11021.0,10960.95788508074
2023-10-20 23:00:00,10878.0,10879.509835239369
2023-10-21 00:00:00,10141.0,10417.569635522836
2023-10-21 01:00:00,10041.0,10021.989411605648
2023-10-21 02:00:00,9735.0,9752.657867660766
2023-10-21 03:00:00,9409.0,9398.307592145999
2023-10-21 04:00:00,9212.0,9215.093933763666
2023-10-21 05:00:00,8974.0,8975.014478926436
2023-10-21 06:00:00,9121.0,9128.29315596583
2023-10-21 07:00:00,9478.0,9462.287663772828
2023-10-21 08:00:00,10085.0,10069.561587503356
2023-10-21 09:00:00,10301.0,10304.923490077495
2023-10-21 10:00:00,10785.0,10778.355722029435
2023-10-21 11:00:00,11390.0,11408.500258213944
2023-10-21 12:00:00,11591.0,11580.976135495572
2023-10-21 13:00:00,11616.0,11632.868310539543
2023-10-21 14:00:00,11636.0,11633.039737572652
2023-10-21 15:00:00,11494.0,11527.639472788907
2023-10-21 16:00:00,11161.0,11205.634966651825
2023-10-21 17:00:00,12433.0,12400.820067022656
2023-10-21 18:00:00,13108.0,13047.503429679531
2023-10-21 18:30:00,12901.0,12923.347289681331
2023-10-21 19:00:00,12630.0,12607.46257426585
2023-10-21 20:00:00,12497.0,12457.968027401796
2023-10-21 21:00:00,12039.0,11998.183696399297
2023-10-21 22:00:00,11699.0,11665.99762094219
2023-10-21 23:00:00,11738.0,11743.659325464863
2023-10-22 00:00:00,11176.0,11186.905145126286
2023-10-22 01:00:00,10800.0,10824.378679575339
2023-10-22 02:00:00,10428.0,10461.991324039927
2023-10-22 03:00:00,10036.0,10004.312736080567
2023-10-22 04:00:00,9719.0,9717.865919569225
2023-10-22 05:00:00,9499.0,9501.000309021294
2023-10-22 06:00:00,9610.0,9579.279357725532
2023-10-22 07:00:00,9974.0,10004.755684731874
2023-10-22 08:00:00,10433.0,10457.949948767468
2023-10-22 09:00:00,10874.0,10845.576508198114
2023-10-22 10:00:00,11215.0,11182.535604948436
2023-10-22 11:00:00,11420.0,11368.425793312892
2023-10-22 12:00:00,11459.0,11549.908352124503
2023-10-22 13:00:00,11391.0,11561.881262991066
2023-10-22 14:00:00,11374.0,11546.109725796667
2023-10-22 15:00:00,11239.0,11134.156113175824
2023-10-22 16:00:00,11133.0,10997.02067377608
2023-10-22 17:00:00,11700.0,11729.376505203565
2023-10-22 18:00:00,12491.0,12593.113766746003
2023-10-22 18:30:00,12771.0,12812.55872566061
2023-10-22 19:00:00,12918.0,12877.837924360212
2023-10-22 20:00:00,12461.0,12449.441479529673
2023-10-22 21:00:00,12250.0,12196.19124947213
2023-10-22 22:00:00,11919.0,11946.0565247314
2023-10-22 23:00:00,11655.0,11720.828575427435
2023-10-23 00:00:00,11222.0,11268.644434189699
2023-10-23 01:00:00,10933.0,10938.60794493018
2023-10-23 02:00:00,10614.0,10621.32236030294
2023-10-23 03:00:00,10275.0,10263.527662769206
2023-10-23 04:00:00,9993.0,9975.38654202069
2023-10-23 05:00:00,9754.0,9762.958513685106
2023-10-23 06:00:00,9886.0,9922.443617377963
2023-10-23 07:00:00,10311.0,10307.405144285032
2023-10-23 08:00:00,10615.0,10655.769290734386
2023-10-23 09:00:00,10999.0,11064.422857961872
2023-10-23 10:00:00,11197.0,11201.633714002608
2023-10-23 11:00:00,11359.0,11424.719456617315
2023-10-23 12:00:00,11421.0,11318.218012912615
2023-10-23 13:00:00,11048.0,11055.888374088807
2023-10-23 14:00:00,10881.0,10849.685266491524
2023-10-23 15:00:00,10436.0,10437.806221742721
2023-10-23 16:00:00,10571.0,10546.808232336305
2023-10-23 17:00:00,12144.0,12027.028931596136
2023-10-23 18:00:00,11978.0,11981.953956218464
2023-10-23 18:30:00,11903.0,11895.463608311666
2023-10-23 19:00:00,11828.0,11853.511343010687
2023-10-23 20:00:00,11484.0,11510.039722916923
2023-10-23 21:00:00,11221.0,11203.743900281585
2023-10-23 22:00:00,11097.0,11087.829619037999
2023-10-23 23:00:00,11085.0,11091.797075701254
2023-10-24 00:00:00,10798.0,10823.684543193871
2023-10-24 01:00:00,10331.0,10350.666411663704
2023-10-24 02:00:00,9971.0,9980.137885149521
2023-10-24 03:00:00,9759.0,9774.742653964584
2023-10-24 04:00:00,9370.0,9349.342389073743
2023-10-24 05:00:00,9178.0,9176.260507826653
2023-10-24 06:00:00,9157.0,9148.816052909102
2023-10-24 07:00:00,9316.0,9310.18216799827
2023-10-24 08:00:00,9321.0,9319.42449184064
2023-10-24 09:00:00,9389.0,9369.583803034511
2023-10-24 10:00:00,9784.0,9784.152747428549
2023-10-24 11:00:00,10238.0,10260.78327495885
2023-10-24 12:00:00,10512.0,10478.69106370041
2023-10-24 13:00:00,10257.0,10256.657913254125
2023-10-24 14:00:00,10123.0,10104.545484764574
2023-10-24 15:00:00,9711.0,9732.07288160881
2023-10-24 16:00:00,9661.0,9673.737348031122
2023-10-24 17:00:00,11093.0,11120.491593731076
2023-10-24 18:00:00,11269.0,11311.458530688924
2023-10-24 18:30:00,10987.0,11010.999756402713
2023-10-24 19:00:00,10998.0,10962.952153392462
2023-10-24 20:00:00,10726.0,10712.916910256301
2023-10-24 21:00:00,10572.0,10548.295151825636
2023-10-24 22:00:00,10333.0,10338.106498227182
2023-10-24 23:00:00,9983.0,9968.106434376485
2023-10-25 00:00:00,9748.0,9753.099637930738
2023-10-25 01:00:00,9207.0,9239.033904308342
2023-10-25 02:00:00,9125.0,9124.067783138742
2023-10-25 03:00:00,8867.0,8875.86770165385
2023-10-25 04:00:00,8563.0,8565.697635399814
2023-10-25 05:00:00,8504.0,8499.612542009936
2023-10-25 06:00:00,8745.0,8777.295274519534
2023-10-25 07:00:00,9153.0,9167.23284753498
2023-10-25 08:00:00,9709.0,9687.397267299883
2023-10-25 09:00:00,10023.0,10018.21552635945
2023-10-25 10:00:00,10599.0,10572.813269605324
2023-10-25 11:00:00,10768.0,10784.381868240207
2023-10-25 12:00:00,11125.0,11152.88462705864
2023-10-25 13:00:00,11264.0,11311.634702191463
2023-10-25 14:00:00,11372.0,11434.38418724503
2023-10-25 15:00:00,11022.0,11064.693574472627
2023-10-25 16:00:00,10775.0,10801.630956058227
2023-10-25 17:00:00,12305.0,12220.087486119246
2023-10-25 18:00:00,12390.0,12303.285146319558
2023-10-25 18:30:00,12219.0,12178.266129481108
2023-10-25 19:00:00,12114.0,12087.202900584307
2023-10-25 20:00:00,11864.0,11794.900742904163
2023-10-25 21:00:00,11494.0,11503.570442185941
2023-10-25 22:00:00,11172.0,11147.598832997774
2023-10-25 23:00:00,10963.0,10988.828968095928
2023-10-26 00:00:00,10511.0,10509.174154716098
2023-10-26 01:00:00,10148.0,10161.59685144832
2023-10-26 02:00:00,9876.0,9873.140155133247
2023-10-26 03:00:00,9558.0,9551.876383720299
2023-10-26 04:00:00,9404.0,9382.154322663773
2023-10-26 05:00:00,9206.0,9199.037750718293
2023-10-26 06:00:00,9311.0,9312.467619921623
2023-10-26 07:00:00,9643.0,9689.374587381713
2023-10-26 08:00:00,10015.0,10062.14313749792
2023-10-26 09:00:00,10194.0,10225.420014809097
2023-10-26 10:00:00,10868.0,10874.733196175757
2023-10-26 11:00:00,11245.0,11262.249881803933
2023-10-26 12:00:00,11506.0,11506.863036310282
2023-10-26 13:00:00,11440.0,11418.61569690909
2023-10-26 14:00:00,11513.0,11519.442425136353
2023-10-26 15:00:00,11314.0,11305.814496507192
2023-10-26 16:00:00,11145.0,11146.28905306294
2023-10-26 17:00:00,12365.0,12353.717419766675
2023-10-26 18:00:00,12688.0,12651.238646762302
2023-10-26 18:30:00,12325.0,12319.21044280065
2023-10-26 19:00:00,12327.0,12268.953892129362
2023-10-26 20:00:00,11989.0,11984.38027892575
2023-10-26 21:00:00,11779.0,11802.981072663739
2023-10-26 22:00:00,11489.0,11526.69199251347
2023-10-26 23:00:00,11162.0,11162.696812225158
2023-10-27 00:00:00,10611.0,10636.716830959072
2023-10-27 01:00:00,10409.0,10414.865756220823
2023-10-27 02:00:00,10059.0,10051.22210881025
2023-10-27 03:00:00,9719.0,9717.480710261283
2023-10-27 04:00:00,9462.0,9465.39994931341
2023-10-27 05:00:00,9042.0,9032.943148187043
2023-10-27 06:00:00,9005.0,8982.985623264947
2023-10-27 07:00:00,8976.0,8962.02696732366
2023-10-27 08:00:00,9000.0,8982.200462897887
2023-10-27 09:00:00,9068.0,9030.996612814959
2023-10-27 10:00:00,9270.0,9281.584086019173
2023-10-27 11:00:00,9860.0,9812.119278152399
2023-10-27 12:00:00,10336.0,10336.573001281748
2023-10-27 13:00:00,9831.0,9844.323176063719
2023-10-27 14:00:00,9697.0,9709.182373135882
2023-10-27 15:00:00,9377.0,9416.092811453775
2023-10-27 16:00:00,9208.0,9239.18492027181
2023-10-27 17:00:00,10925.0,10909.379091675959
2023-10-27 18:00:00,10943.0,10979.546694534998
2023-10-27 18:30:00,10934.0,10984.495190034726
2023-10-27 19:00:00,10870.0,10876.818300552022
2023-10-27 20:00:00,10771.0,10768.312101275667
2023-10-27 21:00:00,10695.0,10715.022355597295
2023-10-27 22:00:00,10406.0,10395.78475472323
2023-10-27 23:00:00,10235.0,10233.394906958556
2023-10-28 00:00:00,9817.0,9789.853844121315
2023-10-28 01:00:00,9506.0,9525.35152174672
2023-10-28 02:00:00,9203.0,9201.40573544185
2023-10-28 03:00:00,8697.0,8713.476418723436
2023-10-28 04:00:00,8560.0,8571.29921722105
2023-10-28 05:00:00,8411.0,8431.664704972856
2023-10-28 06:00:00,8694.0,8653.204463802402
2023-10-28 07:00:00,8907.0,8926.140256837203
2023-10-28 08:00:00,9166.0,9158.78104939206
2023-10-28 09:00:00,9263.0,9256.281052396811
2023-10-28 10:00:00,9717.0,9701.410951599484
2023-10-28 11:00:00,10299.0,10298.002908656437
2023-10-28 12:00:00,10381.0,10407.69210806847
2023-10-28 13:00:00,10446.0,10457.606191743394
2023-10-28 14:00:00,10529.0,10522.776745578845
2023-10-28 15:00:00,10269.0,10267.564221482507
2023-10-28 16:00:00,10269.0,10225.29625659756
2023-10-28 17:00:00,11469.0,11432.26496614251
2023-10-28 18:00:00,11798.0,11803.150637940606
2023-10-28 18:30:00,11651.0,11705.839840350442
2023-10-28 19:00:00,11508.0,11536.209903389117
2023-10-28 20:00:00,11227.0,11233.676104919037
2023-10-28 21:00:00,10862.0,10883.096804128578
2023-10-28 22:00:00,10603.0,10608.895596070703
2023-10-28 23:00:00,10368.0,10375.515044646894
2023-10-29 00:00:00,9972.0,9962.031590846438
2023-10-29 01:00:00,9505.0,9515.081161996028
2023-10-29 02:00:00,9206.0,9210.277033328806
2023-10-29 03:00:00,8812.0,8807.687719142777
2023-10-29 04:00:00,8543.0,8573.74855064753
2023-10-29 05:00:00,8502.0,8498.821349859849
2023-10-29 06:00:00,8873.0,8902.30637062652
2023-10-29 07:00:00,9000.0,9036.04782400478
2023-10-29 08:00:00,9589.0,9595.64842705829
2023-10-29 09:00:00,9682.0,9659.82917595694
2023-10-29 10:00:00,10190.0,10228.63475608382
2023-10-29 11:00:00,10675.0,10652.20509633388
2023-10-29 12:00:00,10897.0,10936.857568630716
2023-10-29 13:00:00,10759.0,10796.242210462138
2023-10-29 14:00:00,10714.0,10732.376496335075
2023-10-29 15:00:00,10409.0,10418.728896425291
2023-10-29 16:00:00,10516.0,10476.581771222556
2023-10-29 17:00:00,11825.0,11783.098888521527
2023-10-29 18:00:00,11566.0,11566.527380073821
2023-10-29 18:30:00,11408.0,11426.15837392083
2023-10-29 19:00:00,11291.0,11293.949733784057
2023-10-29 20:00:00,11130.0,11112.976178610894
2023-10-29 21:00:00,10686.0,10741.91647047369
2023-10-29 22:00:00,10434.0,10468.316177414456
2023-10-29 23:00:00,10219.0,10206.014445524444
2023-10-30 00:00:00,9715.0,9703.509672355294
2023-10-30 01:00:00,9279.0,9283.459036507635
2023-10-30 02:00:00,8961.0,8958.91821378998
2023-10-30 03:00:00,8700.0,8691.810582278304
2023-10-30 04:00:00,8517.0,8526.313834579409
2023-10-30 05:00:00,8476.0,8495.86002977456
2023-10-30 06:00:00,8840.0,8846.575365550267
2023-10-30 07:00:00,9244.0,9260.470091766203
2023-10-30 08:00:00,9504.0,9507.25884830365
2023-10-30 09:00:00,9838.0,9866.019605076945
2023-10-30 10:00:00,10228.0,10231.589841192677
2023-10-30 11:00:00,10823.0,10773.35213953266
2023-10-30 12:00:00,11039.0,11068.505549876496
2023-10-30 13:00:00,10814.0,10798.638011692936
2023-10-30 14:00:00,10902.0,10878.123894916194
2023-10-30 15:00:00,10694.0,10706.258894325189
2023-10-30 16:00:00,10613.0,10604.698594729953
2023-10-30 17:00:00,11977.0,11917.399754378073
2023-10-30 18:00:00,11951.0,11897.631928858154
2023-10-30 18:30:00,11718.0,11683.350776671192
2023-10-30 19:00:00,11691.0,11670.151030957224
2023-10-30 20:00:00,11358.0,11337.134559758088
2023-10-30 21:00:00,10981.0,10978.284061865339
2023-10-30 22:00:00,10651.0,10657.541885798235
2023-10-30 23:00:00,10413.0,10438.187901780915
2023-10-31 00:00:00,9945.0,9906.761702863447
2023-10-31 01:00:00,9523.0,9518.974917766574
2023-10-31 02:00:00,9216.0,9206.710295651123
2023-10-31 03:00:00,8951.0,8934.79375166066
2023-10-31 04:00:00,8702.0,8697.408292015143
2023-10-31 05:00:00,8643.0,8661.85907476781
2023-10-31 06:00:00,9000.0,9020.824595910977
2023-10-31 07:00:00,9380.0,9385.723322514119
2023-10-31 08:00:00,9682.0,9667.226118437042
2023-10-31 09:00:00,10119.0,10136.584194958095
2023-10-31 10:00:00,10493.0,10497.303242533817
2023-10-31 11:00:00,11078.0,11092.51869691393
2023-10-31 12:00:00,11611.0,11628.253800425955
2023-10-31 13:00:00,11352.0,11319.878743417228
2023-10-31 14:00:00,11479.0,11444.768222483646
2023-10-31 15:00:00,11058.0,11037.498502451544
2023-10-31 16:00:00,10526.0,10493.447225339918
2023-10-31 17:00:00,11800.0,11732.03028967545
2023-10-31 18:00:00,12466.0,12470.606853600044
2023-10-31 18:30:00,12377.0,12315.17584903167
2023-10-31 19:00:00,12151.0,12083.01661802401
2023-10-31 20:00:00,11692.0,11715.92901577874
2023-10-31 21:00:00,11349.0,11337.134559758088
2023-10-31 22:00:00,10958.0,10954.741278407599
2023-10-31 23:00:00,10661.0,10672.351113468412
2023-11-01 00:00:00,10288.0,10318.838195069242
2023-11-01 01:00:00,9893.0,9882.984660436336
2023-11-01 02:00:00,9489.0,9495.725744493544
2023-11-01 03:00:00,9187.0,9177.840791468365
2023-11-01 04:00:00,9006.0,8994.240372482784
2023-11-01 05:00:00,8872.0,8877.121910575692
2023-11-01 06:00:00,9274.0,9281.202875376563
2023-11-01 07:00:00,9480.0,9475.314636779092
2023-11-01 08:00:00,9872.0,9911.191063696944
2023-11-01 09:00:00,10215.0,10222.341068647456
2023-11-01 10:00:00,10821.0,10788.581454737121
2023-11-01 11:00:00,10963.0,10987.041445429482
2023-11-01 12:00:00,11078.0,11109.778625656087
2023-11-01 13:00:00,11344.0,11352.623856067416
2023-11-01 14:00:00,11267.0,11160.88222924787
2023-11-01 16:00:00,11275.0,11264.282272632528
2023-11-01 17:00:00,12329.0,12267.937551463276
2023-11-01 18:00:00,12524.0,12459.363806943113
2023-11-01 18:30:00,12362.0,12267.730198477346
2023-11-01 19:00:00,12371.0,12267.162703210137
2023-11-01 20:00:00,12045.0,11973.837736654172
2023-11-01 21:00:00,11683.0,11660.71203314626
2023-11-01 22:00:00,11295.0,11282.13698659406
2023-11-01 23:00:00,11118.0,11111.647175822169
2023-11-02 00:00:00,10522.0,10531.508642335473
2023-11-02 01:00:00,10112.0,10132.009693028927
2023-11-02 02:00:00,9817.0,9810.73268318718
2023-11-02 03:00:00,9601.0,9576.289635501229
2023-11-02 04:00:00,9254.0,9249.636468612562
2023-11-02 05:00:00,9243.0,9242.15422520523
2023-11-02 06:00:00,9460.0,9465.343947962398
2023-11-02 07:00:00,9699.0,9716.79954925353
2023-11-02 08:00:00,9910.0,9941.908950372313
2023-11-02 09:00:00,10446.0,10445.962829356838
2023-11-02 10:00:00,10746.0,10746.988345804584
2023-11-02 11:00:00,11209.0,11228.361055490477
2023-11-02 12:00:00,11299.0,11202.875640154798
2023-11-02 13:00:00,11286.0,11150.453857795319
2023-11-02 14:00:00,11270.0,11059.772716655885
2023-11-02 15:00:00,11186.0,11159.105640130372
2023-11-02 16:00:00,11027.0,10999.485521705721
2023-11-02 17:00:00,12608.0,12440.369965267904
2023-11-02 18:00:00,12470.0,12459.841961596829
2023-11-02 18:30:00,12381.0,12314.174104770367
2023-11-02 19:00:00,12270.0,12192.096446956039
2023-11-02 20:00:00,11854.0,11872.35347889436
2023-11-02 21:00:00,11614.0,11685.37610868414
2023-11-02 22:00:00,11402.0,11423.036675805697
2023-11-02 23:00:00,11126.0,11159.159203262992
2023-11-03 00:00:00,10614.0,10613.822658574876
2023-11-03 01:00:00,10327.0,10358.764072829646
2023-11-03 02:00:00,9921.0,9921.377511904553
2023-11-03 03:00:00,9607.0,9637.769485207953
2023-11-03 04:00:00,9354.0,9344.656921202364
2023-11-03 05:00:00,9186.0,9186.093346617448
2023-11-03 06:00:00,9128.0,9125.814793034624
2023-11-03 07:00:00,9084.0,9083.03881902082
2023-11-03 08:00:00,8889.0,8884.402629046348
2023-11-03 09:00:00,9076.0,9043.6557049851
2023-11-03 10:00:00,9270.0,9271.843878383763
2023-11-03 11:00:00,9782.0,9772.114096899848
2023-11-03 12:00:00,10473.0,10447.073148851876
2023-11-03 13:00:00,9798.0,9779.051214259618
2023-11-03 14:00:00,9660.0,9667.960364024411
2023-11-03 15:00:00,9370.0,9392.169742202748
2023-11-03 16:00:00,9394.0,9382.578521092302
2023-11-03 17:00:00,11006.0,10974.614212145321
2023-11-03 18:00:00,10893.0,10937.298734476413
2023-11-03 18:30:00,10975.0,10955.08295158285
2023-11-03 19:00:00,11014.0,11023.207353388772
2023-11-03 20:00:00,10939.0,10944.223335086332
2023-11-03 21:00:00,10797.0,10798.870949417313
2023-11-03 22:00:00,10609.0,10603.905018433901
2023-11-03 23:00:00,10376.0,10369.454236855156
2023-11-04 00:00:00,9814.0,9794.510270903218
2023-11-04 01:00:00,9538.0,9575.996166257491
2023-11-04 02:00:00,9265.0,9273.160895592202
2023-11-04 03:00:00,8998.0,8986.871451334702
2023-11-04 04:00:00,8834.0,8842.697773561638
2023-11-04 05:00:00,8659.0,8675.834387912859
2023-11-04 06:00:00,9037.0,9053.974261503412
2023-11-04 07:00:00,9260.0,9243.352101362643
2023-11-04 08:00:00,9209.0,9207.573976155021
2023-11-04 09:00:00,9359.0,9348.780888156527
2023-11-04 10:00:00,9731.0,9768.545739454197
2023-11-04 11:00:00,10302.0,10303.588071466185
2023-11-04 12:00:00,10751.0,10760.042104451652
2023-11-04 13:00:00,10566.0,10577.242931879216
2023-11-04 14:00:00,10666.0,10719.911357660761
2023-11-04 15:00:00,10555.0,10602.168207085753
2023-11-04 16:00:00,10577.0,10566.736126346093
2023-11-04 17:00:00,12247.0,12132.714575153304
2023-11-04 18:00:00,12100.0,12091.50130150145
2023-11-04 18:30:00,12000.0,11944.171994353035
2023-11-04 19:00:00,11874.0,11818.602873420554
2023-11-04 20:00:00,11573.0,11563.20029550163
2023-11-04 21:00:00,11220.0,11208.236708345014
2023-11-04 22:00:00,10948.0,10926.134101885602
2023-11-04 23:00:00,10844.0,10822.758903895996
2023-11-05 00:00:00,10127.0,10103.502052661666
2023-11-05 01:00:00,9683.0,9671.644340208484
2023-11-05 02:00:00,9382.0,9404.669710119628
2023-11-05 03:00:00,9120.0,9134.786804600966
2023-11-05 04:00:00,9036.0,9030.436415072605
2023-11-05 05:00:00,8894.0,8911.18045999362
2023-11-05 06:00:00,9334.0,9330.082866047806
2023-11-05 07:00:00,9634.0,9653.140578541952
2023-11-05 08:00:00,9885.0,9898.477491749269
2023-11-05 09:00:00,10211.0,10232.754736784418
2023-11-05 10:00:00,10482.0,10507.969813568096
2023-11-05 11:00:00,10908.0,10931.03012110194
2023-11-05 12:00:00,10956.0,10951.290817833316
2023-11-05 13:00:00,10709.0,10742.972146598378
2023-11-05 14:00:00,10584.0,10558.405618134948
2023-11-05 15:00:00,10454.0,10428.790838873321
2023-11-05 16:00:00,10783.0,10787.569557917079
2023-11-05 17:00:00,12197.0,12025.448071255132
2023-11-05 18:00:00,11704.0,11714.625043624008
2023-11-05 18:30:00,11774.0,11770.946302749426
2023-11-05 19:00:00,11657.0,11683.904045702162
2023-11-05 20:00:00,11327.0,11335.552760380302
2023-11-05 21:00:00,10937.0,10912.140796506192
2023-11-05 22:00:00,10478.0,10504.90850056716
2023-11-05 23:00:00,10391.0,10414.490723356541
2023-11-06 00:00:00,9835.0,9827.888815224494
2023-11-06 01:00:00,9528.0,9557.669874484152
2023-11-06 02:00:00,9206.0,9201.139889376169
2023-11-06 03:00:00,8732.0,8736.506715906837
2023-11-06 04:00:00,8621.0,8629.258967191612
2023-11-06 05:00:00,8534.0,8554.723370604646
2023-11-06 06:00:00,8829.0,8811.223959994957
2023-11-06 07:00:00,9264.0,9287.177577543785
2023-11-06 08:00:00,9490.0,9496.111820702876
2023-11-06 09:00:00,9754.0,9776.099817711989
2023-11-06 10:00:00,9849.0,9835.840281670527
2023-11-06 11:00:00,10465.0,10456.080555055307
2023-11-06 12:00:00,10824.0,10883.740910667557
2023-11-06 13:00:00,10401.0,10465.358501394465
2023-11-06 14:00:00,10314.0,10332.788585033955
2023-11-06 15:00:00,10305.0,10318.446556235436
2023-11-06 16:00:00,10273.0,10311.899431133403
2023-11-06 17:00:00,11725.0,11703.978996656893
2023-11-06 18:00:00,11559.0,11601.245282366415
2023-11-06 18:30:00,11277.0,11295.180298825631
2023-11-06 19:00:00,11210.0,11199.772309343924
2023-11-06 20:00:00,10803.0,10809.122434875124
2023-11-06 21:00:00,10565.0,10562.960451067069
2023-11-06 22:00:00,10103.0,10105.421827209666
2023-11-06 23:00:00,9952.0,9978.946401460225
2023-11-07 00:00:00,9337.0,9400.347306265223
2023-11-07 01:00:00,8990.0,9003.910150508751
2023-11-07 02:00:00,8615.0,8577.69988662625
2023-11-07 03:00:00,8433.0,8455.69760275751
2023-11-07 04:00:00,8313.0,8283.497253342337
2023-11-07 05:00:00,8279.0,8261.090195262579
2023-11-07 06:00:00,8744.0,8717.147373970512
2023-11-07 07:00:00,8928.0,8954.933463790736
2023-11-07 08:00:00,9226.0,9206.456580520133
2023-11-07 09:00:00,9535.0,9544.90899886173
2023-11-07 10:00:00,9831.0,9837.693231205314
2023-11-07 11:00:00,10318.0,10343.676494204652
2023-11-07 12:00:00,10421.0,10414.33808283705
2023-11-07 13:00:00,10324.0,10327.262691743565
2023-11-07 14:00:00,10170.0,10251.411340575005
2023-11-07 15:00:00,9981.0,10004.155735549646
2023-11-07 16:00:00,10090.0,10112.048463079485
2023-11-07 17:00:00,11016.0,10938.563812257273
2023-11-07 18:00:00,11253.0,11270.791826972592
2023-11-07 18:30:00,11042.0,11086.536364650636
2023-11-07 19:00:00,10850.0,10843.422226469193
2023-11-07 20:00:00,10537.0,10545.272800052619
2023-11-07 21:00:00,10126.0,10116.005451517609
2023-11-07 22:00:00,9851.0,9847.008970488721
2023-11-07 23:00:00,9586.0,9598.331709110902
2023-11-08 00:00:00,8991.0,9013.364426626289
2023-11-08 01:00:00,8619.0,8578.947818251367
2023-11-08 02:00:00,8347.0,8361.896222710462
2023-11-08 03:00:00,8125.0,8127.49308973882
2023-11-08 04:00:00,7970.0,7968.254508604732
2023-11-08 05:00:00,8017.0,8010.047131606474
2023-11-08 06:00:00,8405.0,8422.969737495203
2023-11-08 07:00:00,8880.0,8857.518844425847
2023-11-08 08:00:00,9076.0,9051.488918834326
2023-11-08 09:00:00,9231.0,9236.341858707283
2023-11-08 10:00:00,9597.0,9581.113131069227
2023-11-08 11:00:00,9911.0,10080.715453391396
2023-11-08 12:00:00,10010.0,10147.239554203685
2023-11-08 13:00:00,10009.0,10011.089448196937
2023-11-08 14:00:00,10017.0,10049.519378495344
2023-11-08 15:00:00,9812.0,9802.940193046285
2023-11-08 16:00:00,9994.0,10011.878939259346
2023-11-08 17:00:00,11315.0,11308.524781821003
2023-11-08 18:00:00,11204.0,11243.401988317572
2023-11-08 18:30:00,10985.0,11013.200495273191
2023-11-08 19:00:00,10889.0,10866.79679338034
2023-11-08 20:00:00,10562.0,10539.024938482216
2023-11-08 21:00:00,10206.0,10203.289921716498
2023-11-08 22:00:00,9794.0,9789.629034338112
2023-11-08 23:00:00,9497.0,9514.4541552994
2023-11-09 00:00:00,8958.0,8981.995712383743
2023-11-09 01:00:00,8581.0,8561.082406456597
2023-11-09 02:00:00,8233.0,8232.862613829539
2023-11-09 03:00:00,8071.0,8065.049565510242
2023-11-09 04:00:00,7938.0,7948.540237781939
2023-11-09 05:00:00,8003.0,7979.34995957295
2023-11-09 06:00:00,8632.0,8632.43069162445
2023-11-09 07:00:00,8828.0,8837.270280083954
2023-11-09 08:00:00,9125.0,9118.964882905759
2023-11-09 09:00:00,9246.0,9269.962801331656
2023-11-09 10:00:00,9526.0,9511.023633699304
2023-11-09 11:00:00,10048.0,10093.643987311802
2023-11-09 12:00:00,10457.0,10448.448428648157
2023-11-09 13:00:00,10192.0,10219.5967305344
2023-11-09 14:00:00,10106.0,10096.744311104161
2023-11-09 15:00:00,9949.0,9933.212134344367
2023-11-09 16:00:00,10040.0,10019.087846332983
2023-11-09 17:00:00,11740.0,11722.248726096257
2023-11-09 18:00:00,10798.0,10786.014658827917
2023-11-09 18:30:00,10699.0,10751.970516048303
2023-11-09 19:00:00,10414.0,10400.856036313675
2023-11-09 20:00:00,10413.0,10373.308104623644
2023-11-09 21:00:00,9957.0,9965.01775857741
2023-11-09 22:00:00,9721.0,9728.405537119774
2023-11-09 23:00:00,9550.0,9547.905942587035
2023-11-10 00:00:00,8984.0,8992.207415860143
2023-11-10 01:00:00,8453.0,8427.971388940117
2023-11-10 02:00:00,8249.0,8218.100209762659
2023-11-10 03:00:00,8054.0,8044.4901118781745
2023-11-10 04:00:00,7805.0,7813.903676532065
2023-11-10 05:00:00,7748.0,7753.96575899555
2023-11-10 06:00:00,7848.0,7831.597731339288
2023-11-10 07:00:00,7970.0,7943.002269810294
2023-11-10 08:00:00,7737.0,7731.29809082224
2023-11-10 09:00:00,7817.0,7817.41553963854
2023-11-10 10:00:00,8062.0,8067.924413166854
2023-11-10 11:00:00,8705.0,8694.485325509946
2023-11-10 12:00:00,9316.0,9352.286578307458
2023-11-10 13:00:00,8532.0,8511.233574265298
2023-11-10 14:00:00,8152.0,8165.204781697225
2023-11-10 15:00:00,7886.0,7894.933749473918
2023-11-10 16:00:00,8032.0,7959.013296682991
2023-11-10 17:00:00,9411.0,9416.64504393281
2023-11-10 18:00:00,9498.0,9519.310294439701
2023-11-10 18:30:00,9556.0,9583.028702937761
2023-11-10 19:00:00,9480.0,9469.304549486085
2023-11-10 20:00:00,9386.0,9412.942670517978
2023-11-10 21:00:00,9182.0,9172.382261306957
2023-11-10 22:00:00,8861.0,8875.783180516633
2023-11-10 23:00:00,8752.0,8762.943113767422
2023-11-11 00:00:00,8377.0,8367.58001839528
2023-11-11 01:00:00,8006.0,7976.987309634757
2023-11-11 02:00:00,7647.0,7646.204629852166
2023-11-11 03:00:00,7377.0,7370.216563185216
2023-11-11 04:00:00,7369.0,7375.915354925846
2023-11-11 05:00:00,7493.0,7484.805587579437
2023-11-11 06:00:00,7976.0,7955.5841193845345
2023-11-11 07:00:00,8298.0,8297.331579726673
2023-11-11 08:00:00,8325.0,8294.319959346509
2023-11-11 09:00:00,8408.0,8441.095072099959
2023-11-11 10:00:00,8892.0,8884.34945178147
2023-11-11 11:00:00,9414.0,9451.113716107768
2023-11-11 12:00:00,9869.0,9864.030564532872
2023-11-11 13:00:00,9706.0,9709.396370632958
2023-11-11 14:00:00,9581.0,9591.092130487885
2023-11-11 15:00:00,9533.0,9541.326847148583
2023-11-11 16:00:00,9669.0,9655.911400623329
2023-11-11 17:00:00,11207.0,11213.479217339705
2023-11-11 18:00:00,11015.0,11074.059298846096
2023-11-11 18:30:00,10842.0,10859.2892251153
2023-11-11 19:00:00,10729.0,10716.238582633512
2023-11-11 20:00:00,10532.0,10552.018706828392
2023-11-11 21:00:00,9941.0,9932.68074671187
2023-11-11 22:00:00,9628.0,9638.590996193092
2023-11-11 23:00:00,9332.0,9316.787677613682
2023-11-12 00:00:00,8948.0,8950.501016612596
2023-11-12 01:00:00,8429.0,8429.697786601417
2023-11-12 02:00:00,8191.0,8188.684301664328
2023-11-12 03:00:00,7839.0,7848.057928331613
2023-11-12 04:00:00,7754.0,7772.150300335349
2023-11-12 05:00:00,7868.0,7863.163738267632
2023-11-12 06:00:00,8339.0,8357.30340880553
2023-11-12 07:00:00,8715.0,8706.686388929102
2023-11-12 08:00:00,9082.0,9118.995521248433
2023-11-12 09:00:00,9217.0,9252.379508255477
2023-11-12 10:00:00,9616.0,9641.084637358063
2023-11-12 11:00:00,10201.0,10212.013403021101
2023-11-12 12:00:00,10638.0,10643.81595389325
2023-11-12 13:00:00,10338.0,10369.109326753523
2023-11-12 14:00:00,10176.0,10140.398492049926
2023-11-12 15:00:00,10000.0,10003.117566656842
2023-11-12 16:00:00,10020.0,9995.216914295594
2023-11-12 17:00:00,11680.0,11647.415783398073
2023-11-12 18:00:00,11196.0,11249.345601246225
2023-11-12 18:30:00,10981.0,11010.679950785488
2023-11-12 19:00:00,10746.0,10757.933556308997
2023-11-12 20:00:00,10497.0,10519.903993450265
2023-11-12 21:00:00,10180.0,10186.718417511905
2023-11-12 22:00:00,9647.0,9627.102050792168
2023-11-12 23:00:00,9297.0,9273.936682054298
2023-11-13 00:00:00,8841.0,8826.830278062587
2023-11-13 01:00:00,8447.0,8437.174269459429
2023-11-13 02:00:00,8314.0,8282.041507777576
2023-11-13 03:00:00,7914.0,7912.995223622143
2023-11-13 04:00:00,7806.0,7802.915578181274
2023-11-13 05:00:00,7927.0,7914.956237480208
2023-11-13 06:00:00,8451.0,8442.403288452435
2023-11-13 07:00:00,8923.0,8906.75627351849
2023-11-13 08:00:00,8978.0,8967.674958696472
2023-11-13 09:00:00,9192.0,9182.096208160636
2023-11-13 10:00:00,9489.0,9494.311540161458
2023-11-13 11:00:00,10157.0,10167.288576232337
2023-11-13 12:00:00,10531.0,10542.91537981436
2023-11-13 13:00:00,10204.0,10219.20535890621
2023-11-13 14:00:00,10123.0,10117.666689715958
2023-11-13 15:00:00,9939.0,9943.643307726745
2023-11-13 16:00:00,10074.0,10075.510157720953
2023-11-13 17:00:00,11553.0,11489.230917302346
2023-11-13 18:00:00,11292.0,11306.104680640672
2023-11-13 18:30:00,11092.0,11123.092291415183
2023-11-13 19:00:00,11038.0,11044.294135143684
2023-11-13 20:00:00,10692.0,10687.714783641693
2023-11-13 21:00:00,10212.0,10223.415274461493
2023-11-13 22:00:00,9770.0,9759.34781143442
2023-11-13 23:00:00,9537.0,9531.11923178355
2023-11-14 00:00:00,8972.0,8967.468479256548
2023-11-14 01:00:00,8567.0,8543.309079660363
2023-11-14 02:00:00,8342.0,8339.95247036168
2023-11-14 03:00:00,8074.0,8073.381989488583
2023-11-14 04:00:00,7882.0,7894.056655550574
2023-11-14 05:00:00,8007.0,7977.860520837816
2023-11-14 06:00:00,8557.0,8555.805852625026
2023-11-14 07:00:00,9062.0,9046.163396458778
2023-11-14 08:00:00,9150.0,9155.658866654303
2023-11-14 09:00:00,9451.0,9432.512068902004
2023-11-14 10:00:00,9799.0,9834.659603491626
2023-11-14 11:00:00,10298.0,10317.308590058794
2023-11-14 12:00:00,10619.0,10661.309808346194
2023-11-14 13:00:00,10328.0,10357.853394960901
2023-11-14 14:00:00,10320.0,10341.301437897524
2023-11-14 15:00:00,10068.0,10116.026607972879
2023-11-14 16:00:00,10098.0,10148.05736845968
2023-11-14 17:00:00,11657.0,11634.766319803144
2023-11-14 18:00:00,11210.0,11257.829175914903
2023-11-14 18:30:00,10890.0,10902.956047743517
2023-11-14 19:00:00,10855.0,10847.117191663163
2023-11-14 20:00:00,10540.0,10560.888111754704
2023-11-14 21:00:00,10269.0,10271.129242159037
2023-11-14 22:00:00,9940.0,9912.66780447757
2023-11-14 23:00:00,9587.0,9604.812200964026
2023-11-15 00:00:00,9049.0,9049.65856643123
2023-11-15 01:00:00,8234.0,8196.753352758953
2023-11-15 02:00:00,8410.0,8406.105180520695
2023-11-15 03:00:00,8150.0,8149.117309344664
2023-11-15 04:00:00,8060.0,8071.828822299269
2023-11-15 05:00:00,8113.0,8092.886401591558
2023-11-15 06:00:00,8709.0,8670.300502701004
2023-11-15 07:00:00,9015.0,9001.532411595665
2023-11-15 08:00:00,9165.0,9183.10947762129
2023-11-15 09:00:00,9314.0,9321.567452226023
2023-11-15 10:00:00,9640.0,9679.996711822707
2023-11-15 11:00:00,10345.0,10344.433975412448
2023-11-15 12:00:00,10548.0,10574.441912532326
2023-11-15 13:00:00,10282.0,10290.433132356204
2023-11-15 14:00:00,10202.0,10239.189812944613
2023-11-15 15:00:00,10121.0,10134.109449549363
2023-11-15 16:00:00,10291.0,10306.299066176103
2023-11-15 17:00:00,11892.0,11840.57106212732
2023-11-15 18:00:00,11518.0,11551.000124192313
2023-11-15 18:30:00,11188.0,11198.746601753428
2023-11-15 19:00:00,11097.0,11111.709053112749
2023-11-15 20:00:00,11009.0,11000.055155451195
2023-11-15 21:00:00,10527.0,10543.936504057086
2023-11-15 22:00:00,10224.0,10233.944262125466
2023-11-15 23:00:00,9934.0,9917.073915958443
2023-11-16 00:00:00,9312.0,9337.547832343605
2023-11-16 01:00:00,8935.0,8939.041006733669
2023-11-16 02:00:00,8720.0,8718.318777787767
2023-11-16 03:00:00,8424.0,8424.753301074012
2023-11-16 04:00:00,8260.0,8242.626639661545
2023-11-16 05:00:00,8341.0,8311.502397595541
2023-11-16 06:00:00,8798.0,8774.118714437975
2023-11-16 07:00:00,9380.0,9424.951173227138
2023-11-16 08:00:00,9485.0,9437.170756665584
2023-11-16 09:00:00,9339.0,9353.322894219342
2023-11-16 10:00:00,9677.0,9674.309885751636
2023-11-16 11:00:00,9805.0,9840.905669323862
2023-11-16 12:00:00,10205.0,10235.94787010767
2023-11-16 13:00:00,9927.0,9930.863526243986
2023-11-16 14:00:00,9814.0,9822.416196491638
2023-11-16 15:00:00,9682.0,9679.872163171362
2023-11-16 16:00:00,10147.0,10162.03429284761
2023-11-16 17:00:00,11088.0,11063.22037488019
2023-11-16 18:00:00,10726.0,10810.627689167824
2023-11-16 18:30:00,10552.0,10587.84639358691
2023-11-16 19:00:00,10495.0,10480.982073249757
2023-11-16 20:00:00,10255.0,10278.021978983506
2023-11-16 21:00:00,9739.0,9747.166846567023
2023-11-16 22:00:00,9502.0,9531.942038846682
2023-11-16 23:00:00,9227.0,9217.552722272436
2023-11-17 00:00:00,8827.0,8811.755491148635
2023-11-17 01:00:00,8229.0,8224.2348336328
2023-11-17 02:00:00,7989.0,7989.882698370541
2023-11-17 03:00:00,7610.0,7639.2601516503955
2023-11-17 04:00:00,7381.0,7382.475974997236
2023-11-17 05:00:00,6968.0,6991.60362652558
2023-11-17 06:00:00,6877.0,6865.68045468365
2023-11-17 07:00:00,7046.0,7049.019078455056
2023-11-17 08:00:00,6845.0,6824.850140855198
2023-11-17 09:00:00,6752.0,6768.714090934929
2023-11-17 10:00:00,6801.0,6782.45091786151
2023-11-17 11:00:00,7098.0,7098.207016142488
2023-11-17 12:00:00,7319.0,7312.254677970086
2023-11-17 13:00:00,6243.0,6177.364489804171
2023-11-17 14:00:00,5437.0,5246.052423068723
2023-11-17 15:00:00,4897.0,4944.2772922794
2023-11-17 16:00:00,4789.0,4783.066507360865
2023-11-17 17:00:00,6108.0,5951.669955747541
2023-11-17 18:00:00,6390.0,6316.420185457522
2023-11-17 18:30:00,6607.0,6535.6596581247
2023-11-17 19:00:00,6770.0,6758.596987361102
2023-11-17 20:00:00,6897.0,6885.596126859904
2023-11-17 21:00:00,6922.0,6914.307692639755
2023-11-17 22:00:00,6834.0,6823.01780116267
2023-11-17 23:00:00,6670.0,6671.85688478403
2023-11-18 00:00:00,6447.0,6456.141170917937
2023-11-18 01:00:00,6179.0,6165.633453557969
2023-11-18 02:00:00,5946.0,5946.789002501379
2023-11-18 03:00:00,5748.0,5718.617423212063
2023-11-18 04:00:00,5719.0,5691.19636399284
2023-11-18 05:00:00,5980.0,5975.223067300177
2023-11-18 06:00:00,6568.0,6548.2153522055405
2023-11-18 07:00:00,7156.0,7150.265115793081
2023-11-18 08:00:00,7486.0,7470.258058558622
2023-11-18 09:00:00,7677.0,7672.498474428874
2023-11-18 10:00:00,8075.0,8085.74867498681
2023-11-18 11:00:00,8588.0,8556.884037731039
2023-11-18 12:00:00,8741.0,8749.24171522321
2023-11-18 13:00:00,8729.0,8729.32355334227
2023-11-18 14:00:00,8829.0,8807.568378040054
2023-11-18 15:00:00,8769.0,8755.54433430011
2023-11-18 16:00:00,8862.0,8885.762768609937
2023-11-18 17:00:00,10596.0,10549.391725761874
2023-11-18 18:00:00,10373.0,10395.330622746902
2023-11-18 18:30:00,10057.0,10053.751277451156
2023-11-18 19:00:00,9907.0,9916.638773200424
2023-11-18 20:00:00,9907.0,9894.942754496064
2023-11-18 21:00:00,9483.0,9466.966920029006
2023-11-18 22:00:00,9008.0,9007.553076620345
2023-11-18 23:00:00,8627.0,8623.771661153563
2023-11-19 00:00:00,8246.0,8264.479890979792
2023-11-19 01:00:00,7868.0,7873.608354334587
2023-11-19 02:00:00,7640.0,7631.16310887423
2023-11-19 03:00:00,7427.0,7434.1323592365925
2023-11-19 04:00:00,7338.0,7343.261952213174
2023-11-19 05:00:00,7402.0,7425.440567410403
2023-11-19 06:00:00,7942.0,7946.250066344852
2023-11-19 07:00:00,8400.0,8414.262165264248
2023-11-19 08:00:00,8716.0,8725.859599030326
2023-11-19 09:00:00,8815.0,8824.02375766747
2023-11-19 10:00:00,9074.0,9048.493029710278
2023-11-19 11:00:00,9557.0,9574.582487322838
2023-11-19 12:00:00,9898.0,9896.367461840478
2023-11-19 13:00:00,9406.0,9416.732859411242
2023-11-19 14:00:00,9649.0,9664.924939757937
2023-11-19 15:00:00,9419.0,9414.227251819997
2023-11-19 16:00:00,9538.0,9544.53689071229
2023-11-19 17:00:00,11033.0,11049.078291257476
2023-11-19 18:00:00,10761.0,10801.293096153899
2023-11-19 18:30:00,10535.0,10615.312711965105
2023-11-19 19:00:00,10455.0,10445.780889174805
2023-11-19 20:00:00,10275.0,10276.079948783972
2023-11-19 21:00:00,9872.0,9883.69631040857
2023-11-19 22:00:00,9537.0,9557.094653900947
2023-11-19 23:00:00,9086.0,9084.132095157509
2023-11-20 00:00:00,8477.0,8469.325186352098
2023-11-20 01:00:00,8222.0,8224.763831900387
2023-11-20 02:00:00,7911.0,7915.695356798364
2023-11-20 03:00:00,7710.0,7733.3382604956805
2023-11-20 04:00:00,7592.0,7605.367871567091
2023-11-20 05:00:00,7620.0,7639.688287051063
2023-11-20 06:00:00,8165.0,8182.2320182871745
2023-11-20 07:00:00,8728.0,8685.99293512133
2023-11-20 08:00:00,8804.0,8815.007905087243
2023-11-20 09:00:00,8887.0,8918.831400926463
2023-11-20 10:00:00,9355.0,9384.029996837828
2023-11-20 11:00:00,9710.0,9767.47346591886
2023-11-20 12:00:00,10028.0,10064.199809464062
2023-11-20 13:00:00,9925.0,9893.394041578897
2023-11-20 14:00:00,9674.0,9724.600215689787
2023-11-20 15:00:00,9488.0,9484.202548259655
2023-11-20 16:00:00,9694.0,9735.961723390894
2023-11-20 17:00:00,11253.0,11229.878767822674
2023-11-20 18:00:00,11044.0,11091.673483256269
2023-11-20 18:30:00,10623.0,10639.617025407832
2023-11-20 19:00:00,10534.0,10550.56520436365
2023-11-20 20:00:00,10358.0,10351.385319233006
2023-11-20 21:00:00,10011.0,10001.375276457042
2023-11-20 22:00:00,9393.0,9404.276609592021
2023-11-20 23:00:00,9128.0,9113.928158351959
2023-11-21 00:00:00,8694.0,8675.578104906886
2023-11-21 01:00:00,8335.0,8351.02928070606
2023-11-21 02:00:00,8007.0,7995.84340604732
2023-11-21 03:00:00,7868.0,7861.541027965652
2023-11-21 04:00:00,7812.0,7808.088190862443
2023-11-21 05:00:00,7884.0,7887.4565341666785
2023-11-21 06:00:00,8389.0,8389.704172624295
2023-11-21 07:00:00,8829.0,8788.199089986692
2023-11-21 08:00:00,9010.0,9019.17100206025
2023-11-21 09:00:00,8968.0,8961.537551510539
2023-11-21 10:00:00,9253.0,9244.97775774981
2023-11-21 11:00:00,9707.0,9706.975862753128
2023-11-21 12:00:00,9861.0,9896.015306923442
2023-11-21 13:00:00,9620.0,9639.046069115691
2023-11-21 14:00:00,9560.0,9535.385660756865
2023-11-21 15:00:00,9307.0,9310.968405512294
2023-11-21 16:00:00,9679.0,9677.003910790794
2023-11-21 17:00:00,11034.0,11062.523034954622
2023-11-21 18:00:00,10694.0,10729.70886906884
2023-11-21 18:30:00,10560.0,10590.08583616139
2023-11-21 19:00:00,10306.0,10295.888613063831
2023-11-21 20:00:00,10109.0,10126.76457792635
2023-11-21 21:00:00,9745.0,9760.392378290906
2023-11-21 22:00:00,9283.0,9284.30325939867
2023-11-21 23:00:00,9069.0,9016.514225327888
2023-11-22 00:00:00,8606.0,8605.180039452125
2023-11-22 01:00:00,8163.0,8138.913788825646
2023-11-22 02:00:00,7777.0,7790.4128567637745
2023-11-22 03:00:00,7665.0,7677.1587279693695
2023-11-22 04:00:00,7580.0,7607.709775339935
2023-11-22 05:00:00,7707.0,7705.622136330099
2023-11-22 06:00:00,8324.0,8314.886777550644
2023-11-22 07:00:00,8820.0,8798.692775108764
2023-11-22 08:00:00,8638.0,8679.946348821362
2023-11-22 09:00:00,8622.0,8682.862743600284
2023-11-22 10:00:00,8971.0,9021.675078660164
2023-11-22 11:00:00,9436.0,9452.267181770903
2023-11-22 12:00:00,9720.0,9724.853105154982
2023-11-22 13:00:00,9598.0,9585.55140421792
2023-11-22 14:00:00,9346.0,9342.340684656428
2023-11-22 15:00:00,9143.0,9158.187401861898
2023-11-22 16:00:00,9234.0,9226.315559759654
2023-11-22 17:00:00,10696.0,10654.049301995192
2023-11-22 18:00:00,10424.0,10505.46891250954
2023-11-22 18:30:00,10327.0,10368.167071958274
2023-11-22 19:00:00,10090.0,10124.331565945802
2023-11-22 20:00:00,9914.0,9924.990353242381
2023-11-22 21:00:00,9556.0,9563.214770474127
2023-11-22 22:00:00,8988.0,8987.925609433349
2023-11-22 23:00:00,8682.0,8647.432114489982
2023-11-23 00:00:00,8388.0,8387.045546481882
2023-11-23 01:00:00,7951.0,7924.735238279646
2023-11-23 02:00:00,7556.0,7564.715072756046
2023-11-23 03:00:00,7507.0,7482.560212864582
2023-11-23 04:00:00,7341.0,7322.786682145462
2023-11-23 05:00:00,7450.0,7451.152136876983
2023-11-23 06:00:00,8060.0,8024.333079848126
2023-11-23 07:00:00,8733.0,8701.806991784824
2023-11-23 08:00:00,8546.0,8565.073044691042
2023-11-23 09:00:00,8581.0,8596.506471355106
2023-11-23 10:00:00,8887.0,8883.627485345487
2023-11-23 11:00:00,9340.0,9361.053880219097
2023-11-23 12:00:00,9655.0,9668.166320955226
2023-11-23 13:00:00,9367.0,9337.888996157197
2023-11-23 14:00:00,9257.0,9251.610657265133
2023-11-23 15:00:00,8919.0,8898.499293300698
2023-11-23 16:00:00,9268.0,9270.197215199843
2023-11-23 17:00:00,10409.0,10353.840153855863
2023-11-23 18:00:00,10397.0,10404.037750160223
2023-11-23 18:30:00,10264.0,10287.280798815504
2023-11-23 19:00:00,10184.0,10196.926551103012
2023-11-23 20:00:00,9827.0,9836.867337618196
2023-11-23 21:00:00,9354.0,9372.657552507551
2023-11-23 22:00:00,9042.0,9019.153158001529
2023-11-23 23:00:00,8748.0,8730.601597309504
2023-11-24 00:00:00,8251.0,8240.638780845948
2023-11-24 01:00:00,7854.0,7863.196438284563
2023-11-24 02:00:00,7652.0,7656.738928111076
2023-11-24 03:00:00,7438.0,7437.2760794502055
2023-11-24 04:00:00,7277.0,7278.367731220388
2023-11-24 05:00:00,7417.0,7421.676585864705
2023-11-24 06:00:00,7437.0,7441.128621134976
2023-11-24 07:00:00,7804.0,7780.89058813988
2023-11-24 08:00:00,7496.0,7511.492641615216
2023-11-24 09:00:00,7339.0,7318.194512883313
2023-11-24 10:00:00,7558.0,7576.2616574797885
2023-11-24 11:00:00,8215.0,8184.458825800349
2023-11-24 12:00:00,8829.0,8763.82565956976
2023-11-24 13:00:00,7914.0,7928.689784450648
2023-11-24 14:00:00,7327.0,7336.087310771465
2023-11-24 15:00:00,7278.0,7282.859340504933
2023-11-24 16:00:00,7582.0,7569.916047028914
2023-11-24 17:00:00,9061.0,8985.303758176115
2023-11-24 18:00:00,9047.0,9043.23010895377
2023-11-24 18:30:00,8960.0,8967.85752145064
2023-11-24 19:00:00,8981.0,8954.240173535303
2023-11-24 20:00:00,8804.0,8790.103309583143
2023-11-24 21:00:00,8642.0,8657.795805904003
2023-11-24 22:00:00,8258.0,8242.783951485359
2023-11-24 23:00:00,7962.0,7945.539636589341
2023-11-25 00:00:00,7621.0,7622.0817543216535
2023-11-25 01:00:00,7146.0,7146.773231029584
2023-11-25 02:00:00,7001.0,6998.5264600381015
2023-11-25 03:00:00,6838.0,6811.6122149103585
2023-11-25 04:00:00,6700.0,6690.3410034080225
2023-11-25 05:00:00,6967.0,6957.692187376212
2023-11-25 06:00:00,7624.0,7583.182955468005
2023-11-25 07:00:00,7988.0,8000.971937250368
2023-11-25 08:00:00,7389.0,7390.632126346419
2023-11-25 09:00:00,7433.0,7446.672605901926
2023-11-25 10:00:00,7857.0,7840.30293168889
2023-11-25 11:00:00,8140.0,8121.345721059561
2023-11-25 12:00:00,8566.0,8548.96491682028
2023-11-25 13:00:00,8351.0,8348.543505179205
2023-11-25 14:00:00,8267.0,8269.12280563495
2023-11-25 15:00:00,8516.0,8501.757498677698
2023-11-25 16:00:00,8901.0,8925.996299356055
2023-11-25 17:00:00,10583.0,10574.950262446
2023-11-25 18:00:00,10297.0,10338.712161236877
2023-11-25 18:30:00,10103.0,10102.251373978745
2023-11-25 19:00:00,9918.0,9920.265563327315
2023-11-25 20:00:00,9600.0,9612.691172601113
2023-11-25 21:00:00,9264.0,9284.403429710443
2023-11-25 22:00:00,8857.0,8835.249075171423
2023-11-25 23:00:00,8516.0,8525.09313526151
2023-11-26 00:00:00,7987.0,8009.3862626798345
2023-11-26 01:00:00,7595.0,7627.066824690413
2023-11-26 02:00:00,7327.0,7324.054487159657
2023-11-26 03:00:00,7124.0,7137.549824458482
2023-11-26 04:00:00,7092.0,7141.385018959373
2023-11-26 05:00:00,7454.0,7444.388905703506
2023-11-26 06:00:00,7913.0,7908.7409789146295
2023-11-26 07:00:00,8451.0,8455.440069858076
2023-11-26 08:00:00,8426.0,8425.769826262438
2023-11-26 09:00:00,8575.0,8578.139407004483
2023-11-26 10:00:00,8728.0,8767.03678503211
2023-11-26 11:00:00,9325.0,9359.100839203691
2023-11-26 12:00:00,9573.0,9600.957317869663
2023-11-26 13:00:00,9347.0,9342.12436035507
2023-11-26 14:00:00,9075.0,9034.903456144712
2023-11-26 15:00:00,9064.0,9046.157568957527
2023-11-26 16:00:00,9421.0,9426.986920175308
2023-11-26 17:00:00,10721.0,10724.864820657958
2023-11-26 18:00:00,10419.0,10450.711479352267
2023-11-26 18:30:00,10160.0,10194.769269509916
2023-11-26 19:00:00,10060.0,10069.336756049812
2023-11-26 20:00:00,9890.0,9885.527800258067
2023-11-26 21:00:00,9414.0,9427.893822575055
2023-11-26 22:00:00,9001.0,8979.349946804534
2023-11-26 23:00:00,8689.0,8688.611892931754
2023-11-27 00:00:00,8164.0,8180.868093723157
2023-11-27 01:00:00,7872.0,7893.827380928781
2023-11-27 02:00:00,7467.0,7457.8346342192035
2023-11-27 03:00:00,7329.0,7327.091167380357
2023-11-27 04:00:00,7273.0,7292.141100132026
2023-11-27 05:00:00,7504.0,7495.1324471909475
2023-11-27 06:00:00,8136.0,8072.541033853072
2023-11-27 07:00:00,8559.0,8540.244836155658
2023-11-27 08:00:00,8579.0,8578.616146151237
2023-11-27 09:00:00,8460.0,8458.290499204057
2023-11-27 10:00:00,8930.0,8904.480638944186
2023-11-27 11:00:00,9553.0,9557.543509480305
2023-11-27 12:00:00,9859.0,9816.329022387796
2023-11-27 13:00:00,9490.0,9513.446396692914
2023-11-27 14:00:00,9400.0,9400.826151342102
2023-11-27 15:00:00,9258.0,9248.301787462007
2023-11-27 16:00:00,9620.0,9605.881250008333
2023-11-27 17:00:00,10831.0,10814.04953205392
2023-11-27 18:00:00,10646.0,10702.191644236149
2023-11-27 18:30:00,10455.0,10516.253794428998
2023-11-27 19:00:00,10438.0,10453.575536900491
2023-11-27 20:00:00,10017.0,9995.58120204901
2023-11-27 21:00:00,9678.0,9665.387035890222
2023-11-27 22:00:00,9166.0,9171.532526951996
2023-11-27 23:00:00,8871.0,8849.524364760013
2023-11-28 00:00:00,8427.0,8423.392159932117
2023-11-28 01:00:00,8020.0,8001.78457140629
2023-11-28 02:00:00,7698.0,7678.048508732983
2023-11-28 03:00:00,7570.0,7586.575883456745
2023-11-28 04:00:00,7508.0,7486.768608764242
2023-11-28 05:00:00,7692.0,7687.001777964857
2023-11-28 06:00:00,8226.0,8274.70146945663
2023-11-28 07:00:00,8641.0,8665.210949733913
2023-11-28 08:00:00,8573.0,8620.233046163032
2023-11-28 09:00:00,8764.0,8811.958121248781
2023-11-28 10:00:00,9106.0,9140.796917355414
2023-11-28 11:00:00,9651.0,9662.842395998741
2023-11-28 12:00:00,9979.0,9992.029530551821
2023-11-28 13:00:00,9614.0,9629.072472306501
2023-11-28 14:00:00,9440.0,9456.338342154706
2023-11-28 15:00:00,9299.0,9332.160329011886
2023-11-28 16:00:00,9767.0,9746.608813249715
2023-11-28 17:00:00,10847.0,10882.174020837894
2023-11-28 18:00:00,10715.0,10740.893356316348
2023-11-28 18:30:00,10586.0,10632.774460279852
2023-11-28 19:00:00,10298.0,10306.874259235849
2023-11-28 20:00:00,10009.0,10024.009468857486
2023-11-28 21:00:00,9651.0,9657.510452430608
2023-11-28 22:00:00,9277.0,9274.103414941408
2023-11-28 23:00:00,8920.0,8886.306089652075
2023-11-29 00:00:00,8446.0,8435.150057693305
2023-11-29 01:00:00,8069.0,8033.7100028686145
2023-11-29 02:00:00,7768.0,7774.501734038057
2023-11-29 03:00:00,7583.0,7579.639448429849
2023-11-29 04:00:00,7400.0,7373.3062425235075
2023-11-29 05:00:00,7676.0,7675.646327543654
2023-11-29 06:00:00,8051.0,8103.425419206318
2023-11-29 07:00:00,8553.0,8589.704131915665
2023-11-29 08:00:00,8763.0,8799.143232649514
2023-11-29 09:00:00,8748.0,8805.030916420248
2023-11-29 10:00:00,8825.0,8878.924223045187
2023-11-29 11:00:00,9568.0,9614.080753196005
2023-11-29 12:00:00,9749.0,9781.15177309332
2023-11-29 13:00:00,9547.0,9573.144257872327
2023-11-29 14:00:00,9211.0,9215.163588552141
2023-11-29 15:00:00,9088.0,9119.047433972639
2023-11-29 16:00:00,9546.0,9529.137043437146
2023-11-29 17:00:00,10786.0,10766.030562026148
2023-11-29 18:00:00,10756.0,10801.315310541378
2023-11-29 18:30:00,10436.0,10517.839211492499
2023-11-29 19:00:00,10360.0,10336.318336186381
2023-11-29 20:00:00,10108.0,10110.100960286953
2023-11-29 21:00:00,9699.0,9719.726076291608
2023-11-29 22:00:00,9321.0,9320.608666383072
2023-11-29 23:00:00,8882.0,8877.960556623631
2023-11-30 00:00:00,8408.0,8417.70742544448
2023-11-30 01:00:00,8051.0,8032.137459526597
2023-11-30 02:00:00,7719.0,7736.597154295129
2023-11-30 03:00:00,7487.0,7479.974489472132
2023-11-30 04:00:00,7398.0,7383.555166290866
2023-11-30 05:00:00,7562.0,7553.17453104328
2023-11-30 06:00:00,8141.0,8112.415648116519
2023-11-30 07:00:00,8770.0,8728.13702560919
2023-11-30 08:00:00,8968.0,8980.95702458101
2023-11-30 09:00:00,8894.0,8909.101499487662
2023-11-30 10:00:00,9210.0,9214.918911626437
2023-11-30 11:00:00,9608.0,9630.620027896539
2023-11-30 12:00:00,9692.0,9677.734824318353
2023-11-30 13:00:00,9580.0,9583.031365395284
2023-11-30 14:00:00,9387.0,9393.281901533845
2023-11-30 15:00:00,9180.0,9173.2154047958
2023-11-30 16:00:00,9284.0,9282.264222107851
2023-11-30 17:00:00,10725.0,10654.049301995192
2023-11-30 18:00:00,10506.0,10544.63379236118
2023-11-30 18:30:00,10312.0,10369.40731817135
2023-11-30 19:00:00,10288.0,10301.488112584559
2023-11-30 20:00:00,9946.0,9933.77112174554
2023-11-30 21:00:00,9598.0,9597.171503068237
2023-11-30 22:00:00,9345.0,9348.238574746902
2023-11-30 23:00:00,8821.0,8799.9541571607
2023-12-01 00:00:00,8521.0,8523.994039329622
2023-12-01 01:00:00,8127.0,8138.088674414713
2023-12-01 02:00:00,7908.0,7918.6338914791895
2023-12-01 03:00:00,7615.0,7633.551315509383
2023-12-01 04:00:00,7375.0,7368.439024508761
2023-12-01 05:00:00,7382.0,7376.667685696874
2023-12-01 06:00:00,7450.0,7453.236091921587
2023-12-01 07:00:00,7627.0,7613.083670303993
2023-12-01 08:00:00,7361.0,7373.758605909476
2023-12-01 09:00:00,7330.0,7347.174812675072
2023-12-01 10:00:00,7585.0,7591.29797950119
2023-12-01 11:00:00,8306.0,8277.343566810561
2023-12-01 12:00:00,8808.0,8762.340385387535
2023-12-01 13:00:00,7860.0,7848.719220146283
2023-12-01 14:00:00,7604.0,7609.4161467873155
2023-12-01 15:00:00,7461.0,7472.804575824116
2023-12-01 16:00:00,7629.0,7606.981935194897
2023-12-01 17:00:00,9095.0,9107.304479722545
2023-12-01 18:00:00,9203.0,9235.900675963105
2023-12-01 18:30:00,9138.0,9154.908689466585
2023-12-01 19:00:00,9199.0,9161.075650109426
2023-12-01 20:00:00,9032.0,9039.324451025266
2023-12-01 21:00:00,8710.0,8690.577275058731
2023-12-01 22:00:00,8444.0,8464.663743751425
2023-12-01 23:00:00,8160.0,8136.130410915796
2023-12-02 00:00:00,7689.0,7698.410000783274
2023-12-02 01:00:00,7377.0,7389.838917650722
2023-12-02 02:00:00,7061.0,7060.905074957847
2023-12-02 03:00:00,6903.0,6885.667717709204
2023-12-02 04:00:00,6874.0,6877.42496171195
2023-12-02 05:00:00,7092.0,7090.35976587163
2023-12-02 06:00:00,7517.0,7495.001690683888
2023-12-02 07:00:00,7910.0,7896.054093697728
2023-12-02 08:00:00,7709.0,7764.18942430555
2023-12-02 09:00:00,7843.0,7849.167824319488
2023-12-02 10:00:00,8151.0,8200.166455300372
2023-12-02 11:00:00,8833.0,8830.662788628286
2023-12-02 12:00:00,9137.0,9120.069663884226
2023-12-02 13:00:00,8945.0,8979.8043042753
2023-12-02 14:00:00,8711.0,8703.745185953849
2023-12-02 15:00:00,8645.0,8704.506175834567
2023-12-02 16:00:00,9225.0,9274.03778421446
2023-12-02 17:00:00,10636.0,10621.118479269911
2023-12-02 18:00:00,10408.0,10442.12748825987
2023-12-02 18:30:00,10198.0,10185.119922453227
2023-12-02 19:00:00,10137.0,10135.007988668973
2023-12-02 20:00:00,9945.0,9928.686970210796
2023-12-02 21:00:00,9470.0,9476.076981916754
2023-12-02 22:00:00,9090.0,9097.165845933534
2023-12-02 23:00:00,8710.0,8683.461248017851
2023-12-03 00:00:00,8268.0,8277.282754281692
2023-12-03 01:00:00,7902.0,7907.221909525355
2023-12-03 02:00:00,7624.0,7646.037276293085
2023-12-03 03:00:00,7382.0,7382.321434449767
2023-12-03 04:00:00,7314.0,7345.654805413875
2023-12-03 05:00:00,7508.0,7546.405936379434
2023-12-03 06:00:00,7942.0,7957.933541908241
2023-12-03 07:00:00,8530.0,8568.225786727644
2023-12-03 08:00:00,8641.0,8715.449469053505
2023-12-03 09:00:00,8621.0,8715.096731995043
2023-12-03 10:00:00,8993.0,9072.89533914585
2023-12-03 11:00:00,9413.0,9461.917955024652
2023-12-03 12:00:00,9770.0,9846.410559565644
2023-12-03 13:00:00,9481.0,9509.721317971196
2023-12-03 14:00:00,9325.0,9390.126245637615
2023-12-03 15:00:00,9200.0,9201.2709609046
2023-12-03 16:00:00,9572.0,9575.644245962634
2023-12-03 17:00:00,10876.0,10847.55668412174
2023-12-03 18:00:00,10594.0,10629.73834943012
2023-12-03 18:30:00,10369.0,10392.154348257382
2023-12-03 19:00:00,10143.0,10147.132138334218
2023-12-03 20:00:00,10006.0,10008.131413074198
2023-12-03 21:00:00,9589.0,9592.883561919234
2023-12-03 22:00:00,9075.0,9061.096856004511
2023-12-03 23:00:00,8741.0,8725.149062590857
2023-12-04 00:00:00,8198.0,8203.322101548223
2023-12-04 01:00:00,7875.0,7884.986731444765
2023-12-04 02:00:00,7624.0,7606.716921411763
2023-12-04 03:00:00,7424.0,7428.960277863774
2023-12-04 04:00:00,7224.0,7223.660990791605
2023-12-04 05:00:00,7674.0,7642.292073848086
2023-12-04 06:00:00,7887.0,7916.192272783134
2023-12-04 07:00:00,8576.0,8567.35877122085
2023-12-04 08:00:00,8777.0,8791.87617278339
2023-12-04 09:00:00,8685.0,8720.18268463126
2023-12-04 10:00:00,9001.0,9000.406465572994
2023-12-04 11:00:00,9415.0,9430.96899445268
2023-12-04 12:00:00,9646.0,9635.523115371883
2023-12-04 13:00:00,9397.0,9379.020970218477
2023-12-04 14:00:00,9302.0,9315.653563310569
2023-12-04 15:00:00,9146.0,9153.454167201784
2023-12-04 16:00:00,9524.0,9486.67877383943
2023-12-04 17:00:00,10762.0,10767.823968476128
2023-12-04 18:00:00,10921.0,10966.053762835923
2023-12-04 18:30:00,10544.0,10599.969574037157
2023-12-04 19:00:00,10312.0,10308.74507003421
2023-12-04 20:00:00,10056.0,10071.866375156698
2023-12-04 21:00:00,9661.0,9677.547970681142
2023-12-04 22:00:00,9196.0,9215.793513674706
2023-12-04 23:00:00,8755.0,8755.157826542807
2023-12-05 00:00:00,8345.0,8351.342504480255
2023-12-05 01:00:00,8039.0,8037.534662504204
2023-12-05 02:00:00,7830.0,7829.71930876511
2023-12-05 03:00:00,7445.0,7439.493470043626
2023-12-05 04:00:00,7347.0,7336.800383666185
2023-12-05 05:00:00,7675.0,7682.532618779685
2023-12-05 06:00:00,7972.0,8004.369945854182
2023-12-05 07:00:00,8531.0,8520.17944372041
2023-12-05 08:00:00,8658.0,8687.362010483892
2023-12-05 09:00:00,8708.0,8723.817632599077
2023-12-05 10:00:00,8970.0,8976.067021269966
2023-12-05 11:00:00,9039.0,9031.290465702092
2023-12-05 12:00:00,9558.0,9554.189634433451
2023-12-05 13:00:00,9252.0,9226.473396930303
2023-12-05 14:00:00,8990.0,8999.366891738839
2023-12-05 15:00:00,8883.0,8876.900014858122
2023-12-05 16:00:00,9452.0,9473.823059250482
2023-12-05 17:00:00,10838.0,10812.874100357483
2023-12-05 18:00:00,10243.0,10289.04940725223
2023-12-05 18:30:00,10245.0,10261.560945255127
2023-12-05 19:00:00,10209.0,10189.17484482807
2023-12-05 20:00:00,9760.0,9752.506545798467
2023-12-05 21:00:00,9532.0,9535.312833619191
2023-12-05 22:00:00,8948.0,8942.666892294992
2023-12-05 23:00:00,8616.0,8605.380869232793
2023-12-06 00:00:00,8045.0,8062.411976424215
2023-12-06 01:00:00,7785.0,7794.051331331601
2023-12-06 02:00:00,7528.0,7519.795415123165
2023-12-06 03:00:00,7388.0,7362.7856211337
2023-12-06 04:00:00,7309.0,7323.410126336231
2023-12-06 05:00:00,7409.0,7425.248999607499
2023-12-06 06:00:00,7738.0,7735.269240428829
2023-12-06 07:00:00,8565.0,8586.5559023135
2023-12-06 08:00:00,8665.0,8663.154590412443
2023-12-06 09:00:00,8662.0,8692.427333632833
2023-12-06 10:00:00,8948.0,8953.337469560269
2023-12-06 11:00:00,9153.0,9157.754842283051
2023-12-06 12:00:00,9263.0,9286.17529853933
2023-12-06 13:00:00,9139.0,9155.168416988596
2023-12-06 14:00:00,9186.0,9175.033955567364
2023-12-06 15:00:00,9046.0,9043.953626130844
2023-12-06 16:00:00,9805.0,9737.91642153937
2023-12-06 17:00:00,10827.0,10878.513655226921
2023-12-06 18:00:00,10474.0,10546.922618365747
2023-12-06 18:30:00,10349.0,10401.758408782349
2023-12-06 19:00:00,10083.0,10052.376931085617
2023-12-06 20:00:00,9941.0,9963.00360421136
2023-12-06 21:00:00,9539.0,9558.70794488407
2023-12-06 22:00:00,9154.0,9146.710736095221
2023-12-06 23:00:00,8655.0,8644.298059373457
2023-12-07 00:00:00,8195.0,8214.15531053809
2023-12-07 01:00:00,7614.0,7616.3348497226425
2023-12-07 02:00:00,7333.0,7341.285757978304
2023-12-07 03:00:00,7101.0,7120.342124202214
2023-12-07 04:00:00,6835.0,6816.936532122033
2023-12-07 05:00:00,6896.0,6892.379744004837
2023-12-07 06:00:00,7317.0,7308.3081912805055
2023-12-07 07:00:00,8125.0,8088.534143948031
2023-12-07 08:00:00,8526.0,8509.903191420288
2023-12-07 09:00:00,8557.0,8580.523518649443
2023-12-07 10:00:00,8762.0,8781.802260243265
2023-12-07 11:00:00,9214.0,9243.183435803807
2023-12-07 12:00:00,9358.0,9354.356935601452
2023-12-07 13:00:00,8821.0,8819.65895474713
2023-12-07 14:00:00,8556.0,8580.823109963252
2023-12-07 15:00:00,8554.0,8574.152275719493
2023-12-07 16:00:00,8926.0,8934.340727667608
2023-12-07 17:00:00,9839.0,9803.149389535505
2023-12-07 18:00:00,9501.0,9563.49585275849
2023-12-07 18:30:00,9308.0,9397.97720418532
2023-12-07 19:00:00,9160.0,9160.518184756298
2023-12-07 20:00:00,8964.0,8960.521036935614
2023-12-07 21:00:00,8503.0,8485.538913186745
2023-12-07 22:00:00,8139.0,8127.0071723168385
2023-12-07 23:00:00,7717.0,7737.522792075845
2023-12-08 00:00:00,7390.0,7401.953676285881
2023-12-08 01:00:00,6936.0,6948.038208236476
2023-12-08 02:00:00,6854.0,6856.697743449735
2023-12-08 03:00:00,6648.0,6645.75191035481
2023-12-08 04:00:00,6539.0,6525.426490399239
2023-12-08 05:00:00,6651.0,6647.285892754101
2023-12-08 06:00:00,6755.0,6754.804163385109
2023-12-08 07:00:00,7342.0,7359.1309196466345
2023-12-08 08:00:00,7324.0,7331.275189914233
2023-12-08 09:00:00,7147.0,7151.428886785521
2023-12-08 10:00:00,7411.0,7412.467603555188
2023-12-08 11:00:00,8019.0,7991.512451904613
2023-12-08 12:00:00,8503.0,8491.603613353956
2023-12-08 13:00:00,7482.0,7506.017669976715
2023-12-08 14:00:00,7097.0,7086.999623310073
2023-12-08 15:00:00,6956.0,6948.712081334175
2023-12-08 16:00:00,7275.0,7260.26180413121
2023-12-08 17:00:00,8608.0,8578.211990848986
2023-12-08 18:00:00,8598.0,8607.67645611404
2023-12-08 18:30:00,8589.0,8587.660909192691
2023-12-08 19:00:00,8619.0,8611.32792977444
2023-12-08 20:00:00,8611.0,8627.060453446202
2023-12-08 21:00:00,8339.0,8366.51908552828
2023-12-08 22:00:00,7948.0,7939.365982362348
2023-12-08 23:00:00,7667.0,7673.557372584084
2023-12-09 00:00:00,7044.0,7055.464277951538
2023-12-09 01:00:00,6819.0,6803.585359762168
2023-12-09 02:00:00,6645.0,6642.456628376936
2023-12-09 03:00:00,6458.0,6467.1298477862565
2023-12-09 04:00:00,6263.0,6252.471611319203
2023-12-09 05:00:00,6501.0,6501.001615453168
2023-12-09 06:00:00,7041.0,7064.781030117696
2023-12-09 07:00:00,7658.0,7615.153063226794
2023-12-09 08:00:00,7645.0,7648.287918323501
2023-12-09 09:00:00,7557.0,7571.53679399119
2023-12-09 10:00:00,7755.0,7786.245941199516
2023-12-09 11:00:00,8067.0,8098.575935200357
2023-12-09 12:00:00,8408.0,8416.98216206781
2023-12-09 13:00:00,8030.0,8007.2564716533
2023-12-09 14:00:00,7852.0,7862.863698731741
2023-12-09 15:00:00,7921.0,7905.691603311209
2023-12-09 16:00:00,8330.0,8340.584139034652
2023-12-09 17:00:00,9678.0,9656.483555536302
2023-12-09 18:00:00,9849.0,9871.214500620668
2023-12-09 18:30:00,9695.0,9710.63717054358
2023-12-09 19:00:00,9727.0,9731.990586530781
2023-12-09 20:00:00,9380.0,9392.090626748595
2023-12-09 21:00:00,9015.0,8986.644834382567
2023-12-09 22:00:00,8494.0,8477.182482705126
2023-12-09 23:00:00,8090.0,8074.798055675468
2023-12-10 00:00:00,7668.0,7693.625241357175
2023-12-10 01:00:00,7266.0,7290.870427491431
2023-12-10 02:00:00,6917.0,6927.788626386599
2023-12-10 03:00:00,6770.0,6773.796497381562
2023-12-10 04:00:00,6672.0,6684.497050472936
2023-12-10 05:00:00,7030.0,7047.476947508747
2023-12-10 06:00:00,7429.0,7411.605109316546
2023-12-10 07:00:00,8057.0,8045.094972502821
2023-12-10 08:00:00,8315.0,8321.906606355047
2023-12-10 09:00:00,8242.0,8235.074274516428
2023-12-10 10:00:00,8342.0,8347.189803293584
2023-12-10 11:00:00,8640.0,8655.643727468583
2023-12-10 12:00:00,8800.0,8837.794387844298
2023-12-10 13:00:00,8684.0,8720.527488069069
2023-12-10 14:00:00,8450.0,8463.896639116749
2023-12-10 15:00:00,8275.0,8250.750459844632
2023-12-10 16:00:00,8638.0,8615.535236897902
2023-12-10 17:00:00,9773.0,9790.596139050012
2023-12-10 18:00:00,9733.0,9717.532285900395
2023-12-10 18:30:00,9697.0,9684.815292716394
2023-12-10 19:00:00,9668.0,9654.160724202942
2023-12-10 20:00:00,9434.0,9444.025038922311
2023-12-10 21:00:00,9090.0,9108.182008395725
2023-12-10 22:00:00,8610.0,8596.836284846086
2023-12-10 23:00:00,7989.0,7977.860212402932
2023-12-11 00:00:00,7505.0,7485.473919069994
2023-12-11 01:00:00,7184.0,7156.927607107503
2023-12-11 02:00:00,6914.0,6905.6268690581255
2023-12-11 03:00:00,6764.0,6755.613664801281
2023-12-11 04:00:00,6576.0,6587.156884296045
2023-12-11 05:00:00,6785.0,6805.346834198472
2023-12-11 06:00:00,7260.0,7265.261132601157
2023-12-11 07:00:00,7997.0,7949.527050270201
2023-12-11 08:00:00,8224.0,8213.853239077227
2023-12-11 09:00:00,8087.0,8067.808943310772
2023-12-11 10:00:00,8255.0,8243.21604846678
2023-12-11 11:00:00,8635.0,8622.004859154244
2023-12-11 12:00:00,8956.0,8992.664252979741
2023-12-11 13:00:00,8556.0,8550.881081778876
2023-12-11 14:00:00,8253.0,8239.582825435491
2023-12-11 15:00:00,8233.0,8232.249862118024
2023-12-11 16:00:00,8692.0,8681.37503166924
2023-12-11 17:00:00,9966.0,9969.632921404547
2023-12-11 18:00:00,9909.0,9912.097414234655
2023-12-11 18:30:00,9731.0,9738.332208567635
2023-12-11 19:00:00,9761.0,9765.751883845303
2023-12-11 20:00:00,9505.0,9502.491127572583
2023-12-11 21:00:00,8966.0,8982.572727629109
2023-12-11 22:00:00,8559.0,8550.434397770192
2023-12-11 23:00:00,8153.0,8155.194115776667
2023-12-12 00:00:00,7496.0,7498.033407638711
2023-12-12 01:00:00,7143.0,7119.370815256714
2023-12-12 02:00:00,6856.0,6843.908973271837
2023-12-12 03:00:00,6685.0,6679.415223346085
2023-12-12 04:00:00,6609.0,6610.0853419787945
2023-12-12 05:00:00,6817.0,6828.950583041017
2023-12-12 06:00:00,7218.0,7206.768846545197
2023-12-12 07:00:00,8048.0,8047.200018668237
2023-12-12 08:00:00,8201.0,8200.544857114237
2023-12-12 09:00:00,8334.0,8317.797170911737
2023-12-12 10:00:00,8388.0,8387.749487664387
2023-12-12 11:00:00,8827.0,8787.918672470732
2023-12-12 12:00:00,9203.0,9222.202097654988
2023-12-12 13:00:00,8699.0,8713.861820148571
2023-12-12 14:00:00,8573.0,8583.772667003755
2023-12-12 15:00:00,8357.0,8357.201930050347
2023-12-12 16:00:00,8740.0,8708.382921610137
2023-12-12 17:00:00,9636.0,9646.355213502688
2023-12-12 18:00:00,10020.0,9992.04794975039
2023-12-12 18:30:00,10074.0,10070.88119331805
2023-12-12 19:00:00,9910.0,9926.39662253046
2023-12-12 20:00:00,9543.0,9570.62233858568
2023-12-12 21:00:00,8974.0,8975.5904929972
2023-12-12 22:00:00,8407.0,8412.04784005755
2023-12-12 23:00:00,7988.0,7974.702393642444
2023-12-13 00:00:00,7442.0,7433.259653561172
2023-12-13 01:00:00,7123.0,7106.069258151373
2023-12-13 02:00:00,6823.0,6829.159588970501
2023-12-13 03:00:00,6671.0,6659.681842526216
2023-12-13 04:00:00,6602.0,6595.210719523268
2023-12-13 05:00:00,6781.0,6790.903911555823
2023-12-13 06:00:00,7201.0,7193.757180452129
2023-12-13 07:00:00,8053.0,8047.200018668237
2023-12-13 08:00:00,8421.0,8431.304555367786
2023-12-13 09:00:00,8336.0,8331.333710991417
2023-12-13 10:00:00,8417.0,8438.31360785906
2023-12-13 11:00:00,9003.0,8958.356550232898
2023-12-13 12:00:00,9145.0,9157.80192271823
2023-12-13 13:00:00,8634.0,8628.511453983048
2023-12-13 14:00:00,8473.0,8491.264742238824
2023-12-13 15:00:00,8248.0,8242.729195865431
2023-12-13 16:00:00,8753.0,8729.84327764658
2023-12-13 17:00:00,10083.0,10063.935233618193
2023-12-13 18:00:00,9988.0,10023.877649991358
2023-12-13 18:30:00,9700.0,9768.629397891404
2023-12-13 19:00:00,9625.0,9621.646747894058
2023-12-13 20:00:00,9314.0,9319.280625803978
2023-12-13 21:00:00,8891.0,8912.88099530717
2023-12-13 22:00:00,8332.0,8339.291462000336
2023-12-13 23:00:00,7916.0,7924.509487212874
2023-12-14 00:00:00,7322.0,7331.873951752292
2023-12-14 01:00:00,7049.0,7053.337352783476
2023-12-14 02:00:00,6834.0,6819.707055669503
2023-12-14 03:00:00,6562.0,6571.2437669245755
2023-12-14 04:00:00,6526.0,6535.5359659625165
2023-12-14 05:00:00,6967.0,6971.210596922887
2023-12-14 06:00:00,7307.0,7279.235058994102
2023-12-14 07:00:00,7838.0,7834.986360325358
2023-12-14 08:00:00,8376.0,8373.809502434859
2023-12-14 09:00:00,8326.0,8319.429388623534
2023-12-14 10:00:00,8398.0,8398.417313110016
2023-12-14 11:00:00,8870.0,8859.711888941556
2023-12-14 12:00:00,8937.0,8941.292614041784
2023-12-14 13:00:00,8835.0,8847.16014456174
2023-12-14 14:00:00,8441.0,8440.407690873953
2023-12-14 15:00:00,8304.0,8289.928373605338
2023-12-14 16:00:00,8842.0,8805.28822473213
2023-12-14 17:00:00,9911.0,9908.571446133874
2023-12-14 18:00:00,9787.0,9806.286286108361
2023-12-14 18:30:00,9690.0,9675.665191987679
2023-12-14 19:00:00,9537.0,9552.869055436006
2023-12-14 20:00:00,9371.0,9354.756681412817
2023-12-14 21:00:00,8835.0,8844.168489164203
2023-12-14 22:00:00,8236.0,8243.304090325088
2023-12-14 23:00:00,7990.0,7990.672934879435
2023-12-15 00:00:00,7416.0,7410.473919095561
2023-12-15 01:00:00,7029.0,7032.884132217176
2023-12-15 02:00:00,6790.0,6782.346938679196
2023-12-15 03:00:00,6567.0,6577.10104384604
2023-12-15 04:00:00,6439.0,6457.248287365351
2023-12-15 05:00:00,6555.0,6521.266523755806
2023-12-15 06:00:00,6651.0,6652.8927920883825
2023-12-15 07:00:00,7171.0,7195.75962703597
2023-12-15 08:00:00,7222.0,7223.495581547522
2023-12-15 09:00:00,7079.0,7070.422036789458
2023-12-15 10:00:00,7171.0,7164.635886159557
2023-12-15 11:00:00,7625.0,7589.85393939512
2023-12-15 12:00:00,8004.0,8014.622988968948
2023-12-15 13:00:00,7144.0,7123.484020745564
2023-12-15 14:00:00,6589.0,6607.1441006109535
2023-12-15 15:00:00,6514.0,6541.024851401477
2023-12-15 16:00:00,6926.0,6960.123532470604
2023-12-15 17:00:00,8466.0,8487.697787513176
2023-12-15 18:00:00,8342.0,8329.555621861502
2023-12-15 18:30:00,8333.0,8355.34597233895
2023-12-15 19:00:00,8434.0,8440.993120636485
2023-12-15 20:00:00,8401.0,8368.784063928922
2023-12-15 21:00:00,7956.0,7937.862066001432
2023-12-15 22:00:00,7549.0,7550.516380094548
2023-12-15 23:00:00,7202.0,7188.291932344304
2023-12-16 00:00:00,6786.0,6809.408829447243
2023-12-16 01:00:00,6341.0,6339.691269403356
2023-12-16 02:00:00,6033.0,6039.764161081051
2023-12-16 03:00:00,5912.0,5926.240320268399
2023-12-16 04:00:00,5848.0,5831.2058760769705
2023-12-16 05:00:00,6038.0,6036.28754262373
2023-12-16 06:00:00,6182.0,6196.155995013465
2023-12-16 07:00:00,6677.0,6664.127876330151
2023-12-16 08:00:00,6645.0,6672.634588545494
2023-12-16 09:00:00,6602.0,6632.490608347749
2023-12-16 10:00:00,6762.0,6781.6291015205325
2023-12-16 11:00:00,7199.0,7195.424393927159
2023-12-16 12:00:00,7563.0,7554.9863297706
2023-12-16 13:00:00,7445.0,7430.4126483168575
2023-12-16 14:00:00,6691.0,6681.548053234821
2023-12-16 15:00:00,6421.0,6427.721402063558
2023-12-16 16:00:00,6706.0,6689.97469474732
2023-12-16 17:00:00,8192.0,8233.655989322466
2023-12-16 18:00:00,8159.0,8170.995625431122
2023-12-16 18:30:00,8102.0,8129.572740264498
2023-12-16 19:00:00,8097.0,8067.410760190345
2023-12-16 20:00:00,7866.0,7878.5054821322965
2023-12-16 21:00:00,7672.0,7676.206987355156
2023-12-16 22:00:00,7296.0,7301.790757018703
2023-12-16 23:00:00,6927.0,6957.250301790623
2023-12-17 00:00:00,6452.0,6452.680050201725
2023-12-17 01:00:00,6169.0,6165.152219528152
2023-12-17 02:00:00,5921.0,5940.018724203166
2023-12-17 03:00:00,5693.0,5684.994328553147
2023-12-17 04:00:00,5635.0,5636.896498084305
2023-12-17 05:00:00,6111.0,6117.862822832692
2023-12-17 06:00:00,6638.0,6646.601592801576
2023-12-17 07:00:00,7556.0,7614.213639896641
2023-12-17 08:00:00,7877.0,7886.836207149972
2023-12-17 09:00:00,7969.0,7948.135110676937
2023-12-17 10:00:00,8100.0,8068.674765882485
2023-12-17 11:00:00,8567.0,8564.727173759233
2023-12-17 12:00:00,8770.0,8795.460983773073
2023-12-17 13:00:00,8499.0,8522.14402092478
2023-12-17 14:00:00,8003.0,7998.434042425369
2023-12-17 15:00:00,7908.0,7897.895256125092
2023-12-17 16:00:00,8238.0,8262.350343738479
2023-12-17 17:00:00,9638.0,9620.943841161012
2023-12-17 18:00:00,9648.0,9611.871548051406
2023-12-17 18:30:00,9580.0,9564.398190897478
2023-12-17 19:00:00,9365.0,9359.452824664271
2023-12-17 20:00:00,9116.0,9122.47880032997
2023-12-17 21:00:00,8736.0,8704.328977023673
2023-12-17 22:00:00,8190.0,8201.684486984383
2023-12-17 23:00:00,7683.0,7672.219261278455
2023-12-18 00:00:00,7159.0,7175.535290564247
2023-12-18 01:00:00,6752.0,6755.303694203822
2023-12-18 02:00:00,6490.0,6492.778615848008
2023-12-18 03:00:00,6339.0,6320.145802535106
2023-12-18 04:00:00,6274.0,6269.974647511797
2023-12-18 05:00:00,6509.0,6504.03877954021
2023-12-18 06:00:00,7092.0,7113.524466630292
2023-12-18 07:00:00,8756.0,8710.68206429185
2023-12-18 08:00:00,8176.0,8198.829809738123
2023-12-18 09:00:00,8059.0,8063.903196502354
2023-12-18 10:00:00,8550.0,8562.645995779494
2023-12-18 11:00:00,8756.0,8765.249266920626
2023-12-18 12:00:00,9200.0,9198.687451700745
2023-12-18 13:00:00,8895.0,8900.37596512272
2023-12-18 14:00:00,8432.0,8448.360577552185
2023-12-18 15:00:00,8318.0,8306.187877154094
2023-12-18 16:00:00,8570.0,8535.44911291528
2023-12-18 17:00:00,10111.0,10091.817531426577
2023-12-18 18:00:00,9874.0,9884.250473799144
2023-12-18 18:30:00,9639.0,9628.909649834013
2023-12-18 19:00:00,9616.0,9599.413982444745
2023-12-18 20:00:00,9346.0,9351.377908049722
2023-12-18 21:00:00,8825.0,8803.957993631406
2023-12-18 22:00:00,8232.0,8244.031858069184
2023-12-18 23:00:00,7755.0,7769.1771665154265
2023-12-19 00:00:00,7267.0,7266.067273949044
2023-12-19 01:00:00,6887.0,6896.747366775233
2023-12-19 02:00:00,6624.0,6635.096511808302
2023-12-19 03:00:00,6367.0,6367.711126246019
2023-12-19 04:00:00,6353.0,6357.26246322457
2023-12-19 05:00:00,6765.0,6759.4243136282075
2023-12-19 06:00:00,7267.0,7265.741628364744
2023-12-19 07:00:00,8013.0,7950.733120407747
2023-12-19 08:00:00,8347.0,8347.283104009737
2023-12-19 09:00:00,8272.0,8266.445812036756
2023-12-19 10:00:00,8459.0,8448.691140231
2023-12-19 11:00:00,8790.0,8739.56811349043
2023-12-19 12:00:00,9165.0,9182.654884176938
2023-12-19 13:00:00,8812.0,8783.95587326301
2023-12-19 14:00:00,8498.0,8493.367221509108
2023-12-19 15:00:00,8346.0,8330.678955781072
2023-12-19 16:00:00,8769.0,8741.716351829806
2023-12-19 17:00:00,10180.0,10173.886523020616
2023-12-19 18:00:00,10016.0,9998.816698341863
2023-12-19 18:30:00,9936.0,9917.508425649965
2023-12-19 19:00:00,9758.0,9764.199252735603
2023-12-19 20:00:00,9373.0,9384.115983214386
2023-12-19 21:00:00,8926.0,8927.890037397627
2023-12-19 22:00:00,8443.0,8435.504035644104
2023-12-19 23:00:00,8076.0,8034.537022007426
2023-12-20 00:00:00,7375.0,7381.511582916246
2023-12-20 01:00:00,6996.0,6995.4655976288905
2023-12-20 02:00:00,6748.0,6749.920935261292
2023-12-20 03:00:00,6577.0,6569.679790546762
2023-12-20 04:00:00,6533.0,6535.5359659625165
2023-12-20 05:00:00,6838.0,6858.0459158832855
2023-12-20 06:00:00,7391.0,7386.31538226024
2023-12-20 07:00:00,8237.0,8242.298422500813
2023-12-20 08:00:00,8519.0,8501.78025919213
2023-12-20 09:00:00,8264.0,8271.99673154592
2023-12-20 10:00:00,8495.0,8458.230137501303
2023-12-20 11:00:00,9048.0,9027.683049832183
2023-12-20 12:00:00,9283.0,9272.12136879253
2023-12-20 13:00:00,8858.0,8831.932333019766
2023-12-20 14:00:00,8549.0,8562.176538530779
2023-12-20 15:00:00,8494.0,8489.790260354837
2023-12-20 16:00:00,8597.0,8616.515955232227
2023-12-20 17:00:00,10093.0,10087.09838408901
2023-12-20 18:00:00,9924.0,9973.370778578552
2023-12-20 18:30:00,9838.0,9841.794351616898
2023-12-20 19:00:00,9734.0,9757.015192737408
2023-12-20 20:00:00,9443.0,9436.885379225874
2023-12-20 21:00:00,9025.0,9040.393534261591
2023-12-20 22:00:00,8448.0,8436.572553720076
2023-12-20 23:00:00,8067.0,8034.611796499806
2023-12-21 00:00:00,7491.0,7503.117570854742
2023-12-21 01:00:00,7098.0,7082.297399204914
2023-12-21 02:00:00,6912.0,6960.1630268049175
2023-12-21 03:00:00,6667.0,6663.5884639747155
2023-12-21 04:00:00,6620.0,6616.169024324919
2023-12-21 05:00:00,6871.0,6871.174896303563
2023-12-21 06:00:00,7492.0,7485.409433332255
2023-12-21 07:00:00,8289.0,8221.043862178192
2023-12-21 08:00:00,8526.0,8508.40291585568
2023-12-21 09:00:00,8463.0,8483.294924789396
2023-12-21 10:00:00,8755.0,8713.875911502535
2023-12-21 11:00:00,9235.0,9264.62429858993
2023-12-21 12:00:00,9554.0,9544.978352336022
2023-12-21 13:00:00,9086.0,9083.322963793242
2023-12-21 14:00:00,8749.0,8748.231987355453
2023-12-21 15:00:00,8560.0,8565.457353729053
2023-12-21 16:00:00,8919.0,8909.179123288657
2023-12-21 17:00:00,10145.0,10112.115029688883
2023-12-21 18:00:00,10061.0,10047.455741485697
2023-12-21 18:30:00,9889.0,9894.478722687414
2023-12-21 19:00:00,9696.0,9707.967360464827
2023-12-21 20:00:00,9542.0,9555.45628467647
2023-12-21 21:00:00,9099.0,9084.363664286155
2023-12-21 22:00:00,8609.0,8596.20343484358
2023-12-21 23:00:00,8094.0,8070.702926433752
2023-12-22 00:00:00,7596.0,7608.67820360478
2023-12-22 01:00:00,7279.0,7275.709150469791
2023-12-22 02:00:00,7063.0,7062.209816581654
2023-12-22 03:00:00,6827.0,6846.492089324164
2023-12-22 04:00:00,6628.0,6632.401478293462
2023-12-22 05:00:00,6836.0,6855.090182405034
2023-12-22 06:00:00,6961.0,6941.61807103532
2023-12-22 07:00:00,7451.0,7428.725337120792
2023-12-22 08:00:00,7457.0,7448.3235277505155
2023-12-22 09:00:00,7416.0,7415.570942750875
2023-12-22 10:00:00,7626.0,7640.300733460667
2023-12-22 11:00:00,8173.0,8181.968532741555
2023-12-22 12:00:00,8733.0,8686.771939315662
2023-12-22 13:00:00,7377.0,7214.1989118040165
2023-12-22 14:00:00,6935.0,9057.312414629187
2023-12-22 15:00:00,6814.0,6818.355316489276
2023-12-22 16:00:00,7321.0,7308.757557601321
2023-12-22 17:00:00,8694.0,8697.957994496988
2023-12-22 18:00:00,8663.0,8682.017459054403
2023-12-22 18:30:00,8684.0,8716.230038379019
2023-12-22 19:00:00,8677.0,8679.94361506982
2023-12-22 20:00:00,8590.0,8600.542863748467
2023-12-22 21:00:00,8236.0,8226.299461700164
2023-12-22 23:00:00,7477.0,7480.109911730569
2023-12-23 00:00:00,6871.0,6870.8386003662745
2023-12-23 01:00:00,6614.0,6612.135689044905
2023-12-23 02:00:00,6411.0,6419.211735340107
2023-12-23 03:00:00,6197.0,6182.183592202996
2023-12-23 04:00:00,6252.0,6252.519073537344
2023-12-23 05:00:00,6681.0,6650.6330423877525
2023-12-23 06:00:00,6843.0,6888.879173088538
2023-12-23 07:00:00,7543.0,7555.152576643542
2023-12-23 08:00:00,7689.0,7682.652541789567
2023-12-23 09:00:00,7726.0,7718.809976764331
2023-12-23 10:00:00,7969.0,7967.363417735326
2023-12-23 11:00:00,8475.0,8486.126575556324
2023-12-23 12:00:00,8843.0,8830.209485632246
2023-12-23 13:00:00,8507.0,8502.95118094887
2023-12-23 14:00:00,8247.0,8262.633726989669
2023-12-23 15:00:00,8335.0,8327.593870664592
2023-12-23 16:00:00,8694.0,8689.06592205159
2023-12-23 17:00:00,9892.0,9862.126792043546
2023-12-23 18:00:00,9910.0,9892.714885308485
2023-12-23 18:30:00,9880.0,9885.126562440842
2023-12-23 19:00:00,9833.0,9823.62647251477
2023-12-23 20:00:00,9435.0,9446.696475431723
2023-12-23 21:00:00,9024.0,9055.976231189245
2023-12-23 22:00:00,7850.0,7867.814570119795
2023-12-23 22:00:00,8498.0,8489.253933829172
2023-12-23 23:00:00,8063.0,8064.05300069762
2023-12-24 00:00:00,7476.0,7503.361765713212
2023-12-24 01:00:00,7122.0,7114.785931458982
2023-12-24 02:00:00,6831.0,6842.36878835424
2023-12-24 03:00:00,6718.0,6722.250583465512
2023-12-24 04:00:00,6565.0,6561.300771829796
2023-12-24 05:00:00,6939.0,6957.7888171225
2023-12-24 06:00:00,7382.0,7366.08101870466
2023-12-24 07:00:00,8133.0,8108.45947215044
2023-12-24 08:00:00,8559.0,8575.204129563148
2023-12-24 09:00:00,8557.0,8572.835871790054
2023-12-24 10:00:00,8748.0,8795.675840023421
2023-12-24 11:00:00,9141.0,9175.526684150089
2023-12-24 12:00:00,9494.0,9503.58328485826
2023-12-24 13:00:00,9027.0,9056.317602894118
2023-12-24 14:00:00,8565.0,8556.619156077166
2023-12-24 15:00:00,8466.0,8480.191696474218
2023-12-24 16:00:00,8881.0,8835.027557741718
2023-12-24 17:00:00,10203.0,10209.299081716368
2023-12-24 18:00:00,9985.0,9973.2040021741
2023-12-24 18:30:00,9958.0,9984.289705598678
2023-12-24 19:00:00,9940.0,9931.756141729782
2023-12-24 20:00:00,9662.0,9680.614960232693
2023-12-24 21:00:00,9148.0,9175.10046557539
2023-12-24 22:00:00,8570.0,8561.564199090632
2023-12-24 23:00:00,8079.0,8071.835404920998
2023-12-25 00:00:00,7624.0,7624.908112359127
2023-12-25 01:00:00,7288.0,7283.9414692936125
2023-12-25 02:00:00,6975.0,6981.48824086252
2023-12-25 03:00:00,6844.0,6846.49726411333
2023-12-25 04:00:00,6658.0,6644.798720422323
2023-12-25 05:00:00,6987.0,6997.558320665766
2023-12-25 06:00:00,7313.0,7297.356824063708
2023-12-25 07:00:00,7982.0,7984.975459188262
2023-12-25 08:00:00,8527.0,8526.795912635755
2023-12-25 09:00:00,8375.0,8361.4630018346
2023-12-25 10:00:00,8536.0,8513.131157716962
2023-12-25 11:00:00,9015.0,9015.66891402475
2023-12-25 12:00:00,9225.0,9222.697142248519
2023-12-25 13:00:00,8919.0,8900.203666049507
2023-12-25 14:00:00,8434.0,8435.814727301515
2023-12-25 15:00:00,8301.0,8262.66706633789
2023-12-25 16:00:00,8535.0,8494.4597213323
2023-12-25 17:00:00,9977.0,9966.868855563902
2023-12-25 18:00:00,9985.0,10011.105872991224
2023-12-25 18:30:00,9805.0,9847.148638231969
2023-12-25 19:00:00,9709.0,9703.208427725742
2023-12-25 20:00:00,9428.0,9436.348847073783
2023-12-25 21:00:00,8944.0,8963.833360800492
2023-12-25 22:00:00,8417.0,8414.318783122935
2023-12-25 23:00:00,7913.0,7897.286369623959
2023-12-26 00:00:00,7444.0,7449.3559515776515
2023-12-26 01:00:00,7118.0,7118.7926694177395
2023-12-26 02:00:00,6841.0,6829.079800023117
2023-12-26 03:00:00,6703.0,6703.326309099533
2023-12-26 04:00:00,6544.0,6548.973765350543
2023-12-26 05:00:00,6892.0,6916.521525011525
2023-12-26 06:00:00,7312.0,7306.63059144321
2023-12-26 07:00:00,8121.0,8075.729636982769
2023-12-26 08:00:00,8694.0,8679.92329726022
2023-12-26 09:00:00,8649.0,8650.922559836032
2023-12-26 10:00:00,8799.0,8827.00216967991
2023-12-26 11:00:00,9194.0,9198.46518144118
2023-12-26 12:00:00,9572.0,9607.011903348763
2023-12-26 13:00:00,9027.0,9021.989255460405
2023-12-26 14:00:00,8749.0,8752.453787643675
2023-12-26 15:00:00,8582.0,8584.181601824448
2023-12-26 16:00:00,8941.0,8935.157037508057
2023-12-26 17:00:00,10225.0,10200.3532903814
2023-12-26 18:00:00,10031.0,9997.173676066577
2023-12-26 18:30:00,10031.0,10011.30568494434
2023-12-26 19:00:00,9893.0,9875.346575570096
2023-12-26 20:00:00,9568.0,9588.08907434407
2023-12-26 21:00:00,9145.0,9138.512694106566
2023-12-26 22:00:00,8542.0,8540.7680436731
2023-12-26 23:00:00,8090.0,8085.548436761539
2023-12-27 00:00:00,7538.0,7555.762712847835
2023-12-27 01:00:00,7248.0,7228.119642380778
2023-12-27 02:00:00,7040.0,7046.64367845561
2023-12-27 03:00:00,6916.0,6900.173111198013
2023-12-27 04:00:00,6680.0,6665.903341997654
2023-12-27 05:00:00,6943.0,6947.1970298521865
2023-12-27 06:00:00,7548.0,7528.346221440464
2023-12-27 07:00:00,8384.0,8402.376061995763
2023-12-27 08:00:00,8845.0,8829.320637215695
2023-12-27 09:00:00,8879.0,8864.189872422947
2023-12-27 10:00:00,9044.0,9051.229415463187
2023-12-27 11:00:00,9540.0,9566.053328306862
2023-12-27 12:00:00,9848.0,9824.62435698962
2023-12-27 13:00:00,9300.0,9311.868314974501
2023-12-27 14:00:00,8843.0,8842.678306271453
2023-12-27 15:00:00,8645.0,8665.042148337423
2023-12-27 16:00:00,8943.0,8951.598014496958
2023-12-27 17:00:00,10396.0,10380.424293736678
2023-12-27 18:00:00,10204.0,10245.550061892778
2023-12-27 18:30:00,10078.0,10058.261208972943
2023-12-27 19:00:00,9937.0,9928.832249089262
2023-12-27 20:00:00,9717.0,9726.426122736091
2023-12-27 21:00:00,9041.0,9003.245091178787
2023-12-27 22:00:00,8638.0,8617.076234650192
2023-12-27 23:00:00,8405.0,8444.072726963834
2023-12-28 00:00:00,7652.0,7628.687761692217
2023-12-28 01:00:00,7346.0,7350.193719169456
2023-12-28 02:00:00,7161.0,7161.801054006712
2023-12-28 03:00:00,6926.0,6934.233857205887
2023-12-28 04:00:00,6840.0,6813.5638108716275
2023-12-28 05:00:00,7068.0,7054.911545480521
2023-12-28 06:00:00,7657.0,7630.161265469067
2023-12-28 07:00:00,8354.0,8354.639242355353
2023-12-28 08:00:00,9003.0,8969.096696077531
2023-12-28 09:00:00,9025.0,9027.25106298837
2023-12-28 10:00:00,9088.0,9097.408723017843
2023-12-28 11:00:00,9618.0,9635.26903445664
2023-12-28 12:00:00,9978.0,9964.782988864697
2023-12-28 13:00:00,8891.0,8880.810899356338
2023-12-28 14:00:00,8786.0,8785.018273785829
2023-12-28 15:00:00,8786.0,8799.52049222674
2023-12-28 16:00:00,9053.0,9040.730323311214
2023-12-28 17:00:00,10487.0,10469.499399889999
2023-12-28 18:00:00,10411.0,10456.615312132068
2023-12-28 18:30:00,10182.0,10200.939381022286
2023-12-28 19:00:00,10111.0,10109.222036563682
2023-12-28 20:00:00,9793.0,9812.19717115207
2023-12-28 21:00:00,9332.0,9332.10700741842
2023-12-28 22:00:00,8699.0,8707.834427702524
2023-12-28 23:00:00,8208.0,8203.968022278093
2023-12-29 00:00:00,7701.0,7693.025659024186
2023-12-29 01:00:00,7410.0,7416.065785285927
2023-12-29 02:00:00,7152.0,7161.041264586454
2023-12-29 03:00:00,6893.0,6905.433257032781
2023-12-29 04:00:00,6765.0,6775.98289493532
2023-12-29 05:00:00,6844.0,6852.952310385296
2023-12-29 06:00:00,7062.0,7057.553515687215
2023-12-29 07:00:00,7684.0,7648.432966174563
2023-12-29 08:00:00,7754.0,7763.720293883713
2023-12-29 09:00:00,7805.0,7799.215547898054
2023-12-29 10:00:00,7938.0,7929.921020667894
2023-12-29 11:00:00,8465.0,8462.788643805014
2023-12-29 12:00:00,9033.0,8982.261386514443
2023-12-29 13:00:00,7685.0,7626.493554293747
2023-12-29 14:00:00,7176.0,7211.1196879057625
2023-12-29 15:00:00,7085.0,7080.937634976365
2023-12-29 16:00:00,7461.0,7425.4316929533825
2023-12-29 17:00:00,8944.0,8937.393027740838
2023-12-29 18:00:00,8955.0,8964.650418375944
2023-12-29 18:30:00,8978.0,8964.650418375944
2023-12-29 19:00:00,8934.0,8927.312284260724
2023-12-29 20:00:00,8925.0,8940.210178993313
2023-12-29 21:00:00,8582.0,8576.573355138824
2023-12-29 22:00:00,8040.0,8036.383740273924
2023-12-29 23:00:00,7701.0,7708.635976797034
2023-12-30 00:00:00,7141.0,7139.184676746752
2023-12-30 01:00:00,6854.0,6856.032329907524
2023-12-30 02:00:00,6641.0,6644.16968446887
2023-12-30 03:00:00,6434.0,6432.642350756248
2023-12-30 04:00:00,6281.0,6264.5847814603385
2023-12-30 05:00:00,6657.0,6633.474251771707
2023-12-30 06:00:00,7139.0,7144.82673324537
2023-12-30 07:00:00,7861.0,7849.498398514885
2023-12-30 08:00:00,8083.0,8065.370807258347
2023-12-30 09:00:00,8077.0,8061.436285136524
2023-12-30 10:00:00,8359.0,8338.484371944725
2023-12-30 11:00:00,8923.0,8912.817459578639
2023-12-30 12:00:00,9368.0,9348.796350314511
2023-12-30 13:00:00,8772.0,8763.410487496229
2023-12-30 14:00:00,8643.0,8656.710683607707
2023-12-30 15:00:00,8343.0,8358.02585105014
2023-12-30 16:00:00,8717.0,8714.198187607615
2023-12-30 17:00:00,10239.0,10228.015795205914
2023-12-30 18:00:00,10262.0,10229.646372771165
2023-12-30 18:30:00,10056.0,10040.748992161012
2023-12-30 19:00:00,9993.0,9970.59150184867
2023-12-30 20:00:00,9706.0,9715.794430039512
2023-12-30 22:00:00,8625.0,8729.127572484154
2023-12-30 23:00:00,8168.0,8195.992012306051
2023-12-31 00:00:00,7601.0,7618.965454695559
2023-12-31 01:00:00,7385.0,7368.686699838223
2023-12-31 02:00:00,7123.0,7131.381998513965
2023-12-31 03:00:00,6791.0,6803.53742232995
2023-12-31 04:00:00,6752.0,6777.184211550909
2023-12-31 05:00:00,7068.0,7064.970970709976
2023-12-31 06:00:00,7373.0,7377.471675477709
2023-12-31 07:00:00,8422.0,8421.30225795488
2023-12-31 08:00:00,8729.0,8725.218550532212
2023-12-31 09:00:00,8896.0,8942.094715847457
2023-12-31 10:00:00,8929.0,8950.005093241982
2023-12-31 11:00:00,9514.0,9548.851841898528
2023-12-31 12:00:00,9648.0,9636.24480723705
2023-12-31 13:00:00,9257.0,9261.374530886436
2023-12-31 14:00:00,8631.0,8647.061012001239
2023-12-31 15:00:00,8436.0,8464.766269811296
2023-12-31 16:00:00,8660.0,8638.056397364056
2023-12-31 17:00:00,10204.0,10189.484816603597
2023-12-31 18:00:00,10180.0,10190.37190226532
2023-12-31 18:30:00,9845.0,9902.516948433795
2023-12-31 19:00:00,9894.0,9901.853438348071
2023-12-31 20:00:00,9669.0,9668.714656183041
2023-12-31 21:00:00,9250.0,9275.24576615092
2023-12-31 22:00:00,8690.0,8698.208945401717
2023-12-31 23:00:00,8039.0,8046.869474400834
2024-01-01 00:00:00,7580.0,7596.582304089439
2024-01-01 01:00:00,7259.0,7245.449470849475
2024-01-01 02:00:00,7010.0,7022.09080646253
2024-01-01 03:00:00,6733.0,6730.567694634349
2024-01-01 04:00:00,6598.0,6596.951402276063
2024-01-01 05:00:00,6936.0,6939.111470036821
2024-01-01 06:00:00,7232.0,7226.050491327093
2024-01-01 07:00:00,8073.0,8064.230579089725
2024-01-01 08:00:00,8690.0,8678.908379170287
2024-01-01 09:00:00,8513.0,8543.10929856622
2024-01-01 10:00:00,8591.0,8612.137591757062
2024-01-01 11:00:00,9084.0,9093.925529086899
2024-01-01 12:00:00,9331.0,9316.681162864325
2024-01-01 13:00:00,9049.0,9042.862203073182
2024-01-01 14:00:00,8558.0,8535.805493409101
2024-01-01 15:00:00,8399.0,8381.213164089624
2024-01-01 16:00:00,8610.0,8587.079623356503
2024-01-01 17:00:00,9482.0,9465.669501473654
2024-01-01 18:00:00,9944.0,9903.17825793543
2024-01-01 18:30:00,9771.0,9766.842614248906
2024-01-01 19:00:00,9763.0,9730.039859159215
2024-01-01 20:00:00,9423.0,9417.39950578218
2024-01-01 21:00:00,8860.0,8884.015739389673
2024-01-01 22:00:00,8312.0,8311.182605474423
2024-01-01 23:00:00,7923.0,7915.676347052297
2024-01-02 00:00:00,7474.0,7487.348904540627
2024-01-02 01:00:00,7023.0,7020.0674962117
2024-01-02 02:00:00,6667.0,6674.108534253542
2024-01-02 03:00:00,6550.0,6552.750904739402
2024-01-02 04:00:00,6514.0,6528.03065919678
2024-01-02 05:00:00,6900.0,6916.707275229633
2024-01-02 06:00:00,7323.0,7308.106131653195
2024-01-02 07:00:00,8143.0,8105.036686877449
2024-01-02 08:00:00,8615.0,8599.13068129441
2024-01-02 09:00:00,8819.0,8825.978361746122
2024-01-02 10:00:00,8896.0,8919.444885310215
2024-01-02 11:00:00,9294.0,9287.060091249297
2024-01-02 12:00:00,9599.0,9570.178554641876
2024-01-02 13:00:00,9110.0,9140.456843185626
2024-01-02 14:00:00,8607.0,8605.389057141412
2024-01-02 15:00:00,8482.0,8459.192043642828
2024-01-02 16:00:00,8628.0,8648.552402425395
2024-01-02 17:00:00,10056.0,10067.208450694332
2024-01-02 18:00:00,9900.0,9890.577898979584
2024-01-02 18:30:00,9883.0,9859.147004802757
2024-01-02 19:00:00,9773.0,9761.041790322624
2024-01-02 20:00:00,9621.0,9614.02871745506
2024-01-02 21:00:00,9015.0,9017.914098176232
2024-01-02 22:00:00,8250.0,8243.054477607302
2024-01-02 23:00:00,7875.0,7884.007289775622
2024-01-03 00:00:00,7318.0,7710.609994451933
2024-01-03 01:00:00,7051.0,7054.00129216939
2024-01-03 02:00:00,6771.0,6777.530988691122
2024-01-03 03:00:00,6479.0,6503.117779725659
2024-01-03 04:00:00,6464.0,6444.759045771075
2024-01-03 05:00:00,6923.0,6879.25415627583
2024-01-03 06:00:00,7468.0,7435.7589594470855
2024-01-03 07:00:00,8391.0,8364.064926980014
2024-01-03 08:00:00,8959.0,8935.835454845761
2024-01-03 09:00:00,8922.0,8936.812788640149
2024-01-03 10:00:00,8985.0,9003.677862580145
2024-01-03 11:00:00,9287.0,9273.262943135907
2024-01-03 12:00:00,9548.0,9541.145774852243
2024-01-03 13:00:00,9079.0,9098.825063983824
2024-01-03 14:00:00,8840.0,8847.68920301613
2024-01-03 15:00:00,8472.0,8459.873659035684
2024-01-03 16:00:00,8658.0,8630.53660176517
2024-01-03 17:00:00,10131.0,10108.595193354093
2024-01-03 18:00:00,10109.0,10103.345529271179
2024-01-03 18:30:00,10048.0,10059.758711065619
2024-01-03 19:00:00,9988.0,9980.532819340675
2024-01-03 20:00:00,9669.0,9677.123626723687
2024-01-03 21:00:00,9156.0,9174.964484098466
2024-01-03 22:00:00,8563.0,8543.493046319601
2024-01-03 23:00:00,7966.0,7951.560791562735
2024-01-04 00:00:00,7495.0,7493.036563528637
2024-01-04 01:00:00,7090.0,7076.126885073665
2024-01-04 02:00:00,6820.0,6820.5961305596065
2024-01-04 03:00:00,6820.0,6817.836053017213
2024-01-04 04:00:00,6481.0,6486.802252488301
2024-01-04 05:00:00,6844.0,6815.184292324691
2024-01-04 06:00:00,7371.0,7364.879909274026
2024-01-04 07:00:00,8416.0,8392.100080357852
2024-01-04 08:00:00,8848.0,8828.253842399572
2024-01-04 09:00:00,8967.0,8999.289033858944
2024-01-04 10:00:00,9107.0,9137.326423132854
2024-01-04 11:00:00,9508.0,9502.101616797465
2024-01-04 12:00:00,9766.0,9759.260510102758
2024-01-04 13:00:00,9291.0,9284.53012511968
2024-01-04 14:00:00,8936.0,8918.408407967017
2024-01-04 15:00:00,8574.0,8567.470694245018
2024-01-04 16:00:00,8894.0,8907.599826440724
2024-01-04 17:00:00,10107.0,10065.404851332145
2024-01-04 18:00:00,10090.0,10143.556354110899
2024-01-04 18:30:00,9895.0,9943.612615360922
2024-01-04 19:00:00,9857.0,9831.942083690112
2024-01-04 20:00:00,9680.0,9669.878117034725
2024-01-04 21:00:00,9138.0,9172.98669838651
2024-01-04 22:00:00,8547.0,8543.493046319601
2024-01-04 23:00:00,8171.0,8174.015706346789
2024-01-05 00:00:00,7619.0,7621.517930405052
2024-01-05 01:00:00,7215.0,7222.8145500126275
2024-01-05 02:00:00,6871.0,6866.72082719678
2024-01-05 03:00:00,6686.0,6678.147777227599
2024-01-05 04:00:00,6576.0,6558.332769866249
2024-01-05 05:00:00,6751.0,6776.02220218625
2024-01-05 06:00:00,7090.0,7101.959183059501
2024-01-05 07:00:00,7762.0,7749.0722681218585
2024-01-05 08:00:00,8133.0,8159.419613569509
2024-01-05 09:00:00,8124.0,8124.4675452637475
2024-01-05 10:00:00,8120.0,8117.310814930173
2024-01-05 11:00:00,8731.0,8692.805110684056
2024-01-05 12:00:00,9230.0,9267.715845115794
2024-01-05 13:00:00,8021.0,8053.339720031489
2024-01-05 14:00:00,7480.0,7485.811580776395
2024-01-05 15:00:00,7265.0,7251.59731297163
2024-01-05 16:00:00,7569.0,7569.916047028914
2024-01-05 17:00:00,8919.0,8876.48470681277
2024-01-05 18:00:00,9140.0,9148.713136033852
2024-01-05 18:30:00,9168.0,9165.745462758363
2024-01-05 19:00:00,9110.0,9110.813590681197
2024-01-05 20:00:00,8905.0,8912.337595994675
2024-01-05 21:00:00,8595.0,8604.58158699564
2024-01-05 22:00:00,8106.0,8094.369158256993
2024-01-05 23:00:00,7648.0,7658.476780730532
2024-01-06 00:00:00,7062.0,7072.713169248492
2024-01-06 01:00:00,6700.0,6695.80388379937
2024-01-06 02:00:00,6370.0,6354.400417982465
2024-01-06 03:00:00,6266.0,6276.310166934304
2024-01-06 04:00:00,6149.0,6139.602298713119
2024-01-06 05:00:00,6518.0,6510.420620190815
2024-01-06 06:00:00,6800.0,6817.737927733115
2024-01-06 07:00:00,7709.0,7763.919823519677
2024-01-06 08:00:00,8197.0,8235.353358544775
2024-01-06 09:00:00,8193.0,8203.09577339542
2024-01-06 10:00:00,8165.0,8168.738074696703
2024-01-06 11:00:00,8712.0,8676.353212279553
2024-01-06 12:00:00,9219.0,9258.079639797015
2024-01-06 13:00:00,8757.0,8761.474698339993
2024-01-06 14:00:00,8077.0,8088.65781036107
2024-01-06 15:00:00,7633.0,7644.274322621539
2024-01-06 16:00:00,7805.0,7812.995401011113
2024-01-06 17:00:00,8828.0,8837.766341649552
2024-01-06 18:00:00,9113.0,9120.2642935824
2024-01-06 18:30:00,9001.0,9009.76565753854
2024-01-06 19:00:00,8854.0,8857.268382587166
2024-01-06 20:00:00,8843.0,8838.58974155593
2024-01-06 21:00:00,8335.0,8338.238889932501
2024-01-06 22:00:00,7702.0,7685.343978611635
2024-01-06 23:00:00,7195.0,7201.492691370983
2024-01-07 00:00:00,6578.0,6586.663547628053
2024-01-07 01:00:00,6284.0,6287.187194107558
2024-01-07 02:00:00,6000.0,6004.458188936868
2024-01-07 03:00:00,5756.0,5769.367377625227
2024-01-07 04:00:00,5740.0,5751.539267222606
2024-01-07 05:00:00,5808.0,5816.795849425869
2024-01-07 06:00:00,5639.0,5655.733923372887
2024-01-07 07:00:00,6139.0,6156.144427867897
2024-01-07 08:00:00,6132.0,6149.119172296616
2024-01-07 09:00:00,5877.0,5883.644704091742
2024-01-07 10:00:00,5813.0,5829.826789031035
2024-01-07 11:00:00,5979.0,5996.887054775286
2024-01-07 12:00:00,6791.0,6790.805765573179
2024-01-07 13:00:00,6500.0,6517.613739181058
2024-01-07 14:00:00,5497.0,5538.257015473772
2024-01-07 15:00:00,5192.0,5230.887719374969
2024-01-07 16:00:00,5500.0,5526.9206431091925
2024-01-07 17:00:00,7175.0,7197.387791647576
2024-01-07 18:00:00,7445.0,7450.093498229912
2024-01-07 18:30:00,7468.0,7479.082230899497
2024-01-07 19:00:00,7458.0,7473.002690773899
2024-01-07 20:00:00,7367.0,7345.320152272376
2024-01-07 21:00:00,7012.0,7019.81381250939
2024-01-07 22:00:00,6322.0,6309.175525208078
2024-01-07 23:00:00,5916.0,5913.706476285939
2024-01-08 00:00:00,5511.0,5499.839522764608
2024-01-08 01:00:00,5300.0,5311.4525284362635
2024-01-08 02:00:00,5075.0,5057.213942034652
2024-01-08 03:00:00,4997.0,4976.957719334713
2024-01-08 04:00:00,5004.0,4999.637881954003
2024-01-08 05:00:00,5479.0,5495.694219812649
2024-01-08 06:00:00,6214.0,6225.390618463955
2024-01-08 07:00:00,7264.0,7230.306565553061
2024-01-08 08:00:00,8092.0,8237.482253839025
2024-01-08 09:00:00,8290.0,8280.943241038816
2024-01-08 10:00:00,8283.0,8280.417006290083
2024-01-08 11:00:00,8810.0,8761.984481872645
2024-01-08 12:00:00,9187.0,9183.887082655574
2024-01-08 13:00:00,8632.0,8625.504057287968
2024-01-08 14:00:00,8303.0,8330.928401492534
2024-01-08 15:00:00,8016.0,8025.783449919945
2024-01-08 16:00:00,8088.0,8059.95946456856
2024-01-08 17:00:00,9440.0,9406.502482322638
2024-01-08 18:00:00,9566.0,9567.254798076445
2024-01-08 18:30:00,9501.0,9489.537511067912
2024-01-08 19:00:00,9391.0,9397.708995774374
2024-01-08 20:00:00,9199.0,9172.581058496775
2024-01-08 21:00:00,8714.0,8706.042052960383
2024-01-08 22:00:00,8044.0,8054.3172461426875
2024-01-08 23:00:00,7500.0,7516.982354474147
2024-01-09 00:00:00,7082.0,7049.116694785702
2024-01-09 01:00:00,6784.0,6783.831375534561
2024-01-09 02:00:00,6439.0,6445.535671405929
2024-01-09 03:00:00,6332.0,6329.016432259209
2024-01-09 04:00:00,6272.0,6269.98881178308
2024-01-09 05:00:00,6713.0,6690.433397743018
2024-01-09 06:00:00,7331.0,7344.8690254426065
2024-01-09 07:00:00,8217.0,8229.578174472106
2024-01-09 08:00:00,8718.0,8708.646728395674
2024-01-09 09:00:00,8849.0,8867.675387993957
2024-01-09 10:00:00,8770.0,8774.066017618386
2024-01-09 11:00:00,9189.0,9200.606594169834
2024-01-09 12:00:00,9324.0,9313.830584685806
2024-01-09 13:00:00,9028.0,9025.021013394893
2024-01-09 14:00:00,8496.0,8479.294550046654
2024-01-09 15:00:00,8222.0,8230.62449943816
2024-01-09 16:00:00,8529.0,8514.049236223527
2024-01-09 17:00:00,9698.0,9734.486720026563
2024-01-09 18:00:00,9746.0,9762.49526607918
2024-01-09 18:30:00,9759.0,9725.121372137468
2024-01-09 19:00:00,9640.0,9620.370666400486
2024-01-09 20:00:00,9434.0,9422.233862814424
2024-01-09 21:00:00,8939.0,8958.979340140279
2024-01-09 22:00:00,8287.0,8289.575553468429
2024-01-09 23:00:00,7822.0,7815.702727366912
2024-01-10 00:00:00,7374.0,7376.086676493765
2024-01-10 01:00:00,6975.0,6982.381451009456
2024-01-10 02:00:00,6660.0,6663.179063569984
2024-01-10 03:00:00,6542.0,6548.106121279557
2024-01-10 04:00:00,6495.0,6503.476772682567
2024-01-10 05:00:00,6720.0,6675.356857568493
2024-01-10 06:00:00,7290.0,7284.5146992945065
2024-01-10 07:00:00,8425.0,8367.273904249936
2024-01-10 08:00:00,8776.0,8756.130724934566
2024-01-10 09:00:00,8681.0,8674.537053076383
2024-01-10 10:00:00,8849.0,8874.826677460622
2024-01-10 11:00:00,9280.0,9283.09496711856
2024-01-10 12:00:00,9516.0,9510.105274019294
2024-01-10 13:00:00,9010.0,9005.296536144759
2024-01-10 14:00:00,8726.0,8729.243401830527
2024-01-10 15:00:00,8493.0,8490.526839790375
2024-01-10 16:00:00,8670.0,8671.49639380525
2024-01-10 17:00:00,10077.0,10071.574467148654
2024-01-10 18:00:00,10086.0,10050.268810120535
2024-01-10 18:30:00,9972.0,9967.310121915734
2024-01-10 19:00:00,9509.0,9517.57876611152
2024-01-10 20:00:00,9616.0,9590.499606254363
2024-01-10 21:00:00,9087.0,9101.95133861947
2024-01-10 22:00:00,8589.0,8573.380124275374
2024-01-10 23:00:00,8068.0,8064.913428702545
2024-01-11 00:00:00,7622.0,7624.958455612161
2024-01-11 01:00:00,7202.0,7205.875737877998
2024-01-11 02:00:00,6895.0,6898.926270373882
2024-01-11 03:00:00,6716.0,6703.922384592724
2024-01-11 04:00:00,6734.0,6725.289595009397
2024-01-11 05:00:00,7086.0,7069.486753229755
2024-01-11 06:00:00,7390.0,7376.685169546078
2024-01-11 07:00:00,8563.0,8541.049753588555
2024-01-11 08:00:00,8977.0,8965.154600329275
2024-01-11 09:00:00,9112.0,9148.366919046815
2024-01-11 10:00:00,9187.0,9180.35537523228
2024-01-11 11:00:00,9530.0,9557.802720927142
2024-01-11 12:00:00,9833.0,9824.62435698962
2024-01-11 13:00:00,9351.0,9379.611771849559
2024-01-11 14:00:00,8992.0,8991.945899009035
2024-01-11 15:00:00,8703.0,8682.64025214767
2024-01-11 16:00:00,8945.0,8948.96223917941
2024-01-11 17:00:00,10017.0,10000.206413913673
2024-01-11 18:00:00,10280.0,10343.597590202908
2024-01-11 18:30:00,10039.0,10020.99381107324
2024-01-11 19:00:00,9949.0,9921.861048377821
2024-01-11 20:00:00,9716.0,9723.45453483953
2024-01-11 21:00:00,9308.0,9320.581617738206
2024-01-11 22:00:00,8694.0,8716.04851190389
2024-01-11 23:00:00,8305.0,8312.157938443926
2024-01-12 00:00:00,7638.0,7626.170283402087
2024-01-12 01:00:00,7272.0,7292.278372262001
2024-01-12 02:00:00,6987.0,6986.1499862094615
2024-01-12 03:00:00,6773.0,6770.500968909882
2024-01-12 04:00:00,6656.0,6663.382123245987
2024-01-12 05:00:00,6950.0,6967.041351777536
2024-01-12 06:00:00,6964.0,6949.309506124381
2024-01-12 07:00:00,7564.0,7538.727139475324
2024-01-12 08:00:00,7940.0,7935.66111627546
2024-01-12 09:00:00,8118.0,8114.446107664576
2024-01-12 10:00:00,8295.0,8275.020795553048
2024-01-12 11:00:00,8852.0,8806.54383416146
2024-01-12 12:00:00,9589.0,9575.708138610396
2024-01-12 13:00:00,8111.0,8249.28227147684
2024-01-12 14:00:00,7545.0,7609.472970207276
2024-01-12 15:00:00,7162.0,7177.966876533339
2024-01-12 16:00:00,7539.0,7526.644058101252
2024-01-12 17:00:00,8898.0,8876.48470681277
2024-01-12 18:00:00,9065.0,9046.628986529264
2024-01-12 18:30:00,9064.0,9057.771500028533
2024-01-12 19:00:00,9084.0,9095.890588126493
2024-01-12 20:00:00,8889.0,8890.470693954634
2024-01-12 21:00:00,8498.0,8474.870624062714
2024-01-12 22:00:00,7865.0,7841.916600571928
2024-01-12 23:00:00,7396.0,7400.320388895168
2024-01-13 00:00:00,6889.0,6905.314520222518
2024-01-13 01:00:00,6575.0,6583.493747428546
2024-01-13 02:00:00,6358.0,6353.341965614245
2024-01-13 03:00:00,6167.0,6158.5751191782865
2024-01-13 04:00:00,6118.0,6114.237782015403
2024-01-13 05:00:00,6588.0,6587.613813986591
2024-01-13 06:00:00,6991.0,7004.31240079867
2024-01-13 07:00:00,7686.0,7671.8983090642305
2024-01-13 08:00:00,8392.0,8385.355783850773
2024-01-13 09:00:00,8401.0,8387.264963458325
2024-01-13 10:00:00,8510.0,8484.536726597467
2024-01-13 11:00:00,8914.0,8921.439123803679
2024-01-13 12:00:00,9247.0,9251.701508012278
2024-01-13 13:00:00,9101.0,9088.184370540386
2024-01-13 14:00:00,8702.0,8687.695147243709
2024-01-13 15:00:00,8323.0,8317.268724498355
2024-01-13 16:00:00,8807.0,8797.792912722916
2024-01-13 17:00:00,10005.0,7780.771908266379
2024-01-13 18:00:00,10286.0,10296.98268429963
2024-01-13 18:30:00,10189.0,10189.313704641216
2024-01-13 19:00:00,10126.0,10098.208520056363
2024-01-13 20:00:00,9926.0,9917.381648472523
2024-01-13 21:00:00,9152.0,9187.700678104957
2024-01-13 22:00:00,8486.0,8464.59555324876
2024-01-13 23:00:00,8172.0,8173.331936469575
2024-01-14 00:00:00,7532.0,7555.5851860596185
2024-01-14 01:00:00,7159.0,7150.90622684041
2024-01-14 02:00:00,6910.0,6927.057455891359
2024-01-14 03:00:00,6672.0,6681.87802450956
2024-01-14 04:00:00,6652.0,6671.171121580236
2024-01-14 05:00:00,7100.0,7119.174391535396
2024-01-14 06:00:00,7685.0,7685.71597989004
2024-01-14 07:00:00,8755.0,8810.582945123764
2024-01-14 08:00:00,9202.0,9249.418493903695
2024-01-14 09:00:00,9337.0,9329.954725091337
2024-01-14 10:00:00,9443.0,9439.661552449621
2024-01-14 11:00:00,9557.0,9540.965204266393
2024-01-14 12:00:00,9611.0,9607.068618877243
2024-01-14 13:00:00,9622.0,9626.352750459559
2024-01-14 14:00:00,9327.0,9323.692189540192
2024-01-14 15:00:00,8872.0,8901.89433318858
2024-01-14 16:00:00,9155.0,9148.636252544891
2024-01-14 17:00:00,9989.0,9939.134384827319
2024-01-14 18:00:00,10209.0,10268.134295519982
2024-01-14 18:30:00,10437.0,10484.491741653112
2024-01-14 19:00:00,10289.0,10281.096624591743
2024-01-14 20:00:00,10004.0,10010.799947138295
2024-01-14 21:00:00,9560.0,9553.151842601217
2024-01-14 22:00:00,8793.0,8788.723464879995
2024-01-14 23:00:00,8203.0,8212.126079189684
2024-01-15 00:00:00,7436.0,7438.94043416989
2024-01-15 01:00:00,7177.0,7178.010733149816
2024-01-15 02:00:00,7010.0,7016.445964880957
2024-01-15 03:00:00,6807.0,6808.600136567809
2024-01-15 04:00:00,6722.0,6713.241543926893
2024-01-15 05:00:00,7158.0,7155.343184194279
2024-01-15 06:00:00,7709.0,7695.475253653729
2024-01-15 07:00:00,8619.0,8681.734869017804
2024-01-15 08:00:00,9018.0,9061.875454337967
2024-01-15 09:00:00,9162.0,9169.058947220148
2024-01-15 10:00:00,9211.0,9198.484182766768
2024-01-15 11:00:00,9335.0,9325.746644015237
2024-01-15 12:00:00,9445.0,9415.695763017748
2024-01-15 13:00:00,9407.0,9395.426904897611
2024-01-15 14:00:00,9338.0,9353.385258428667
2024-01-15 15:00:00,8795.0,8809.222164852512
2024-01-15 16:00:00,8972.0,8989.066467028415
2024-01-15 17:00:00,10078.0,10040.109992295447
2024-01-15 18:00:00,10368.0,10401.975400613543
2024-01-15 18:30:00,10262.0,10279.046040155858
2024-01-15 19:00:00,10077.0,10051.218395328136
2024-01-15 20:00:00,9838.0,9847.912651357841
2024-01-15 21:00:00,9230.0,9254.301469365513
2024-01-15 22:00:00,8647.0,8639.119258515837
2024-01-15 23:00:00,8260.0,8272.225047097152
2024-01-16 00:00:00,7647.0,7654.642993732115
2024-01-16 01:00:00,7314.0,7330.508102233866
2024-01-16 02:00:00,7160.0,7165.842512135986
2024-01-16 03:00:00,6849.0,6851.813034121149
2024-01-16 04:00:00,6811.0,6831.294372939119
2024-01-16 05:00:00,7221.0,7203.8819375546
2024-01-16 06:00:00,7848.0,7810.008099829748
2024-01-16 07:00:00,8867.0,8918.093096591969
2024-01-16 08:00:00,9328.0,9264.86673171189
2024-01-16 09:00:00,9055.0,9100.463994869891
2024-01-16 10:00:00,9503.0,9483.220250723169
2024-01-16 11:00:00,9725.0,9735.600126882435
2024-01-16 12:00:00,9808.0,9847.48588853733
2024-01-16 13:00:00,9789.0,9778.026623567179
2024-01-16 14:00:00,9364.0,9361.69251798137
2024-01-16 15:00:00,8916.0,8925.983842013255
2024-01-16 16:00:00,9207.0,9203.991777654152
2024-01-16 17:00:00,10212.0,10204.493946439281
2024-01-16 18:00:00,10517.0,10534.333087436316
2024-01-16 18:30:00,10354.0,10395.12125200336
2024-01-16 19:00:00,10388.0,10385.599219505106
2024-01-16 20:00:00,10086.0,10055.616674556084
2024-01-16 21:00:00,9357.0,9367.690635511468
2024-01-16 22:00:00,8823.0,8800.194870938727
2024-01-16 23:00:00,8240.0,8244.513712209324
2024-01-17 00:00:00,7665.0,7676.865056203963
2024-01-17 01:00:00,7345.0,7347.320233689288
2024-01-17 02:00:00,7062.0,7052.210707767183
2024-01-17 03:00:00,6834.0,6845.000474212596
2024-01-17 04:00:00,6792.0,6806.80525809086
2024-01-17 05:00:00,7102.0,7094.763714538536
2024-01-17 06:00:00,7878.0,7843.351262996085
2024-01-17 07:00:00,8749.0,8761.394206505587
2024-01-17 08:00:00,9362.0,9384.190034358602
2024-01-17 09:00:00,9294.0,9288.304367046596
2024-01-17 10:00:00,9477.0,9472.24476502937
2024-01-17 11:00:00,9843.0,9837.802184888753
2024-01-17 12:00:00,10047.0,10095.098288991523
2024-01-17 13:00:00,9691.0,9717.426898330206
2024-01-17 14:00:00,9351.0,9364.530893311261
2024-01-17 15:00:00,8993.0,9003.989064974876
2024-01-17 16:00:00,9166.0,9154.418024608514
2024-01-17 17:00:00,10190.0,10168.361825656459
2024-01-17 18:00:00,10501.0,10530.184326906041
2024-01-17 18:30:00,10515.0,10535.749942496564
2024-01-17 19:00:00,10401.0,10396.510396917425
2024-01-17 20:00:00,10138.0,10127.8175861129
2024-01-17 21:00:00,9485.0,9476.426342306762
2024-01-17 22:00:00,8765.0,8768.894745700054
2024-01-17 23:00:00,8231.0,8234.662070377328
2024-01-18 00:00:00,7713.0,7726.87610123278
2024-01-18 01:00:00,7330.0,7348.818883035689
2024-01-18 02:00:00,7021.0,7018.668719977056
2024-01-18 03:00:00,6891.0,6876.569510888651
2024-01-18 04:00:00,6736.0,6734.427402001975
2024-01-18 05:00:00,7174.0,7168.99989179075
2024-01-18 06:00:00,7976.0,7945.110748770686
2024-01-18 07:00:00,8754.0,8736.851154420532
2024-01-18 08:00:00,9512.0,9515.338694565586
2024-01-18 09:00:00,9454.0,9454.66750860941
2024-01-18 10:00:00,9459.0,9460.603381533285
2024-01-18 11:00:00,9746.0,9768.115032996366
2024-01-18 12:00:00,9938.0,10015.061948739594
2024-01-18 13:00:00,9720.0,9824.888774367766
2024-01-18 14:00:00,9400.0,9418.52445482326
2024-01-18 15:00:00,9235.0,9245.927920658127
2024-01-18 16:00:00,9574.0,9578.546787352052
2024-01-18 17:00:00,10544.0,10521.983148836753
2024-01-18 18:00:00,10507.0,10545.398454949136
2024-01-18 18:30:00,10294.0,10368.070889682896
2024-01-18 19:00:00,10305.0,10304.586302991058
2024-01-18 20:00:00,9937.0,9937.431884435146
2024-01-18 21:00:00,9519.0,9532.681216805027
2024-01-18 22:00:00,8810.0,8808.745912000526
2024-01-18 23:00:00,8447.0,8438.797045539817
2024-01-19 00:00:00,7933.0,7912.425079780294
2024-01-19 01:00:00,7468.0,7462.023569831293
2024-01-19 02:00:00,7248.0,7223.8852972609075
2024-01-19 03:00:00,7015.0,7026.340761301449
2024-01-19 04:00:00,6937.0,6919.45764738212
2024-01-19 05:00:00,7203.0,7177.286013347515
2024-01-19 06:00:00,7307.0,7297.394867070229
2024-01-19 07:00:00,8147.0,8218.904874097005
2024-01-19 08:00:00,8434.0,8432.618922868278
2024-01-19 09:00:00,8599.0,8587.563551721898
2024-01-19 10:00:00,8556.0,8570.822626462797
2024-01-19 11:00:00,9087.0,9098.713393848946
2024-01-19 12:00:00,9494.0,9511.701159566413
2024-01-19 13:00:00,8586.0,8591.293384573553
2024-01-19 14:00:00,7712.0,7840.29575399294
2024-01-19 15:00:00,7392.0,7423.485034598988
2024-01-19 16:00:00,7737.0,7746.164317179015
2024-01-19 17:00:00,8997.0,9014.778226584725
2024-01-19 18:00:00,9530.0,9605.114716631795
2024-01-19 18:30:00,9495.0,9558.96380776087
2024-01-19 19:00:00,9502.0,9532.091783024065
2024-01-19 20:00:00,9339.0,9358.42249932245
2024-01-19 21:00:00,9031.0,9050.447487188747
2024-01-19 22:00:00,8460.0,8472.403015169342
2024-01-19 23:00:00,7930.0,7907.913237718085
2024-01-20 00:00:00,7314.0,7343.022672175859
2024-01-20 01:00:00,6959.0,7020.282466912921
2024-01-20 02:00:00,6729.0,6770.942502268244
2024-01-20 03:00:00,6579.0,6585.6388463720305
2024-01-20 04:00:00,6485.0,6526.547962626964
2024-01-20 05:00:00,6832.0,6804.191048710972
2024-01-20 06:00:00,7349.0,7359.101343940458
2024-01-20 07:00:00,8092.0,8056.926706943176
2024-01-20 08:00:00,8495.0,8570.665916158072
2024-01-20 09:00:00,8630.0,8482.4598642446
2024-01-20 10:00:00,8920.0,9000.364048035479
2024-01-20 11:00:00,9019.0,9080.03539298157
2024-01-20 12:00:00,8932.0,9033.054329763689
2024-01-20 13:00:00,8916.0,9011.408829036585
2024-01-20 14:00:00,8713.0,8610.488949392307
2024-01-20 15:00:00,8808.0,8828.046912885844
2024-01-20 16:00:00,8990.0,9019.819360312136
2024-01-20 17:00:00,9664.0,9648.140136069993
2024-01-20 18:00:00,9755.0,10007.247974851054
2024-01-20 18:30:00,9759.0,10028.54201717501
2024-01-20 19:00:00,9794.0,9971.405207055568
2024-01-20 20:00:00,9615.0,9723.757470528179
2024-01-20 21:00:00,9549.0,9533.4769974008
2024-01-20 22:00:00,9148.0,9172.991503951713
2024-01-20 23:00:00,8590.0,8579.402576459146
2024-01-21 00:00:00,8094.0,8080.886578577548
2024-01-21 01:00:00,7419.0,7441.8352477538665
2024-01-21 02:00:00,7213.0,7258.244139383943
2024-01-21 03:00:00,6960.0,7028.631972080594
2024-01-21 04:00:00,6956.0,6993.648001190337
2024-01-21 05:00:00,7394.0,7382.249713057865
2024-01-21 06:00:00,8071.0,8066.567965068308
2024-01-21 07:00:00,8412.0,8253.597481524599
2024-01-21 08:00:00,8427.0,8420.722597911876
2024-01-21 09:00:00,8574.0,8740.305808792917
2024-01-21 10:00:00,8804.0,9069.26654484812
2024-01-21 11:00:00,9133.0,9305.952306880583
2024-01-21 12:00:00,9362.0,9647.90932157865
2024-01-21 13:00:00,9101.0,9282.65400801385
2024-01-21 14:00:00,9026.0,9126.666987226025
2024-01-21 15:00:00,9187.0,9204.105402001222
2024-01-21 16:00:00,9330.0,9331.355765432574
2024-01-21 17:00:00,10093.0,10103.340677539882
2024-01-21 18:00:00,10236.0,10288.622730240895
2024-01-21 18:30:00,10262.0,10327.282610522483
2024-01-21 19:00:00,10276.0,10252.485624640352
2024-01-21 20:00:00,10190.0,10220.917075603977
2024-01-21 21:00:00,9645.0,9649.189704991832
2024-01-21 22:00:00,8957.0,8981.532357049737
2024-01-21 23:00:00,8324.0,8320.282736883035
2024-01-22 00:00:00,7749.0,7743.637583732004
2024-01-22 01:00:00,7340.0,7340.438398032464
2024-01-22 02:00:00,7155.0,7186.197643604645
2024-01-22 03:00:00,6937.0,6959.133561411915
2024-01-22 04:00:00,6942.0,6939.000687244623
2024-01-22 05:00:00,7311.0,7296.983090071489
2024-01-22 06:00:00,8092.0,8048.4372380842115
2024-01-22 07:00:00,8748.0,8738.569924514279
2024-01-22 08:00:00,9109.0,9186.073990516414
2024-01-22 09:00:00,9260.0,9292.56097042932
2024-01-22 10:00:00,9588.0,9584.879635884567
2024-01-22 11:00:00,9918.0,9980.368684625792
2024-01-22 12:00:00,10093.0,10160.972324925338
2024-01-22 13:00:00,9631.0,9693.944743844559
2024-01-22 14:00:00,9339.0,9352.259978074515
2024-01-22 15:00:00,9088.0,9107.62739392717
2024-01-22 16:00:00,9067.0,9037.847192012588
2024-01-22 17:00:00,10039.0,10047.860911183314
2024-01-22 18:00:00,10558.0,10601.283307000971
2024-01-22 18:30:00,10519.0,10581.232364339623
2024-01-22 19:00:00,10510.0,10540.327612799341
2024-01-22 20:00:00,10186.0,10220.509201968413
2024-01-22 21:00:00,9491.0,9547.546632565996
2024-01-22 22:00:00,9014.0,9013.573767800075
2024-01-22 23:00:00,8232.0,8220.897021143473
2024-01-23 00:00:00,7786.0,7790.025295675362
2024-01-23 01:00:00,7294.0,7302.511409994616
2024-01-23 02:00:00,7001.0,7001.193120451854
2024-01-23 03:00:00,6886.0,6881.512857474261
2024-01-23 04:00:00,6763.0,6772.73086023076
2024-01-23 05:00:00,7067.0,7060.850288173638
2024-01-23 06:00:00,7837.0,7808.764438051013
2024-01-23 07:00:00,8568.0,8463.018448014367
2024-01-23 08:00:00,8842.0,8868.437028210417
2024-01-23 09:00:00,9210.0,9205.448063039104
2024-01-23 10:00:00,9406.0,9456.646180341824
2024-01-23 11:00:00,9797.0,9826.185388004058
2024-01-23 12:00:00,10045.0,10082.13555868853
2024-01-23 13:00:00,9886.0,9951.261481061392
2024-01-23 14:00:00,9592.0,9615.026267970066
2024-01-23 15:00:00,9164.0,9163.8854005905
2024-01-23 16:00:00,9282.0,9283.342872804407
2024-01-23 17:00:00,10288.0,10317.770675455098
2024-01-23 18:00:00,10713.0,10732.866402923752
2024-01-23 18:30:00,10589.0,10637.167722727967
2024-01-23 19:00:00,10565.0,10534.875130390643
2024-01-23 20:00:00,10275.0,10262.162327370716
2024-01-23 21:00:00,9873.0,9889.564941298015
2024-01-23 23:00:00,8597.0,8618.516568880177
2024-01-24 00:00:00,7854.0,7876.8994678223535
2024-01-24 01:00:00,7502.0,7501.2406126662345
2024-01-24 02:00:00,7208.0,7186.5700651751795
2024-01-24 03:00:00,7023.0,7011.150651499934
2024-01-24 04:00:00,6840.0,6821.184462354378
2024-01-24 05:00:00,7210.0,7210.486830234239
2024-01-24 06:00:00,8033.0,7983.394949585224
2024-01-24 07:00:00,8777.0,8805.537210104272
2024-01-24 08:00:00,9113.0,9196.38588959745
2024-01-24 09:00:00,9411.0,9451.924219040033
2024-01-24 10:00:00,9561.0,9586.95871431371
2024-01-24 11:00:00,9737.0,9800.887665777882
2024-01-24 12:00:00,10101.0,10172.874770585602
2024-01-24 13:00:00,9694.0,9720.856954802059
2024-01-24 14:00:00,9224.0,9278.90124062124
2024-01-24 15:00:00,9278.0,9269.458970363004
2024-01-24 16:00:00,9497.0,9504.969655467146
2024-01-24 17:00:00,10148.0,10190.838190546106
2024-01-24 18:00:00,10455.0,10494.772127175105
2024-01-24 18:30:00,10450.0,10489.058561600204
2024-01-24 19:00:00,10364.0,10316.369672024473
2024-01-24 20:00:00,10156.0,10144.265547516807
2024-01-24 21:00:00,9653.0,9672.862299200711
2024-01-24 22:00:00,8985.0,8992.346050928769
2024-01-24 22:00:00,9092.0,9106.637366154358
2024-01-24 23:00:00,8410.0,8422.641611035137
2024-01-25 00:00:00,7647.0,7624.04858402219
2024-01-25 01:00:00,7233.0,7250.344239173446
2024-01-25 02:00:00,7113.0,7125.339797546486
2024-01-25 03:00:00,6975.0,6992.842558777698
2024-01-25 04:00:00,6843.0,6828.492259958608
2024-01-25 05:00:00,7249.0,7227.917836850883
2024-01-25 06:00:00,7962.0,7922.215031794208
2024-01-25 07:00:00,8832.0,8843.123381461033
2024-01-25 08:00:00,8903.0,8899.910780334729
2024-01-25 09:00:00,9083.0,9151.609154946678
2024-01-25 10:00:00,9302.0,9367.64957056647
2024-01-25 11:00:00,9795.0,9827.468757320441
2024-01-25 12:00:00,9858.0,9916.130897542773
2024-01-25 13:00:00,9650.0,9791.503771467069
2024-01-25 14:00:00,9450.0,9410.64283662276
2024-01-25 15:00:00,9354.0,9385.847488116464
2024-01-25 16:00:00,9378.0,9381.020596439474
2024-01-25 17:00:00,10382.0,10436.563455302865
2024-01-25 18:00:00,10692.0,10728.076288093056
2024-01-25 18:30:00,10375.0,10413.015032616866
2024-01-25 19:00:00,10331.0,10324.161513939174
2024-01-25 20:00:00,10159.0,10138.933401903663
2024-01-25 21:00:00,9582.0,9617.066670293534
2024-01-25 22:00:00,9014.0,9049.28761109404
2024-01-25 23:00:00,8329.0,8325.109669273214
2024-01-26 00:00:00,8114.0,8116.604787977851
2024-01-26 01:00:00,7624.0,7633.184674030916
2024-01-26 02:00:00,7353.0,7361.375428952406
2024-01-26 03:00:00,7173.0,7178.770522570073
2024-01-26 04:00:00,7047.0,7058.40830881041
2024-01-26 05:00:00,7240.0,7206.305040509943
2024-01-26 06:00:00,7579.0,7571.23485885537
2024-01-26 07:00:00,8209.0,8178.209381970448
2024-01-26 08:00:00,8485.0,8461.624157125472
2024-01-26 09:00:00,8381.0,8391.430521379254
2024-01-26 10:00:00,8430.0,8419.274094393102
2024-01-26 11:00:00,9186.0,9128.234776278481
2024-01-26 12:00:00,9831.0,9827.303463899114
2024-01-26 13:00:00,8340.0,8399.345969805747
2024-01-26 14:00:00,7500.0,7509.014770217185
2024-01-26 15:00:00,7281.0,7263.901579159397
2024-01-26 16:00:00,7510.0,7508.979818988524
2024-01-26 17:00:00,8557.0,8529.544932961066
2024-01-26 18:00:00,9061.0,9029.40863603987
2024-01-26 18:30:00,9227.0,9290.661628978312
2024-01-26 19:00:00,9164.0,9145.698889226955
2024-01-26 20:00:00,9141.0,9142.415626960094
2024-01-26 21:00:00,8765.0,8740.012402635497
2024-01-26 22:00:00,8193.0,8210.408538105246
2024-01-26 23:00:00,7818.0,7827.714525965083
2024-01-27 00:00:00,7181.0,7181.0725240178945
2024-01-27 01:00:00,6852.0,6864.357509831048
2024-01-27 02:00:00,6568.0,6574.434310183507
2024-01-27 03:00:00,6494.0,6502.058126469076
2024-01-27 04:00:00,6284.0,6253.115588842086
2024-01-27 05:00:00,6640.0,6616.669133548952
2024-01-27 06:00:00,7418.0,7414.222752552075
2024-01-27 07:00:00,8198.0,8151.183424806765
2024-01-27 08:00:00,8829.0,8775.728566799364
2024-01-27 09:00:00,8665.0,8689.84164031739
2024-01-27 10:00:00,8727.0,8784.199744675167
2024-01-27 11:00:00,9118.0,9162.196392494217
2024-01-27 12:00:00,9432.0,9450.624177652508
2024-01-27 13:00:00,9163.0,9208.572814146264
2024-01-27 14:00:00,8870.0,8860.782238222828
2024-01-27 15:00:00,8401.0,8428.192245522607
2024-01-27 16:00:00,8557.0,8574.725931669194
2024-01-27 17:00:00,9840.0,9869.848448939742
2024-01-27 18:00:00,10191.0,10249.151354987338
2024-01-27 18:30:00,10288.0,10294.161353417065
2024-01-27 19:00:00,10213.0,10209.014463671714
2024-01-27 20:00:00,9861.0,9879.844155327364
2024-01-27 21:00:00,9395.0,9453.211223861521
2024-01-27 22:00:00,8804.0,8799.297127382848
2024-01-27 23:00:00,8282.0,8292.817685062117
2024-01-28 00:00:00,7791.0,7788.619861136939
2024-01-28 01:00:00,7470.0,7499.248614061811
2024-01-28 02:00:00,7248.0,7237.909642576648
2024-01-28 03:00:00,7077.0,7089.096487141088
2024-01-28 04:00:00,6939.0,6957.29503426411
2024-01-28 05:00:00,7348.0,7333.524466009803
2024-01-28 06:00:00,8060.0,8053.023012830579
2024-01-28 07:00:00,8950.0,8970.78504297919
2024-01-28 08:00:00,9415.0,9446.320944563371
2024-01-28 09:00:00,9365.0,9405.493738542506
2024-01-28 10:00:00,9531.0,9571.820248576365
2024-01-28 11:00:00,9930.0,9999.141911622828
2024-01-28 12:00:00,10206.0,10267.687751918495
2024-01-28 13:00:00,9686.0,9769.98597718489
2024-01-28 14:00:00,9376.0,9431.937825711966
2024-01-28 15:00:00,8918.0,8964.661246315454
2024-01-28 16:00:00,9061.0,9104.03747271695
2024-01-28 17:00:00,10281.0,10251.239922990844
2024-01-28 18:00:00,10580.0,10650.578089623317
2024-01-28 18:30:00,10435.0,10488.878616555568
2024-01-28 19:00:00,10381.0,10369.254879569584
2024-01-28 20:00:00,10029.0,10019.255854845873
2024-01-28 21:00:00,9454.0,9469.406665871136
2024-01-28 22:00:00,8876.0,8905.010664935386
2024-01-28 23:00:00,8481.0,8471.515491463617
2024-01-29 00:00:00,7848.0,7836.110945692724
2024-01-29 01:00:00,7459.0,7456.227583742505
2024-01-29 02:00:00,7257.0,7264.6374707285295
2024-01-29 03:00:00,7033.0,7041.227128672469
2024-01-29 04:00:00,7013.0,6992.026322858871
2024-01-29 05:00:00,7391.0,7357.217181771347
2024-01-29 06:00:00,8039.0,8008.6571287144725
2024-01-29 07:00:00,9035.0,9106.872713255876
2024-01-29 08:00:00,9513.0,9516.83137648155
2024-01-29 09:00:00,9314.0,9344.095482940169
2024-01-29 10:00:00,9454.0,9519.799856728932
2024-01-29 11:00:00,9954.0,10020.565327634322
2024-01-29 12:00:00,10233.0,10260.743752817381
2024-01-29 13:00:00,9806.0,9802.568799622386
2024-01-29 14:00:00,9446.0,9461.302475180666
2024-01-29 15:00:00,8962.0,9008.608322782988
2024-01-29 16:00:00,9264.0,9258.926755880675
2024-01-29 17:00:00,10411.0,10399.21758617679
2024-01-29 18:00:00,10717.0,10732.941137361267
2024-01-29 18:30:00,10534.0,10600.741847606952
2024-01-29 19:00:00,10423.0,10409.691975728283
2024-01-29 20:00:00,10177.0,10148.475370750948
2024-01-29 21:00:00,9512.0,9521.136867145364
2024-01-29 22:00:00,8957.0,8967.387555966501
2024-01-29 23:00:00,8461.0,8455.721033864806
2024-01-30 00:00:00,7863.0,7823.165637134954
2024-01-30 01:00:00,7579.0,7579.5031104696345
2024-01-30 02:00:00,7299.0,7273.825175188365
2024-01-30 03:00:00,7126.0,7141.932508469609
2024-01-30 04:00:00,7021.0,7024.068917937579
2024-01-30 05:00:00,7475.0,7428.940793750485
2024-01-30 06:00:00,8300.0,8284.260501120732
2024-01-30 07:00:00,9173.0,9166.057793183167
2024-01-30 08:00:00,9628.0,9600.006378787935
2024-01-30 09:00:00,9655.0,9684.492100605125
2024-01-30 10:00:00,9729.0,9739.306468936773
2024-01-30 11:00:00,10011.0,10117.122187262226
2024-01-30 12:00:00,10318.0,10365.836601951709
2024-01-30 13:00:00,9882.0,9965.565721187648
2024-01-30 14:00:00,9451.0,9492.932979077985
2024-01-30 15:00:00,8889.0,8935.386696842219
2024-01-30 16:00:00,9268.0,9295.074947121644
2024-01-30 17:00:00,10102.0,10140.300971129887
2024-01-30 18:00:00,10715.0,10736.589970771905
2024-01-30 18:30:00,10485.0,10559.46033255201
2024-01-30 19:00:00,10332.0,10362.852808252728
2024-01-30 20:00:00,10063.0,10069.607361146285
2024-01-30 21:00:00,9498.0,9553.036505975564
2024-01-30 22:00:00,9023.0,9023.687989498016
2024-01-30 23:00:00,8560.0,8548.452315765153
2024-01-31 00:00:00,8007.0,7996.111198837515
2024-01-31 01:00:00,7729.0,7728.515819362119
2024-01-31 02:00:00,7380.0,7381.522733413821
2024-01-31 03:00:00,7152.0,7173.736981376347
2024-01-31 04:00:00,7119.0,7132.984046195051
2024-01-31 05:00:00,7511.0,7503.214195369783
2024-01-31 06:00:00,8252.0,8180.087828193993
2024-01-31 07:00:00,9168.0,9228.520337498583
2024-01-31 08:00:00,9541.0,9530.668703246185
2024-01-31 09:00:00,9526.0,9526.490741081028
2024-01-31 10:00:00,9719.0,9734.560447390162
2024-01-31 11:00:00,10109.0,10173.263148743119
2024-01-31 12:00:00,10073.0,10198.015192289922
2024-01-31 13:00:00,9616.0,9773.400888931328
2024-01-31 14:00:00,9617.0,9635.021337427102
2024-01-31 15:00:00,9307.0,9338.262424386921
2024-01-31 16:00:00,9447.0,9496.914871579165
2024-01-31 17:00:00,10309.0,10384.19396516848
2024-01-31 18:00:00,10704.0,10742.279691190392
2024-01-31 18:30:00,10530.0,10601.841207365864
2024-01-31 19:00:00,10347.0,10361.827277172228
2024-01-31 20:00:00,10205.0,10198.912057661559
2024-01-31 21:00:00,9682.0,9673.309458647891
2024-01-31 22:00:00,8955.0,8989.944001535478
2024-01-31 23:00:00,8579.0,8563.145248952853
2024-02-01 00:00:00,7744.0,7729.844354366738
2024-02-01 01:00:00,7525.0,7506.737900495515
2024-02-01 02:00:00,7223.0,7199.953717501023
2024-02-01 03:00:00,7009.0,7024.188855019756
2024-02-01 04:00:00,6958.0,6926.024909967339
2024-02-01 05:00:00,7430.0,7412.3347937872795
2024-02-01 06:00:00,8241.0,8198.999459133001
2024-02-01 07:00:00,8741.0,8764.08615026623
2024-02-01 08:00:00,9295.0,9379.791225163877
2024-02-01 09:00:00,9418.0,9434.404595739234
2024-02-01 10:00:00,9612.0,9706.619051629501
2024-02-01 11:00:00,9975.0,10058.588251778978
2024-02-01 12:00:00,9938.0,10047.598103344322
2024-02-01 13:00:00,9788.0,9880.306223423926
2024-02-01 14:00:00,9404.0,9495.739303610784
2024-02-01 15:00:00,9306.0,9328.685745535935
2024-02-01 16:00:00,9514.0,9536.487068620523
2024-02-01 17:00:00,10094.0,10141.304454791478
2024-02-01 18:00:00,10424.0,10503.110932997799
2024-02-01 18:30:00,10247.0,10280.271226490762
2024-02-01 19:00:00,10229.0,10200.325623013307
2024-02-01 20:00:00,10119.0,10106.867088675315
2024-02-01 21:00:00,9590.0,9600.0101213252
2024-02-01 22:00:00,9004.0,9022.744634163857
2024-02-01 23:00:00,8707.0,8694.820951938693
2024-02-02 00:00:00,8091.0,8080.029063043439
2024-02-02 01:00:00,7732.0,7745.98323442976
2024-02-02 02:00:00,7516.0,7510.819752070412
2024-02-02 03:00:00,7194.0,7185.171121009483
2024-02-02 04:00:00,7025.0,7031.694760891729
2024-02-02 05:00:00,7361.0,7324.5233217232135
2024-02-02 06:00:00,7619.0,7628.335442160221
2024-02-02 07:00:00,8306.0,8347.691538458554
2024-02-02 08:00:00,8768.0,8755.665283118087
2024-02-02 09:00:00,8657.0,8710.944011945256
2024-02-02 10:00:00,8653.0,8685.422825838987
2024-02-02 11:00:00,9253.0,9321.860840377552
2024-02-02 12:00:00,9578.0,9602.535078086034
2024-02-02 13:00:00,8366.0,8309.569404264485
2024-02-02 14:00:00,7899.0,7906.562195337984
2024-02-02 15:00:00,7567.0,7569.766323672651
2024-02-02 16:00:00,7700.0,7697.602310245212
2024-02-02 17:00:00,8816.0,8816.682525547305
2024-02-02 18:00:00,9283.0,9331.709211440651
2024-02-02 18:30:00,9311.0,9347.783956449743
2024-02-02 19:00:00,9303.0,9320.187682141672
2024-02-02 20:00:00,9283.0,9261.971685674676
2024-02-02 21:00:00,8868.0,8881.735146420828
2024-02-02 22:00:00,8319.0,8306.453149088444
2024-02-02 23:00:00,7930.0,7919.265024523204
2024-02-03 00:00:00,7337.0,7347.652742812599
2024-02-03 01:00:00,6979.0,7004.638601610668
2024-02-03 02:00:00,6783.0,6784.360802357618
2024-02-03 03:00:00,6609.0,6631.428591218827
2024-02-03 04:00:00,6526.0,6546.36454717417
2024-02-03 05:00:00,6939.0,6953.620300384397
2024-02-03 06:00:00,7515.0,7505.895946081977
2024-02-03 07:00:00,8351.0,8405.122247207555
2024-02-03 08:00:00,8696.0,8709.477317865352
2024-02-03 09:00:00,8986.0,8989.520929402506
2024-02-03 10:00:00,9124.0,9137.62493024725
2024-02-03 11:00:00,9520.0,9534.668446077183
2024-02-03 12:00:00,9652.0,9654.767048167663
2024-02-03 13:00:00,9388.0,9412.775158922681
2024-02-03 14:00:00,8816.0,8843.960639943136
2024-02-03 15:00:00,8753.0,8783.23283380122
2024-02-03 16:00:00,8753.0,8789.49954192009
2024-02-03 17:00:00,9612.0,9680.010901091562
2024-02-03 18:00:00,10550.0,10525.113433143337
2024-02-03 18:30:00,10407.0,10454.288172693248
2024-02-03 19:00:00,10308.0,10285.64361116811
2024-02-03 20:00:00,10025.0,10022.091338492155
2024-02-03 21:00:00,9588.0,9586.431037444714
2024-02-03 22:00:00,8918.0,8924.799129690682
2024-02-03 23:00:00,8461.0,8468.351911080801
2024-02-04 00:00:00,7924.0,7904.8196338542075
2024-02-04 01:00:00,7496.0,7513.967652608141
2024-02-04 02:00:00,7277.0,7266.116855872976
2024-02-04 03:00:00,7085.0,7082.535533059394
2024-02-04 04:00:00,7008.0,7028.667671511162
2024-02-04 05:00:00,7307.0,7286.05250420099
2024-02-04 06:00:00,8049.0,8040.9602876558465
2024-02-04 07:00:00,8895.0,8944.645772607533
2024-02-04 08:00:00,9184.0,9251.591872051607
2024-02-04 09:00:00,9110.0,9169.59883266421
2024-02-04 10:00:00,9289.0,9347.13864335486
2024-02-04 11:00:00,9642.0,9681.224864416448
2024-02-04 12:00:00,9863.0,9949.480573771987
2024-02-04 13:00:00,9637.0,9709.850498939977
2024-02-04 14:00:00,9294.0,9298.635723881105
2024-02-04 15:00:00,8802.0,8846.879665554809
2024-02-04 16:00:00,8789.0,8823.79660837278
2024-02-04 17:00:00,9620.0,9665.933039296415
2024-02-04 18:00:00,10346.0,10442.854036210527
2024-02-04 18:30:00,10290.0,10361.4254213552
2024-02-04 19:00:00,10257.0,10264.050326957995
2024-02-04 20:00:00,10089.0,10059.518093509689
2024-02-04 21:00:00,9612.0,9638.903641174933
2024-02-04 22:00:00,8965.0,9003.36381496682
2024-02-04 23:00:00,8495.0,8483.08837485144
2024-02-05 00:00:00,7895.0,7892.899307091042
2024-02-05 01:00:00,7584.0,7580.817774019141
2024-02-05 02:00:00,7336.0,7325.636643975845
2024-02-05 03:00:00,7126.0,7140.815259440427
2024-02-05 04:00:00,7082.0,7071.26385217051
2024-02-05 05:00:00,7557.0,7525.500295546642
2024-02-05 06:00:00,8278.0,8266.386736693725
2024-02-05 07:00:00,9040.0,9004.257710409931
2024-02-05 08:00:00,9080.0,9144.080125967212
2024-02-05 09:00:00,9224.0,9307.554260185832
2024-02-05 10:00:00,9640.0,9622.539368162974
2024-02-05 11:00:00,9761.0,9776.801624771811
2024-02-05 12:00:00,9789.0,9855.208064068547
2024-02-05 13:00:00,9558.0,9630.243999268028
2024-02-05 14:00:00,9422.0,9466.635266144927
2024-02-05 15:00:00,9340.0,9370.089506676588
2024-02-05 16:00:00,9135.0,9184.890000048274
2024-02-05 17:00:00,10203.0,10208.324532378578
2024-02-05 18:00:00,10250.0,10356.258454594818
2024-02-05 18:30:00,10416.0,10487.69572731314
2024-02-05 19:00:00,10437.0,10429.375638637315
2024-02-05 20:00:00,10224.0,10233.819523012355
2024-02-05 21:00:00,9645.0,9668.96161661367
2024-02-05 22:00:00,9196.0,9184.45109230933
2024-02-05 23:00:00,8701.0,8707.557630599606
2024-02-06 00:00:00,8003.0,8003.299195569367
2024-02-06 01:00:00,7590.0,7609.4489340064365
2024-02-06 02:00:00,7319.0,7291.534693298463
2024-02-06 03:00:00,7120.0,7139.993638908093
2024-02-06 04:00:00,6988.0,6998.069740194086
2024-02-06 05:00:00,7305.0,7272.526746544116
2024-02-06 06:00:00,8143.0,8218.904874097005
2024-02-06 07:00:00,8787.0,8818.146384867809
2024-02-06 08:00:00,9092.0,9225.508989841306
2024-02-06 09:00:00,9148.0,9177.031854680257
2024-02-06 10:00:00,9402.0,9398.19685094248
2024-02-06 11:00:00,9431.0,9445.74390193259
2024-02-06 12:00:00,9894.0,10024.054337265912
2024-02-06 13:00:00,9627.0,9623.501960778813
2024-02-06 14:00:00,9455.0,9478.770287048595
2024-02-06 15:00:00,9399.0,9427.577220749832
2024-02-06 16:00:00,9413.0,9427.842523514199
2024-02-06 17:00:00,10194.0,10195.782653475871
2024-02-06 18:00:00,10888.0,10851.80947989298
2024-02-06 18:30:00,10656.0,10690.359749654956
2024-02-06 19:00:00,10309.0,10315.23452903342
2024-02-06 20:00:00,10232.0,10234.734729899154
2024-02-06 21:00:00,9723.0,9710.298638292545
2024-02-06 22:00:00,9108.0,9131.548107055734
2024-02-06 23:00:00,8816.0,8785.793258397836
2024-02-07 00:00:00,8269.0,8266.840762144662
2024-02-07 01:00:00,7881.0,7882.72604112935
2024-02-07 02:00:00,7537.0,7540.736483374535
2024-02-07 03:00:00,7321.0,7318.179801602381
2024-02-07 04:00:00,7294.0,7329.751928678725
2024-02-07 05:00:00,7649.0,7663.662793567441
2024-02-07 06:00:00,8530.0,8584.006993436045
2024-02-07 07:00:00,9268.0,9333.218890424645
2024-02-07 08:00:00,9263.0,9350.272240708238
2024-02-07 09:00:00,9405.0,9404.584296316527
2024-02-07 10:00:00,9576.0,9653.76165130849
2024-02-07 11:00:00,9964.0,9983.734089144344
2024-02-07 12:00:00,9771.0,9922.947812182438
2024-02-07 13:00:00,9758.0,9690.113836974007
2024-02-07 14:00:00,9741.0,9749.011277389896
2024-02-07 15:00:00,8405.0,8380.787126804096
2024-02-07 16:00:00,8750.0,8745.303780724054
2024-02-07 17:00:00,10200.0,10257.257456149462
2024-02-07 18:00:00,10886.0,10905.340302024482
2024-02-07 18:30:00,10729.0,10802.720325445776
2024-02-07 19:00:00,10467.0,10542.259713062056
2024-02-07 20:00:00,10406.0,10478.383541021469
2024-02-07 21:00:00,9654.0,9645.289773644847
2024-02-07 22:00:00,9016.0,9056.780563666296
2024-02-07 23:00:00,8697.0,8685.458787630283
2024-02-08 00:00:00,8119.0,8116.944583938889
2024-02-08 01:00:00,7717.0,7745.026805025864
2024-02-08 02:00:00,7436.0,7445.084871228732
2024-02-08 03:00:00,7425.0,7428.078829160108
2024-02-08 04:00:00,7297.0,7300.710918874863
2024-02-08 05:00:00,7623.0,7632.351528076964
2024-02-08 06:00:00,8568.0,8645.987943415097
2024-02-08 07:00:00,9476.0,9553.44027306943
2024-02-08 08:00:00,9713.0,9807.971084114008
2024-02-08 09:00:00,9560.0,9593.421807845629
2024-02-08 10:00:00,9793.0,9870.734945255557
2024-02-08 11:00:00,10172.0,10233.470519317842
2024-02-08 12:00:00,10204.0,10275.508070095479
2024-02-08 13:00:00,9900.0,9961.188640430757
2024-02-08 14:00:00,9866.0,9894.00020477198
2024-02-08 15:00:00,9475.0,9539.240199410126
2024-02-08 16:00:00,9389.0,9446.703544558997
2024-02-08 17:00:00,10179.0,10182.218930675599
2024-02-08 18:00:00,10783.0,10835.833466620294
2024-02-08 18:30:00,10476.0,10584.264095280338
2024-02-08 19:00:00,10307.0,10345.851856712203
2024-02-08 20:00:00,10045.0,10087.245162190844
2024-02-08 21:00:00,9551.0,9594.032744826043
2024-02-08 22:00:00,8938.0,8935.26300254834
2024-02-08 23:00:00,8688.0,8696.353779974708
2024-02-09 00:00:00,8077.0,8075.735034332548
2024-02-09 01:00:00,7629.0,7638.920203900288
2024-02-09 02:00:00,7471.0,7494.945249140573
2024-02-09 03:00:00,7241.0,7237.052746024686
2024-02-09 04:00:00,7165.0,7180.241113637344
2024-02-09 05:00:00,7302.0,7296.518563315136
2024-02-09 06:00:00,7735.0,7748.096886181221
2024-02-09 07:00:00,8290.0,8291.49876057618
2024-02-09 08:00:00,8418.0,8384.660764915108
2024-02-09 09:00:00,8386.0,8360.24353172722
2024-02-09 10:00:00,8534.0,8513.131157716962
2024-02-09 11:00:00,9108.0,9124.80869112283
2024-02-09 12:00:00,9670.0,9661.668097046457
2024-02-09 13:00:00,8040.0,8128.142191523844
2024-02-09 14:00:00,7700.0,7746.53965128551
2024-02-09 15:00:00,7503.0,7512.700460664382
2024-02-09 16:00:00,7546.0,7528.30687681112
2024-02-09 17:00:00,8558.0,8528.659187165582
2024-02-09 18:00:00,9282.0,9366.665796082349
2024-02-09 18:30:00,9237.0,9304.617487832278
2024-02-09 19:00:00,9206.0,9198.809680420218
2024-02-09 20:00:00,9179.0,9172.02936304705
2024-02-09 21:00:00,8816.0,8812.4118299636
2024-02-09 22:00:00,8322.0,8307.111758578942
2024-02-09 23:00:00,7826.0,7818.868888303202
2024-02-10 00:00:00,7469.0,7475.857729791023
2024-02-10 01:00:00,6992.0,6991.711534561981
2024-02-10 02:00:00,6849.0,6833.561639024238
2024-02-10 03:00:00,6702.0,6718.685284297723
2024-02-10 04:00:00,6604.0,6609.839385304306
2024-02-10 05:00:00,7032.0,7033.32825786608
2024-02-10 06:00:00,7908.0,7919.030040752331
2024-02-10 07:00:00,8652.0,8657.778922521105
2024-02-10 08:00:00,9047.0,9106.643779384392
2024-02-10 09:00:00,8899.0,8914.274818306985
2024-02-10 10:00:00,9126.0,9152.493797504914
2024-02-10 11:00:00,9394.0,9444.10326525344
2024-02-10 12:00:00,9909.0,9911.67191215782
2024-02-10 13:00:00,9624.0,9624.918931804636
2024-02-10 14:00:00,9037.0,9024.562209956595
2024-02-10 15:00:00,8827.0,8793.541631149461
2024-02-10 16:00:00,8858.0,8841.801148912997
2024-02-10 17:00:00,9797.0,9776.408322490051
2024-02-10 18:00:00,10615.0,10562.505933485218
2024-02-10 18:30:00,10434.0,10530.416552825927
2024-02-10 19:00:00,10241.0,10266.76053860156
2024-02-10 20:00:00,10128.0,10131.989118995376
2024-02-10 21:00:00,9516.0,9542.87978500381
2024-02-10 22:00:00,8946.0,8989.486625143692
2024-02-10 23:00:00,8638.0,8633.56404690217
2024-02-11 00:00:00,8122.0,8142.903881893014
2024-02-11 01:00:00,7651.0,7673.52763612574
2024-02-11 02:00:00,7370.0,7394.31852180373
2024-02-11 03:00:00,7202.0,7206.353853336012
2024-02-11 04:00:00,7140.0,7166.473361317824
2024-02-11 05:00:00,7468.0,7460.818821841305
2024-02-11 06:00:00,8394.0,8406.225887766024
2024-02-11 07:00:00,9289.0,9279.939482415686
2024-02-11 08:00:00,9542.0,9551.75399959208
2024-02-11 09:00:00,9379.0,9387.640595173849
2024-02-11 10:00:00,9659.0,9699.721124335183
2024-02-11 11:00:00,10041.0,10162.883761474786
2024-02-11 12:00:00,10308.0,10369.056048315148
2024-02-11 13:00:00,9885.0,9934.309682736506
2024-02-11 14:00:00,9658.0,9699.491033896096
2024-02-11 15:00:00,9247.0,9303.258895057725
2024-02-11 16:00:00,9251.0,9295.64955796904
2024-02-11 17:00:00,10023.0,10027.081459660732
2024-02-11 18:00:00,10644.0,10718.00422064138
2024-02-11 18:30:00,10340.0,10490.44571266707
2024-02-11 19:00:00,10274.0,10312.58942142675
2024-02-11 20:00:00,10107.0,10155.075028208605
2024-02-11 21:00:00,9553.0,9614.344542833896
2024-02-11 22:00:00,8940.0,8970.12526033905
2024-02-11 23:00:00,8732.0,8744.345173329473
2024-02-12 00:00:00,8173.0,8183.096574106535
2024-02-12 01:00:00,7749.0,7751.609685481097
2024-02-12 02:00:00,7445.0,7440.263393179226
2024-02-12 03:00:00,7211.0,7223.14213977259
2024-02-12 04:00:00,7115.0,7117.338241477821
2024-02-12 05:00:00,7434.0,7435.3228414330015
2024-02-12 06:00:00,8257.0,8218.711325684331
2024-02-12 07:00:00,9265.0,9317.530745553633
2024-02-12 08:00:00,9674.0,9687.02249453327
2024-02-12 09:00:00,9571.0,9611.132441270673
2024-02-12 10:00:00,9733.0,9769.421540980144
2024-02-12 11:00:00,10051.0,10140.26813930376
2024-02-12 12:00:00,10209.0,10296.794009579316
2024-02-12 13:00:00,9757.0,9838.903494382324
2024-02-12 14:00:00,9507.0,9522.043004265712
2024-02-12 15:00:00,9079.0,9104.770159228065
2024-02-12 16:00:00,9115.0,9113.032136110596
2024-02-12 17:00:00,9837.0,9803.235518797022
2024-02-12 18:00:00,10798.0,10882.15643704552
2024-02-12 18:30:00,10687.0,10802.533763393281
2024-02-12 19:00:00,10450.0,10502.23855414582
2024-02-12 20:00:00,10198.0,10211.539278358978
2024-02-12 21:00:00,9665.0,9710.99609037783
2024-02-12 22:00:00,9009.0,9045.800610738219
2024-02-12 23:00:00,8719.0,8737.971492338314
2024-02-13 00:00:00,8098.0,8079.429048605404
2024-02-13 01:00:00,7763.0,7762.8406973185865
2024-02-13 02:00:00,7505.0,7487.670067786431
2024-02-13 03:00:00,7332.0,7323.964640781941
2024-02-13 04:00:00,7288.0,7288.957283415613
2024-02-13 05:00:00,7662.0,7632.234647143339
2024-02-13 06:00:00,8447.0,8474.046279735401
2024-02-13 07:00:00,9278.0,9260.081581619159
2024-02-13 08:00:00,9697.0,9662.500815528327
2024-02-13 09:00:00,9769.0,9753.839466165344
2024-02-13 10:00:00,10098.0,10187.599222560297
2024-02-13 11:00:00,10295.0,10368.907143776172
2024-02-13 12:00:00,10500.0,10528.409238514878
2024-02-13 13:00:00,10117.0,10227.167555979586
2024-02-13 14:00:00,6521.0,9606.269871129129
2024-02-13 15:00:00,9538.0,9348.294567323837
2024-02-13 16:00:00,9431.0,9396.607045036015
2024-02-13 17:00:00,10162.0,10219.582556687583
2024-02-13 18:00:00,10836.0,10868.565734167902
2024-02-13 18:30:00,10694.0,10765.754465572545
2024-02-13 19:00:00,10555.0,10579.076709711138
2024-02-13 20:00:00,10348.0,10383.902691759762
2024-02-13 21:00:00,9891.0,9945.120925122495
2024-02-13 22:00:00,9256.0,9281.237708442415
2024-02-13 23:00:00,8830.0,8794.183428143126
2024-02-14 00:00:00,8304.0,8310.496221176727
2024-02-14 02:00:00,7644.0,7626.16016439646
2024-02-14 03:00:00,7431.0,7437.2760794502055
2024-02-14 04:00:00,7460.0,7467.746520403003
2024-02-14 05:00:00,7733.0,7741.211581328053
2024-02-14 06:00:00,8492.0,8522.225622877251
2024-02-14 07:00:00,9393.0,9456.448470231699
2024-02-14 08:00:00,9529.0,9625.082085976266
2024-02-14 09:00:00,9355.0,9487.418455164032
2024-02-14 10:00:00,9890.0,9948.478339987198
2024-02-14 11:00:00,10428.0,10402.002831339705
2024-02-14 12:00:00,10640.0,10640.97207077771
2024-02-14 13:00:00,10144.0,10158.351324119085
2024-02-14 14:00:00,9944.0,9976.661576950619
2024-02-14 15:00:00,9629.0,9642.57054561286
2024-02-14 16:00:00,9418.0,9382.287043024486
2024-02-14 17:00:00,10150.0,10185.976371403007
2024-02-14 18:00:00,10980.0,11018.644869277125
2024-02-14 18:30:00,10768.0,10810.39322219056
2024-02-14 19:00:00,10718.0,10767.918619699758
2024-02-14 20:00:00,10389.0,10460.835485609077
2024-02-14 21:00:00,9798.0,9813.12718364253
2024-02-14 22:00:00,9202.0,9234.993901940965
2024-02-14 23:00:00,8893.0,8908.742281803914
2024-02-15 00:00:00,8385.0,8414.202572722845
2024-02-15 01:00:00,8046.0,8031.766417876548
2024-02-15 02:00:00,7770.0,7775.377102339227
2024-02-15 03:00:00,7604.0,7602.139335185608
2024-02-15 04:00:00,7492.0,7485.864008033999
2024-02-15 05:00:00,7853.0,7826.593272957028
2024-02-15 06:00:00,8947.0,8986.743686713855
2024-02-15 07:00:00,9603.0,9540.232719918535
2024-02-15 08:00:00,9878.0,9882.24547945031
2024-02-15 09:00:00,10160.0,10238.913258705148
2024-02-15 10:00:00,10393.0,10465.142449324841
2024-02-15 11:00:00,10886.0,10886.758838193608
2024-02-15 12:00:00,11024.0,11024.659412716604
2024-02-15 13:00:00,10575.0,10628.137255245985
2024-02-15 14:00:00,10209.0,10271.200484598703
2024-02-15 15:00:00,9897.0,9981.031978242718
2024-02-15 16:00:00,9723.0,9723.595085024137
2024-02-15 17:00:00,10224.0,10265.841863378308
2024-02-15 18:00:00,10944.0,10947.455855578539
2024-02-15 18:30:00,10479.0,10589.182641537478
2024-02-15 19:00:00,10512.0,10583.566791299632
2024-02-15 20:00:00,10460.0,10504.996538494508
2024-02-15 21:00:00,9833.0,9910.024097408654
2024-02-15 22:00:00,9387.0,9455.007966988582
2024-02-15 23:00:00,9015.0,9018.58895368671
2024-02-16 00:00:00,8679.0,8707.148898576484
2024-02-16 01:00:00,8282.0,8291.110830684078
2024-02-16 02:00:00,8042.0,8031.794061662154
2024-02-16 03:00:00,7776.0,7798.635081088268
2024-02-16 04:00:00,7699.0,7691.049684862389
2024-02-16 05:00:00,7952.0,8001.0939196492045
2024-02-16 06:00:00,6950.0,6949.307072335101
2024-02-16 07:00:00,7410.0,7388.444667941048
2024-02-16 08:00:00,8264.0,8132.57171535054
2024-02-16 09:00:00,8837.0,8835.264430698775
2024-02-16 10:00:00,9260.0,9295.44977697273
2024-02-16 11:00:00,9592.0,9587.113430883735
2024-02-16 12:00:00,10014.0,10071.884034461358
2024-02-16 13:00:00,8940.0,8957.968703122082
2024-02-16 14:00:00,8584.0,8611.281681811113
2024-02-16 15:00:00,8367.0,8425.357856369706
2024-02-16 16:00:00,8291.0,8349.005340800628
2024-02-16 17:00:00,8935.0,8921.311369363166
2024-02-16 18:00:00,9770.0,9805.14462257887
2024-02-16 18:30:00,9854.0,9940.314598228042
2024-02-16 19:00:00,9781.0,9813.113449134893
2024-02-16 20:00:00,9716.0,9743.829169826782
2024-02-16 21:00:00,9246.0,9274.471087695467
2024-02-16 22:00:00,9012.0,9212.307140513763
2024-02-16 23:00:00,8512.0,8353.391376071353
2024-02-17 00:00:00,8141.0,8165.673584240582
2024-02-17 01:00:00,7747.0,7766.539059028909
2024-02-17 02:00:00,7602.0,7597.9728937740465
2024-02-17 03:00:00,7324.0,7306.202042425786
2024-02-17 04:00:00,7228.0,7224.846783509779
2024-02-17 05:00:00,7590.0,7582.730808647843
2024-02-17 06:00:00,8329.0,8317.933695900974
2024-02-17 07:00:00,9226.0,9236.406646010162
2024-02-17 08:00:00,9205.0,9224.235246218232
2024-02-17 09:00:00,9285.0,9279.203225687088
2024-02-17 10:00:00,9616.0,9645.916833012687
2024-02-17 11:00:00,9958.0,10045.164604467109
2024-02-17 12:00:00,10241.0,10291.36035837352
2024-02-17 13:00:00,9862.0,9900.94963257664
2024-02-17 14:00:00,9559.0,9624.280928621603
2024-02-17 15:00:00,9400.0,9432.59837455642
2024-02-17 16:00:00,9199.0,9260.179224159585
2024-02-17 17:00:00,10248.0,10325.26797975892
2024-02-17 18:00:00,11152.0,11156.397260294383
2024-02-17 18:30:00,10972.0,11045.646175159503
2024-02-17 19:00:00,10854.0,10883.463595700128
2024-02-17 20:00:00,10622.0,10640.76199521377
2024-02-17 21:00:00,10150.0,10220.85501880843
2024-02-17 22:00:00,9462.0,9533.70428822799
2024-02-17 23:00:00,9007.0,9041.85773844425
2024-02-18 00:00:00,8501.0,8537.696202971216
2024-02-18 01:00:00,8119.0,8165.714063111458
2024-02-18 02:00:00,7916.0,7959.586953938528
2024-02-18 03:00:00,7698.0,7723.851739199718
2024-02-18 04:00:00,7628.0,7655.477271997535
2024-02-18 05:00:00,7753.0,7800.859855642907
2024-02-18 06:00:00,8477.0,8528.220707198996
2024-02-18 07:00:00,9416.0,9439.29305624279
2024-02-18 08:00:00,9774.0,9907.595273199255
2024-02-18 09:00:00,9738.0,9779.046967480235
2024-02-18 10:00:00,10126.0,10212.093461236504
2024-02-18 11:00:00,10556.0,10625.570232031989
2024-02-18 12:00:00,10531.0,10544.599089980518
2024-02-18 13:00:00,10094.0,10184.11559762149
2024-02-18 14:00:00,9998.0,10013.296019490663
2024-02-18 15:00:00,9808.0,9866.505431829162
2024-02-18 16:00:00,9492.0,9539.419395132558
2024-02-18 17:00:00,10510.0,10580.251457271377
2024-02-18 18:00:00,11192.0,11158.633284130803
2024-02-18 18:30:00,11044.0,11131.366152006907
2024-02-18 19:00:00,10953.0,10989.215681498566
2024-02-18 20:00:00,10741.0,10771.26177713401
2024-02-18 21:00:00,9936.0,9986.206078042827
2024-02-18 22:00:00,9560.0,9630.591366263501
2024-02-18 23:00:00,9086.0,9103.920242061688
2024-02-19 00:00:00,8670.0,8680.829173151833
2024-02-19 01:00:00,8265.0,8271.455415777506
2024-02-19 02:00:00,7988.0,7989.706741650885
2024-02-19 03:00:00,7720.0,7716.763753146292
2024-02-19 04:00:00,7644.0,7630.593117227061
2024-02-19 05:00:00,7944.0,8003.020617045181
2024-02-19 06:00:00,8889.0,8974.618891817507
2024-02-19 07:00:00,9527.0,9578.511292415875
2024-02-19 08:00:00,9868.0,9942.274341419934
2024-02-19 09:00:00,10039.0,10109.735660242259
2024-02-19 10:00:00,10337.0,10347.928260980658
2024-02-19 11:00:00,10733.0,10739.743406502577
2024-02-19 12:00:00,10709.0,10740.814596605025
2024-02-19 13:00:00,10437.0,10452.38102058887
2024-02-19 14:00:00,10044.0,10110.533822349475
2024-02-19 15:00:00,9966.0,9998.99586865046
2024-02-19 16:00:00,9879.0,9969.187351097988
2024-02-19 17:00:00,10486.0,10460.666825543445
2024-02-19 18:00:00,11426.0,11440.05637373247
2024-02-19 18:30:00,11278.0,11264.242188776132
2024-02-19 19:00:00,11072.0,11005.034091762705
2024-02-19 20:00:00,10764.0,10794.065183476127
2024-02-19 21:00:00,10219.0,10274.701445589011
2024-02-19 22:00:00,9643.0,9650.660736814698
2024-02-19 23:00:00,9252.0,9259.468134720337
2024-02-20 00:00:00,8858.0,8889.515442380536
2024-02-20 01:00:00,8270.0,8265.981739661314
2024-02-20 02:00:00,8050.0,8032.151526439608
2024-02-20 03:00:00,7763.0,7779.769245935878
2024-02-20 04:00:00,7785.0,7787.652792767537
2024-02-20 05:00:00,8164.0,8188.749807909012
2024-02-20 06:00:00,8945.0,8930.947741414007
2024-02-20 07:00:00,9724.0,9677.721334419612
2024-02-20 08:00:00,10000.0,10086.957869911686
2024-02-20 09:00:00,10082.0,10156.8844196507
2024-02-20 10:00:00,10399.0,10394.096464362228
2024-02-20 11:00:00,10688.0,10688.618163213589
2024-02-20 12:00:00,9810.0,9861.043448822176
2024-02-20 13:00:00,10049.0,10170.74700306825
2024-02-20 14:00:00,9735.0,9900.406205114396
2024-02-20 15:00:00,9549.0,9671.977839040237
2024-02-20 16:00:00,9694.0,9797.635385899252
2024-02-20 17:00:00,10606.0,10622.191462499097
2024-02-20 18:00:00,11433.0,11401.000229609366
2024-02-20 18:30:00,11217.0,11173.808886100069
2024-02-20 19:00:00,11142.0,11164.100361151088
2024-02-20 20:00:00,10763.0,10825.103907064266
2024-02-20 21:00:00,10074.0,10151.637207605545
2024-02-20 22:00:00,9792.0,9829.504393612771
2024-02-20 23:00:00,9345.0,9357.9020888191
2024-02-21 00:00:00,8855.0,8845.343762333592
2024-02-21 01:00:00,8399.0,8386.59389327778
2024-02-21 02:00:00,8083.0,8064.877367249647
2024-02-21 03:00:00,7855.0,7860.488817649032
2024-02-21 04:00:00,7627.0,7634.597916257494
2024-02-21 05:00:00,7759.0,7761.879798408787
2024-02-21 06:00:00,8118.0,8143.17113835581
2024-02-21 07:00:00,8924.0,8896.285005610967
2024-02-21 08:00:00,8870.0,8875.846725664605
2024-02-21 09:00:00,8887.0,8876.526023403008
2024-02-21 10:00:00,9220.0,9218.215657280134
2024-02-21 11:00:00,9810.0,9795.874666040172
2024-02-21 12:00:00,10042.0,10065.775584275754
2024-02-21 13:00:00,9826.0,9837.633042303061
2024-02-21 14:00:00,9197.0,9198.969324996195
2024-02-21 15:00:00,8492.0,8486.616269439783
2024-02-21 16:00:00,8407.0,8425.083807814011
2024-02-21 17:00:00,8907.0,8868.154084928887
2024-02-21 18:00:00,9940.0,9946.684458523958
2024-02-21 18:30:00,9893.0,9917.40959349837
2024-02-21 19:00:00,9786.0,9783.17599117987
2024-02-21 20:00:00,9828.0,9877.133673837005
2024-02-21 21:00:00,9616.0,9638.2900211574
2024-02-21 22:00:00,8941.0,8918.668242212385
2024-02-21 23:00:00,8777.0,8789.326022107412
2024-02-22 00:00:00,8179.0,8185.622794845093
2024-02-22 01:00:00,7922.0,7937.335746275209
2024-02-22 02:00:00,7624.0,7624.713115120575
2024-02-22 03:00:00,7429.0,7442.778901946613
2024-02-22 04:00:00,7368.0,7362.877252545544
2024-02-22 05:00:00,7522.0,7514.681174022603
2024-02-22 06:00:00,8226.0,8188.459695093696
2024-02-22 07:00:00,9127.0,9188.850710181428
2024-02-22 08:00:00,9193.0,9244.450560444802
2024-02-22 09:00:00,9289.0,9266.923508104186
2024-02-22 10:00:00,9589.0,9572.246998675932
2024-02-22 11:00:00,10067.0,10082.06190591341
2024-02-22 12:00:00,10307.0,10312.081595937063
2024-02-22 13:00:00,10027.0,10016.422097743964
2024-02-22 14:00:00,9793.0,9793.920178037833
2024-02-22 15:00:00,9199.0,9201.514419951149
2024-02-22 16:00:00,8707.0,8723.879779117102
2024-02-22 17:00:00,9429.0,9452.164044217909
2024-02-22 18:00:00,10474.0,10503.53863224631
2024-02-22 18:30:00,10598.0,10677.58681232373
2024-02-22 19:00:00,10495.0,10514.31541069597
2024-02-22 20:00:00,10270.0,10271.560205724585
2024-02-22 21:00:00,9893.0,9868.57055356496
2024-02-22 22:00:00,8869.0,8887.902001480423
2024-02-22 23:00:00,8488.0,8474.88312474269
2024-02-23 00:00:00,7699.0,7674.73704276774
2024-02-23 01:00:00,7397.0,7391.425182752878
2024-02-23 02:00:00,7332.0,7345.9928952945575
2024-02-23 03:00:00,7251.0,7281.83401412056
2024-02-23 04:00:00,7210.0,7239.691715150356
2024-02-23 05:00:00,7450.0,7439.4872404797225
2024-02-23 06:00:00,7697.0,7686.89599679313
2024-02-23 07:00:00,8307.0,8312.548082019335
2024-02-23 08:00:00,8595.0,8569.631082806765
2024-02-23 09:00:00,8616.0,8615.040445052315
2024-02-23 10:00:00,8978.0,9005.712281228001
2024-02-23 11:00:00,9346.0,9334.070645366854
2024-02-23 12:00:00,9691.0,9762.121584006667
2024-02-23 13:00:00,8614.0,8682.231027578366
2024-02-23 14:00:00,8234.0,8264.477464725198
2024-02-23 15:00:00,8030.0,8023.450230580248
2024-02-23 16:00:00,7902.0,7903.622379300894
2024-02-23 17:00:00,8569.0,8564.4971116964
2024-02-23 18:00:00,9893.0,9915.79105627159
2024-02-23 18:30:00,9616.0,9668.891609835313
2024-02-23 19:00:00,9492.0,9519.928508855375
2024-02-23 20:00:00,9472.0,9455.067807928723
2024-02-23 21:00:00,9288.0,9289.22373913205
2024-02-23 22:00:00,8809.0,8778.600252435795
2024-02-23 23:00:00,8561.0,8566.147014417475
2024-02-24 00:00:00,8090.0,8079.468291880407
2024-02-24 01:00:00,7635.0,7648.387794471639
2024-02-24 02:00:00,7432.0,7457.96883333631
2024-02-24 03:00:00,7281.0,7278.339342883211
2024-02-24 04:00:00,7133.0,7153.3111686023
2024-02-24 05:00:00,7351.0,7363.346731017174
2024-02-24 06:00:00,8017.0,8008.825708526662
2024-02-24 07:00:00,8795.0,8822.503470654916
2024-02-24 08:00:00,9147.0,9209.717869039574
2024-02-24 09:00:00,8896.0,8905.740707600835
2024-02-24 10:00:00,9402.0,9419.84318176392
2024-02-24 11:00:00,9774.0,9769.574234557667
2024-02-24 12:00:00,10155.0,10139.337526195028
2024-02-24 13:00:00,10129.0,10104.487033424271
2024-02-24 14:00:00,9777.0,9764.01066966014
2024-02-24 15:00:00,9478.0,9466.326953789314
2024-02-24 16:00:00,9451.0,9460.469322928184
2024-02-24 17:00:00,10223.0,10186.341658601272
2024-02-24 18:00:00,11132.0,11049.741707130079
2024-02-24 18:30:00,10845.0,10881.249967963186
2024-02-24 19:00:00,10756.0,10773.606908022508
2024-02-24 20:00:00,10642.0,10681.816060779296
2024-02-24 21:00:00,10244.0,10243.332107248947
2024-02-24 22:00:00,9692.0,9698.604183769381
2024-02-24 23:00:00,9211.0,9230.212879460123
2024-02-25 00:00:00,8815.0,8809.710566776313
2024-02-25 01:00:00,8313.0,8324.459514649136
2024-02-25 02:00:00,7852.0,7859.767399324353
2024-02-25 03:00:00,7678.0,7686.09982685951
2024-02-25 04:00:00,7480.0,7500.184162723255
2024-02-25 05:00:00,7439.0,7442.260863565594
2024-02-25 06:00:00,7867.0,7849.6850388397015
2024-02-25 07:00:00,8670.0,8657.298761040649
2024-02-25 08:00:00,9135.0,9166.472391231577
2024-02-25 09:00:00,9374.0,9379.757151268757
2024-02-25 10:00:00,9725.0,9746.52936353995
2024-02-25 11:00:00,10066.0,10100.220528507012
2024-02-25 12:00:00,10211.0,10238.359433303127
2024-02-25 13:00:00,9987.0,9993.381542542871
2024-02-25 14:00:00,9712.0,9720.97887995498
2024-02-25 15:00:00,8626.0,8727.46076386456
2024-02-25 16:00:00,9081.0,9129.098467248918
2024-02-25 17:00:00,9657.0,9639.608098206021
2024-02-25 18:00:00,10307.0,10315.800815747707
2024-02-25 18:30:00,9912.0,9962.714733350223
2024-02-25 19:00:00,9598.0,9612.264583858501
2024-02-25 20:00:00,9019.0,9064.169143808844
2024-02-25 21:00:00,8759.0,8758.346316188092
2024-02-25 22:00:00,8293.0,8311.918961964222
2024-02-25 23:00:00,7825.0,7812.207300682249
2024-02-26 00:00:00,7315.0,7336.053408749696
2024-02-26 01:00:00,6883.0,6914.531021252158
2024-02-26 02:00:00,6745.0,6741.767835430305
2024-02-26 03:00:00,6657.0,6648.156611026234
2024-02-26 04:00:00,6606.0,6618.850655391456
2024-02-26 05:00:00,6491.0,6491.729988221753
2024-02-26 06:00:00,6611.0,6574.768189176423
2024-02-26 07:00:00,7211.0,7203.276300501544
2024-02-26 08:00:00,7717.0,7697.8656642568285
2024-02-26 09:00:00,7716.0,7728.377358596464
2024-02-26 10:00:00,7891.0,7910.252678200912
2024-02-26 11:00:00,8230.0,8231.791693831095
2024-02-26 12:00:00,8789.0,8750.02701877733
2024-02-26 13:00:00,8615.0,8632.26694339543
2024-02-26 14:00:00,8307.0,8328.672098126899
2024-02-26 15:00:00,7848.0,7836.082696651669
2024-02-26 16:00:00,7927.0,7918.599531710981
2024-02-26 17:00:00,8700.0,8679.228548038694
2024-02-26 18:00:00,9551.0,9578.466545325213
2024-02-26 18:30:00,9419.0,9413.867395398778
2024-02-26 19:00:00,9309.0,9331.771305169981
2024-02-26 20:00:00,9326.0,9311.537237014656
2024-02-26 21:00:00,9175.0,9173.195562321891
2024-02-26 22:00:00,8645.0,8614.491923410502
2024-02-26 23:00:00,8437.0,8461.647718963208
2024-02-27 00:00:00,7840.0,7808.4026793948915
2024-02-27 01:00:00,7593.0,7590.568337457039
2024-02-27 02:00:00,7347.0,7330.336721048814
2024-02-27 03:00:00,7213.0,7224.042621853964
2024-02-27 04:00:00,7118.0,7113.599865169392
2024-02-27 05:00:00,7525.0,7501.104070653104
2024-02-27 06:00:00,8304.0,8246.51987135993
2024-02-27 07:00:00,9356.0,9341.610416181431
2024-02-27 08:00:00,9688.0,9678.390746058036
2024-02-27 09:00:00,9787.0,9790.234864705451
2024-02-27 10:00:00,10132.0,10128.956835781059
2024-02-27 11:00:00,10663.0,10632.527296329949
2024-02-27 12:00:00,10628.0,10626.666228187018
2024-02-27 13:00:00,10228.0,10242.661983014417
2024-02-27 14:00:00,9955.0,8045.786344251554
2024-02-27 15:00:00,9517.0,9550.60067125428
2024-02-27 16:00:00,9584.0,9589.197955718366
2024-02-27 17:00:00,10130.0,10128.411007416657
2024-02-27 18:00:00,11041.0,11053.731064090538
2024-02-27 18:30:00,10938.0,10994.982232577046
2024-02-27 19:00:00,10736.0,10758.776555684079
2024-02-27 20:00:00,10396.0,10391.444843347259
2024-02-27 21:00:00,9755.0,9738.000108587168
2024-02-27 22:00:00,9345.0,9338.823214525322
2024-02-27 23:00:00,8971.0,8965.477534971802
2024-02-28 00:00:00,8514.0,8511.79318081758
2024-02-28 01:00:00,8175.0,8191.596910449278
2024-02-28 02:00:00,7933.0,7945.874231009966
2024-02-28 03:00:00,7735.0,7751.477979994772
2024-02-28 04:00:00,7604.0,7607.082363783905
2024-02-28 05:00:00,7950.0,7961.508561797484
2024-02-28 06:00:00,8709.0,8680.530439549366
2024-02-28 07:00:00,9648.0,9687.561147308457
2024-02-28 08:00:00,9999.0,10065.000234845687
2024-02-28 09:00:00,10052.0,10149.537546572496
2024-02-28 10:00:00,10489.0,10487.156038135592
2024-02-28 11:00:00,10864.0,10878.63251730399
2024-02-28 12:00:00,11096.0,11101.19977342037
2024-02-28 13:00:00,10537.0,10559.248417745303
2024-02-28 14:00:00,10353.0,10403.062660215322
2024-02-28 15:00:00,9918.0,9922.575873526914
2024-02-28 16:00:00,9834.0,9858.791328585841
2024-02-28 17:00:00,10521.0,10525.245079603576
2024-02-28 18:00:00,11403.0,11407.392260697294
2024-02-28 18:30:00,11254.0,11301.247684868982
2024-02-28 19:00:00,11027.0,11051.03994843815
2024-02-28 20:00:00,10777.0,10753.613457977695
2024-02-28 21:00:00,10328.0,10353.196990395983
2024-02-28 22:00:00,9769.0,9749.082459129617
2024-02-28 23:00:00,9408.0,9380.9117065269
2024-02-29 00:00:00,8900.0,8890.837385039684
2024-02-29 01:00:00,8512.0,8514.528630124754
2024-02-29 02:00:00,8248.0,8257.187622609628
2024-02-29 03:00:00,8130.0,8114.6232125467905
2024-02-29 04:00:00,7937.0,7962.799209062987
2024-02-29 05:00:00,8189.0,8187.38412061736
2024-02-29 06:00:00,8956.0,8926.931201394676
2024-02-29 07:00:00,9960.0,9976.381695187856
2024-02-29 08:00:00,10197.0,10262.030966179293
2024-02-29 09:00:00,10202.0,10186.811412812936
2024-02-29 10:00:00,10650.0,10621.396974316953
2024-02-29 11:00:00,11039.0,11064.456710567543
2024-02-29 12:00:00,11053.0,11046.265146380252
2024-02-29 13:00:00,10700.0,10687.14607250221
2024-02-29 14:00:00,10416.0,10406.256171581586
2024-02-29 15:00:00,10239.0,10229.211333097523
2024-02-29 16:00:00,10094.0,10087.611798423948
2024-02-29 17:00:00,10495.0,10484.749089929352
2024-02-29 18:00:00,11385.0,11386.659864700754
2024-02-29 18:30:00,11286.0,11364.067032118326
2024-02-29 19:00:00,11031.0,11038.874866716951
2024-02-29 20:00:00,10611.0,10609.543710391923
2024-02-29 21:00:00,10082.0,10067.732250681189
2024-02-29 22:00:00,9733.0,9751.14542722841
2024-02-29 23:00:00,9356.0,9346.757725734551
2024-03-01 00:00:00,8914.0,8902.939603688648
2024-03-01 01:00:00,8482.0,8470.276875321693
2024-03-01 02:00:00,8219.0,8216.855689925005
2024-03-01 03:00:00,8030.0,8033.910353595229
2024-03-01 04:00:00,7900.0,7910.826801277126
2024-03-01 05:00:00,8091.0,8086.923047705281
2024-03-01 06:00:00,8463.0,8457.394416961846
2024-03-01 07:00:00,9061.0,9030.833185849042
2024-03-01 08:00:00,9193.0,9197.060784222565
2024-03-01 09:00:00,9154.0,9147.992865602198
2024-03-01 10:00:00,9336.0,9307.814456796541
2024-03-01 11:00:00,9834.0,9854.190897283801
2024-03-01 12:00:00,10089.0,10158.31516109113
2024-03-01 13:00:00,8874.0,8627.25283558703
2024-03-01 14:00:00,8716.0,8739.504235937762
2024-03-01 15:00:00,8549.0,8568.88777629119
2024-03-01 16:00:00,8353.0,8372.393011557111
2024-03-01 17:00:00,8877.0,8843.255961153916
2024-03-01 18:00:00,10151.0,10163.665796711557
2024-03-01 18:30:00,9973.0,10048.456884559859
2024-03-01 19:00:00,9949.0,9962.025063091418
2024-03-01 20:00:00,9754.0,9769.331274215092
2024-03-01 21:00:00,9451.0,9465.818107400888
2024-03-01 22:00:00,9019.0,9027.915511041103
2024-03-01 23:00:00,8845.0,8847.83102823164
2024-03-02 00:00:00,8319.0,8308.746577753847
2024-03-02 01:00:00,7787.0,7776.361665229062
2024-03-02 02:00:00,7646.0,7677.356410581713
2024-03-02 03:00:00,7496.0,7527.069034880562
2024-03-02 04:00:00,7303.0,7276.691818394185
2024-03-02 05:00:00,7657.0,7661.12196120531
2024-03-02 06:00:00,8521.0,8542.050097982665
2024-03-02 07:00:00,9274.0,9281.601447180015
2024-03-02 08:00:00,9717.0,9703.76554004348
2024-03-02 09:00:00,9313.0,9365.331525196869
2024-03-02 10:00:00,9728.0,9794.646050482548
2024-03-02 11:00:00,9950.0,10038.963080890297
2024-03-02 12:00:00,10255.0,10300.73280759252
2024-03-02 13:00:00,10077.0,10115.483778250633
2024-03-02 14:00:00,9970.0,10027.487331335222
2024-03-02 15:00:00,9734.0,9783.262775438758
2024-03-02 16:00:00,9601.0,9615.855345930324
2024-03-02 17:00:00,10393.0,10379.282367420254
2024-03-02 18:00:00,11397.0,11460.543224986752
2024-03-02 18:30:00,11213.0,11252.318784351066
2024-03-02 19:00:00,11094.0,11104.381403348627
2024-03-02 20:00:00,10793.0,10816.519330712556
2024-03-02 21:00:00,10285.0,10300.550624683863
2024-03-02 22:00:00,9756.0,9752.565882032688
2024-03-02 23:00:00,9493.0,9495.664982454367
2024-03-03 00:00:00,8922.0,8944.641245974542
2024-03-03 01:00:00,8548.0,8550.127428376827
2024-03-03 02:00:00,8299.0,8307.643822162923
2024-03-03 03:00:00,7957.0,7950.582399968834
2024-03-03 04:00:00,7913.0,7939.71875931086
2024-03-03 05:00:00,8268.0,8279.478200020747
2024-03-03 06:00:00,9191.0,9265.62438323593
2024-03-03 07:00:00,10054.0,10129.580105436207
2024-03-03 08:00:00,10200.0,10277.969618921992
2024-03-03 09:00:00,10139.0,10172.678987520478
2024-03-03 10:00:00,10565.0,10617.295937487977
2024-03-03 11:00:00,10943.0,11019.480039456837
2024-03-03 12:00:00,11217.0,11301.451226795101
2024-03-03 13:00:00,10855.0,10896.511262641372
2024-03-03 14:00:00,10633.0,10665.812789469019
2024-03-03 15:00:00,10456.0,10529.895749966541
2024-03-03 16:00:00,10304.0,10379.40429373318
2024-03-03 17:00:00,10573.0,10571.0968751028
2024-03-03 18:00:00,11834.0,11886.825170615231
2024-03-03 18:30:00,11447.0,11479.558584077678
2024-03-03 19:00:00,11414.0,11444.939906285605
2024-03-03 20:00:00,11044.0,11054.533562250755
2024-03-03 21:00:00,10400.0,10395.295332961661
2024-03-03 22:00:00,10072.0,10051.53542998381
2024-03-03 23:00:00,9799.0,9791.917014473991
2024-03-04 00:00:00,9393.0,9385.776808830971
2024-03-04 01:00:00,8977.0,8958.456330521567
2024-03-04 02:00:00,8466.0,8455.447979204053
2024-03-04 03:00:00,8226.0,8206.102986260235
2024-03-04 04:00:00,8132.0,8129.8135408932985
2024-03-04 05:00:00,8220.0,8200.446408177128
2024-03-04 06:00:00,8808.0,8776.771500072857
2024-03-04 07:00:00,9712.0,9756.647387084253
2024-03-04 08:00:00,10118.0,10234.000689233777
2024-03-04 09:00:00,10028.0,10093.570571563976
2024-03-04 10:00:00,10100.0,10128.402602617276
2024-03-04 11:00:00,10649.0,10667.40168855564
2024-03-04 12:00:00,10803.0,10844.53267366053
2024-03-04 13:00:00,10354.0,10404.736860185305
2024-03-04 14:00:00,10439.0,10482.110295111303
2024-03-04 15:00:00,1026.0,9178.032643001663
2024-03-04 16:00:00,10142.0,9393.34282533429
2024-03-04 17:00:00,10590.0,10571.433885216047
2024-03-04 18:00:00,11603.0,11615.447903280086
2024-03-04 18:30:00,11418.0,11423.191978192743
2024-03-04 19:00:00,11167.0,11164.747226407166
2024-03-04 20:00:00,10947.0,10959.48296698511
2024-03-04 21:00:00,10544.0,10545.779451841237
2024-03-04 22:00:00,10060.0,9993.547169224763
2024-03-04 23:00:00,9738.0,9761.685798331408
2024-03-05 00:00:00,9289.0,9191.16806874602
2024-03-05 01:00:00,8962.0,8885.678623833073
2024-03-05 02:00:00,8501.0,8383.907257350858
2024-03-05 03:00:00,8432.0,8455.986601122506
2024-03-05 04:00:00,8285.0,8246.79317830444
2024-03-05 05:00:00,8542.0,8479.122430105468
2024-03-05 06:00:00,9186.0,9191.482068231631
2024-03-05 07:00:00,9935.0,9962.747227748152
2024-03-05 08:00:00,10248.0,10312.998808970502
2024-03-05 09:00:00,10451.0,10500.153451406379
2024-03-05 10:00:00,10812.0,10781.322897956221
2024-03-05 11:00:00,11147.0,11210.122472965058
2024-03-05 12:00:00,11058.0,11094.707594612664
2024-03-05 13:00:00,10709.0,10731.686208109284
2024-03-05 14:00:00,10736.0,10745.917310954703
2024-03-05 15:00:00,10552.0,10560.653795275437
2024-03-05 16:00:00,10500.0,10529.735682143808
2024-03-05 17:00:00,10823.0,10835.186283815705
2024-03-05 18:00:00,11921.0,11959.316638595494
2024-03-05 18:30:00,11736.0,11744.411116197847
2024-03-05 19:00:00,11595.0,11596.995589396645
2024-03-05 20:00:00,11221.0,11213.88225011103
2024-03-05 21:00:00,10656.0,10713.551779974208
2024-03-05 22:00:00,10187.0,10219.07974182484
2024-03-05 23:00:00,9951.0,9969.26248231065
2024-03-06 00:00:00,9372.0,9402.292440916483
2024-03-06 01:00:00,9018.0,9007.190513261114
2024-03-06 02:00:00,8635.0,8615.20066689493
2024-03-06 03:00:00,8469.0,8485.400050745893
2024-03-06 04:00:00,8334.0,8307.112069008028
2024-03-06 05:00:00,8546.0,8539.71811786939
2024-03-06 06:00:00,9549.0,9658.447965892969
2024-03-06 07:00:00,10134.0,10237.095756034812
2024-03-06 08:00:00,10155.0,10216.719797311158
2024-03-06 09:00:00,10336.0,10361.77492441491
2024-03-06 10:00:00,10728.0,10751.183269839206
2024-03-06 11:00:00,11027.0,11067.445924205655
2024-03-06 12:00:00,11195.0,11202.533779862037
2024-03-06 13:00:00,10760.0,10815.87542994777
2024-03-06 14:00:00,10599.0,10624.96139778566
2024-03-06 15:00:00,10475.0,10506.029093670624
2024-03-06 16:00:00,10310.0,10319.33672362205
2024-03-06 17:00:00,10695.0,10678.360339670655
2024-03-06 18:00:00,11749.0,11732.10067663793
2024-03-06 18:30:00,11497.0,11567.290686029535
2024-03-06 19:00:00,11269.0,11252.440764162224
2024-03-06 20:00:00,11087.0,11111.37395991118
2024-03-06 21:00:00,10651.0,10678.277341857678
2024-03-06 22:00:00,10242.0,10271.499945187465
2024-03-06 23:00:00,9635.0,9616.527244746912
2024-03-07 00:00:00,9233.0,9242.074610395155
2024-03-07 01:00:00,8845.0,8837.07717965054
2024-03-07 02:00:00,8559.0,8555.55216333315
2024-03-07 03:00:00,8272.0,8270.251785157456
2024-03-07 04:00:00,8254.0,8240.975371472978
2024-03-07 05:00:00,8453.0,8418.107734326257
2024-03-07 06:00:00,9492.0,9532.935886368947
2024-03-07 07:00:00,10085.0,10163.13810619857
2024-03-07 08:00:00,10504.0,10522.923793524904
2024-03-07 09:00:00,10579.0,10639.548921938716
2024-03-07 10:00:00,11037.0,11089.960849650728
2024-03-07 11:00:00,11028.0,11058.81258806423
2024-03-07 12:00:00,11172.0,11156.946843862554
2024-03-07 13:00:00,10832.0,10875.806520515214
2024-03-07 14:00:00,10877.0,10891.934819490401
2024-03-07 15:00:00,10597.0,10634.217413710627
2024-03-07 16:00:00,10363.0,10430.480496022212
2024-03-07 17:00:00,10581.0,10570.872661351785
2024-03-07 18:00:00,11663.0,11740.332072890986
2024-03-07 18:30:00,11521.0,11592.594810336423
2024-03-07 19:00:00,11309.0,11321.731745897681
2024-03-07 20:00:00,11049.0,11057.162683679178
2024-03-07 21:00:00,10649.0,10652.575746449576
2024-03-07 22:00:00,10143.0,10164.310426152484
2024-03-07 23:00:00,9827.0,9838.009648101908
2024-03-08 00:00:00,9221.0,9248.22964479264
2024-03-08 01:00:00,8940.0,8933.236080659104
2024-03-08 02:00:00,8630.0,8631.193982419267
2024-03-08 03:00:00,8342.0,8349.107598899416
2024-03-08 04:00:00,8246.0,8237.785742958344
2024-03-08 05:00:00,8306.0,8287.318117300201
2024-03-08 06:00:00,8799.0,8767.77981986359
2024-03-08 07:00:00,9120.0,9162.091993709995
2024-03-08 08:00:00,9084.0,9105.108201661624
2024-03-08 09:00:00,9021.0,9024.636352739923
2024-03-08 10:00:00,9365.0,9365.951628014322
2024-03-08 11:00:00,9803.0,9779.429637608933
2024-03-08 12:00:00,10255.0,10297.205720010048
2024-03-08 13:00:00,9125.0,8986.902524184621
2024-03-08 14:00:00,8981.0,8961.169452866281
2024-03-08 15:00:00,8861.0,8864.915777056223
2024-03-08 16:00:00,8459.0,8474.024224674684
2024-03-08 17:00:00,9226.0,9196.650249535185
2024-03-08 18:00:00,10494.0,10552.877437755762
2024-03-08 18:30:00,10246.0,10340.153728896394
2024-03-08 19:00:00,10365.0,10367.295344458482
2024-03-08 20:00:00,10248.0,10249.034576036063
2024-03-08 21:00:00,9937.0,9964.181893277862
2024-03-08 22:00:00,9592.0,9634.73111812026
2024-03-08 23:00:00,9128.0,9155.568500992826
2024-03-09 00:00:00,8735.0,8716.025481523024
2024-03-09 01:00:00,8454.0,8452.56510604929
2024-03-09 02:00:00,8223.0,8194.031165931063
2024-03-09 03:00:00,7865.0,7860.665144171329
2024-03-09 04:00:00,7897.0,7898.976649963327
2024-03-09 05:00:00,8010.0,7978.49631236834
2024-03-09 06:00:00,8906.0,8924.832259204604
2024-03-09 07:00:00,9359.0,9413.830184914646
2024-03-09 08:00:00,9484.0,9508.567881756633
2024-03-09 09:00:00,9303.0,9343.72639251177
2024-03-09 10:00:00,9663.0,9655.53875556748
2024-03-09 11:00:00,9964.0,10047.443046293287
2024-03-09 12:00:00,10256.0,10303.897752708548
2024-03-09 13:00:00,10152.0,10176.232757376341
2024-03-09 14:00:00,9960.0,10003.527091095368
2024-03-09 15:00:00,10007.0,10068.28110201696
2024-03-09 16:00:00,10015.0,9969.69593860137
2024-03-09 17:00:00,10392.0,10427.867961066768
2024-03-09 18:00:00,11605.0,11643.409672725926
2024-03-09 18:30:00,11724.0,11809.356795079852
2024-03-09 19:00:00,11529.0,11546.239279673558
2024-03-09 20:00:00,11232.0,11265.219490583599
2024-03-09 21:00:00,10653.0,10719.026982141511
2024-03-09 22:00:00,10252.0,10300.70623163461
2024-03-09 23:00:00,9821.0,9784.09447150019
2024-03-10 00:00:00,9290.0,9284.706999054364
2024-03-10 01:00:00,8948.0,8912.98027407995
2024-03-10 02:00:00,8517.0,8513.664772731145
2024-03-10 03:00:00,8445.0,8477.504093370037
2024-03-10 04:00:00,8334.0,8330.695063663095
2024-03-10 05:00:00,8646.0,8645.919100545512
2024-03-10 06:00:00,9453.0,9517.48844722915
2024-03-10 07:00:00,10011.0,10111.04850008316
2024-03-10 08:00:00,10297.0,10368.05814817183
2024-03-10 09:00:00,10460.0,10543.036822708335
2024-03-10 10:00:00,10710.0,10809.131339378315
2024-03-10 11:00:00,11183.0,11264.678900556613
2024-03-10 12:00:00,11214.0,11311.080842229325
2024-03-10 13:00:00,10921.0,10906.732773945472
2024-03-10 14:00:00,10654.0,10708.471775634884
2024-03-10 15:00:00,10504.0,10591.82669889208
2024-03-10 16:00:00,10324.0,10422.539417318943
2024-03-10 17:00:00,10716.0,10719.736424605664
2024-03-10 18:00:00,11961.0,11948.635779747767
2024-03-10 18:30:00,11897.0,11940.446668079017
2024-03-10 19:00:00,11626.0,11670.661638417436
2024-03-10 20:00:00,11444.0,11435.621404536469
2024-03-10 21:00:00,10717.0,10762.0613418956
2024-03-10 22:00:00,10349.0,10401.14817061532
2024-03-10 23:00:00,9922.0,9907.896739826969
2024-03-11 00:00:00,9423.0,9446.754259937228
2024-03-11 01:00:00,8962.0,8989.34628822646
2024-03-11 02:00:00,8718.0,8715.882682215244
2024-03-11 03:00:00,8435.0,8450.816732014628
2024-03-11 04:00:00,8420.0,8404.87277676173
2024-03-11 05:00:00,8561.0,8570.549639774748
2024-03-11 06:00:00,9551.0,9633.468523094338
2024-03-11 07:00:00,10135.0,10233.915518771812
2024-03-11 08:00:00,10292.0,10324.228029316833
2024-03-11 09:00:00,10639.0,10692.62586562746
2024-03-11 10:00:00,10832.0,10816.844494221616
2024-03-11 11:00:00,11155.0,11105.896362544314
2024-03-11 12:00:00,11454.0,11420.33238865657
2024-03-11 13:00:00,11196.0,11141.109175213323
2024-03-11 14:00:00,11066.0,11021.566828549463
2024-03-11 15:00:00,10853.0,10834.310181650068
2024-03-11 16:00:00,10652.0,10666.486589009597
2024-03-11 17:00:00,11073.0,11112.305616931944
2024-03-11 18:00:00,12244.0,12274.238001818194
2024-03-11 18:30:00,12149.0,12157.410574316595
2024-03-11 19:00:00,12061.0,12077.858845708475
2024-03-11 20:00:00,11651.0,11641.494179359515
2024-03-11 21:00:00,11369.0,11370.98078868063
2024-03-11 22:00:00,10821.0,10844.12877690592
2024-03-11 23:00:00,10340.0,10374.030647408466
2024-03-12 00:00:00,9793.0,9815.363327211846
2024-03-12 01:00:00,9557.0,9609.750385101786
2024-03-12 02:00:00,9919.0,9985.90294110112
2024-03-12 03:00:00,10302.0,10371.142440039677
2024-03-12 04:00:00,9378.0,9358.932498201515
2024-03-12 05:00:00,8544.0,8609.358041856462
2024-03-12 06:00:00,8674.0,8697.330324299475
2024-03-12 07:00:00,9264.0,9348.083401002394
2024-03-12 08:00:00,9923.0,9942.151485374196
2024-03-12 09:00:00,10534.0,10560.804758041939
2024-03-12 10:00:00,10917.0,10952.59555436421
2024-03-12 11:00:00,11355.0,11374.968097715242
2024-03-12 12:00:00,11658.0,11698.461117084302
2024-03-12 13:00:00,11797.0,11820.815618718183
2024-03-12 14:00:00,11678.0,11735.810514382652
2024-03-12 15:00:00,11703.0,11733.980717317718
2024-03-12 16:00:00,11558.0,11581.873385709807
2024-03-12 17:00:00,11882.0,11911.269630168623
2024-03-12 18:00:00,12206.0,12182.646375014863
2024-03-12 18:30:00,11868.0,11936.694250037683
2024-03-12 19:00:00,12036.0,12068.26041777495
2024-03-12 20:00:00,12085.0,12067.75253429445
2024-03-12 21:00:00,11857.0,11844.037283789072
2024-03-12 22:00:00,11077.0,11146.94560660751
2024-03-12 23:00:00,10819.0,10867.628859015145
2024-03-13 00:00:00,10322.0,10376.383314864137
2024-03-13 01:00:00,10036.0,10107.32021872544
2024-03-13 02:00:00,10515.0,10549.963886967682
2024-03-13 03:00:00,10726.0,10794.629573766531
2024-03-13 04:00:00,9965.0,10037.331039655872
2024-03-13 05:00:00,9209.0,9255.64359045637
2024-03-13 06:00:00,9355.0,9401.845811739171
2024-03-13 07:00:00,9853.0,9959.007246144045
2024-03-13 08:00:00,10059.0,10134.653812453007
2024-03-13 09:00:00,10452.0,10504.900558131463
2024-03-13 10:00:00,10989.0,10862.501012069662
2024-03-13 11:00:00,11515.0,11598.335229301734
2024-03-13 12:00:00,11567.0,11642.301405385253
2024-03-13 13:00:00,11600.0,11671.029850859131
2024-03-13 14:00:00,11372.0,11508.266073028275
2024-03-13 15:00:00,11499.0,11700.440751022077
2024-03-13 16:00:00,11662.0,11777.979184291164
2024-03-13 17:00:00,11996.0,11867.903756424139
2024-03-13 18:00:00,12462.0,12469.731034202037
2024-03-13 18:30:00,12621.0,12637.286823634848
2024-03-13 19:00:00,12486.0,12524.589322418973
2024-03-13 20:00:00,12505.0,12496.922765944622
2024-03-13 21:00:00,12155.0,12134.4670191649
2024-03-13 22:00:00,11760.0,11859.43395908875
2024-03-13 23:00:00,11348.0,11324.154399545498
2024-03-14 00:00:00,10923.0,10971.627589259799
2024-03-14 01:00:00,10568.0,10606.540950684854
2024-03-14 02:00:00,10765.0,10805.26008170807
2024-03-14 03:00:00,11195.0,11283.42255831067
2024-03-14 04:00:00,10585.0,10638.490682862965
2024-03-14 05:00:00,9821.0,9823.231803819224
2024-03-14 06:00:00,9993.0,10077.30409455014
2024-03-14 07:00:00,10403.0,10406.097909006952
2024-03-14 08:00:00,10788.0,10810.61944456891
2024-03-14 09:00:00,10989.0,10924.976984283328
2024-03-14 10:00:00,11422.0,11561.931844008597
2024-03-14 11:00:00,11763.0,11756.84717411205
2024-03-14 12:00:00,11665.0,11661.686644238669
2024-03-14 13:00:00,11533.0,11515.066774201274
2024-03-14 14:00:00,11005.0,10930.79078127247
2024-03-14 15:00:00,11352.0,11280.631849585732
2024-03-14 16:00:00,11584.0,11628.077662324611
2024-03-14 17:00:00,11717.0,11778.214674595936
2024-03-14 18:00:00,12382.0,12380.769526333695
2024-03-14 18:30:00,12482.0,12497.60563807687
2024-03-14 19:00:00,12345.0,12304.006045077389
2024-03-14 20:00:00,12427.0,12382.086919613928
2024-03-14 21:00:00,12130.0,12054.429370965558
2024-03-14 22:00:00,11561.0,11545.78197622898
2024-03-14 23:00:00,11188.0,11230.218387411996
2024-03-15 00:00:00,10670.0,10752.47113818704
2024-03-15 01:00:00,10191.0,10278.592108384877
2024-03-15 02:00:00,10120.0,10166.791642317621
2024-03-15 03:00:00,10571.0,10548.94193133824
2024-03-15 04:00:00,9989.0,10000.194982007486
2024-03-15 05:00:00,9128.0,9162.844565117706
2024-03-15 06:00:00,8798.0,8813.193201099895
2024-03-15 07:00:00,8906.0,8958.297989003257
2024-03-15 08:00:00,9168.0,9179.488664052087
2024-03-15 09:00:00,9751.0,9736.374983922742
2024-03-15 10:00:00,10063.0,10139.029420490113
2024-03-15 11:00:00,10657.0,10699.464207291041
2024-03-15 12:00:00,10934.0,10883.462881324393
2024-03-15 13:00:00,10439.0,10455.70169196513
2024-03-15 14:00:00,10805.0,10757.722777715031
2024-03-15 15:00:00,10722.0,10725.63555591885
2024-03-15 16:00:00,10820.0,10769.390589640372
2024-03-15 17:00:00,11325.0,11212.415902352193
2024-03-15 18:00:00,11925.0,11935.136509363903
2024-03-15 18:30:00,12199.0,12166.01724195496
2024-03-15 19:00:00,12182.0,12172.311671321844
2024-03-15 20:00:00,12216.0,12181.622760215316
2024-03-15 21:00:00,12118.0,12080.107600605805
2024-03-15 22:00:00,11450.0,11404.887430284281
2024-03-15 23:00:00,11082.0,11166.182274299948
2024-03-16 00:00:00,10638.0,10665.76964941473
2024-03-16 01:00:00,10352.0,10374.883007927876
2024-03-16 02:00:00,10801.0,10829.550717105294
2024-03-16 03:00:00,10788.0,10801.61741215552
2024-03-16 04:00:00,10174.0,10240.230714533205
2024-03-16 05:00:00,9286.0,9320.48521464935
2024-03-16 06:00:00,9428.0,9450.737771112737
2024-03-16 07:00:00,9764.0,7938.531531996268
2024-03-16 08:00:00,10225.0,10246.306820882146
2024-03-16 09:00:00,10672.0,10736.717493776934
2024-03-16 10:00:00,10987.0,11022.255347132359
2024-03-16 11:00:00,11257.0,11239.261240366186
2024-03-16 12:00:00,11269.0,11222.489919916667
2024-03-16 13:00:00,11316.0,11472.381557569008
2024-03-16 14:00:00,11028.0,10966.506220982565
2024-03-16 15:00:00,11045.0,10947.131450674558
2024-03-16 16:00:00,11357.0,11421.598660609845
2024-03-16 17:00:00,11757.0,11785.63461999137
2024-03-16 18:00:00,12472.0,12415.633031751517
2024-03-16 18:30:00,12573.0,12521.186037983793
2024-03-16 19:00:00,12493.0,12400.891382922044
2024-03-16 20:00:00,12774.0,12702.350662201772
2024-03-16 21:00:00,12490.0,12414.392989617969
2024-03-16 22:00:00,11318.0,11192.175320421626
2024-03-16 23:00:00,10512.0,10503.529148915966
2024-03-17 00:00:00,9013.0,8992.969948131866
2024-03-17 01:00:00,9456.0,9487.821305036754
2024-03-17 02:00:00,10117.0,10164.278723487761
2024-03-17 03:00:00,10384.0,10464.219939498129
2024-03-17 04:00:00,9814.0,9819.103012571055
2024-03-17 05:00:00,9027.0,9096.914148338175
2024-03-17 06:00:00,9170.0,9190.410792194578
2024-03-17 07:00:00,9514.0,9527.690245140077
2024-03-17 08:00:00,9956.0,10015.716496151688
2024-03-17 09:00:00,10507.0,10557.884618412278
2024-03-17 10:00:00,10884.0,10939.168230878484
2024-03-17 11:00:00,11100.0,11170.918003580759
2024-03-17 12:00:00,11307.0,11246.371962767871
2024-03-17 13:00:00,11434.0,11596.637573201078
2024-03-17 14:00:00,11407.0,11587.518060669385
2024-03-17 15:00:00,11489.0,11616.270168543997
2024-03-17 16:00:00,11667.0,11691.631822931202
2024-03-17 17:00:00,12171.0,12114.002493621172
2024-03-17 18:00:00,12573.0,12637.658936002807
2024-03-17 18:30:00,12699.0,12706.822218564355
2024-03-17 19:00:00,12795.0,11846.795373866085
2024-03-17 20:00:00,12925.0,12810.666890165028
2024-03-17 21:00:00,12714.0,12710.107452236964
2024-03-17 22:00:00,11987.0,11941.568228714126
2024-03-17 23:00:00,11450.0,11540.049883891044
2024-03-18 00:00:00,10978.0,10975.931253792736
2024-03-18 01:00:00,10709.0,10762.767206303371
2024-03-18 02:00:00,10932.0,10932.122346521011
2024-03-18 03:00:00,11051.0,11038.59839110494
2024-03-18 04:00:00,10347.0,10395.096405529188
2024-03-18 05:00:00,9609.0,9561.690120476333
2024-03-18 06:00:00,9615.0,9607.519561552534
2024-03-18 07:00:00,10099.0,10212.05661730475
2024-03-18 08:00:00,10802.0,10786.952401765013
2024-03-18 09:00:00,11093.0,11157.52287428934
2024-03-18 10:00:00,11269.0,11228.197320929592
2024-03-18 11:00:00,11439.0,11593.063954180549
2024-03-18 12:00:00,11536.0,11608.618981001853
2024-03-18 13:00:00,11669.0,11515.44600529447
2024-03-18 14:00:00,11607.0,11414.443383800968
2024-03-18 15:00:00,11674.0,11666.78150104233
2024-03-18 16:00:00,11486.0,11640.225379238753
2024-03-18 17:00:00,12414.0,12345.114164475986
2024-03-18 18:00:00,12851.0,12786.31581080097
2024-03-18 18:30:00,13137.0,13054.489022435473
2024-03-18 19:00:00,13249.0,13156.889628389254
2024-03-18 20:00:00,13327.0,13193.541019714046
2024-03-18 21:00:00,12953.0,12852.029395137504
2024-03-18 22:00:00,12300.0,12277.461200083711
2024-03-18 23:00:00,11889.0,11916.999190491142
2024-03-19 00:00:00,11336.0,11332.455116885783
2024-03-19 01:00:00,11164.0,11128.171078533478
2024-03-19 02:00:00,11365.0,11341.955709099457
2024-03-19 03:00:00,11497.0,11412.096601257263
2024-03-19 04:00:00,10763.0,10808.115302619666
2024-03-19 05:00:00,9978.0,10050.013481032063
2024-03-19 06:00:00,10000.0,10035.016363475303
2024-03-19 07:00:00,10491.0,10500.856155984591
2024-03-19 08:00:00,10935.0,10925.940358811447
2024-03-19 09:00:00,11344.0,11300.897141251557
2024-03-19 10:00:00,11492.0,11589.046948105966
2024-03-19 11:00:00,11470.0,11537.950581788376
2024-03-19 12:00:00,11418.0,11317.35338278227
2024-03-19 13:00:00,11400.0,11334.845835063094
2024-03-19 14:00:00,11325.0,11294.569794907027
2024-03-19 15:00:00,11169.0,11155.072149346197
2024-03-19 16:00:00,11565.0,11590.110729323611
2024-03-19 17:00:00,11801.0,11734.145075706221
2024-03-19 18:00:00,11597.0,11633.583257344384
2024-03-19 18:30:00,11930.0,11900.842312445599
2024-03-19 19:00:00,11956.0,11974.957542974611
2024-03-19 20:00:00,12411.0,12294.391596428226
2024-03-19 21:00:00,12279.0,12196.284232473545
2024-03-19 22:00:00,11834.0,11823.827598159327
2024-03-19 23:00:00,11420.0,11505.227970203641
2024-03-20 00:00:00,10898.0,10877.281882652844
2024-03-20 01:00:00,10759.0,10766.310044368864
2024-03-20 02:00:00,10732.0,10713.564593595727
2024-03-20 03:00:00,10335.0,10343.943792413116
2024-03-20 04:00:00,8972.0,8945.417406896533
2024-03-20 05:00:00,8117.0,8117.305354825026
2024-03-20 06:00:00,8133.0,8123.58200251649
2024-03-20 07:00:00,8367.0,8352.718654273347
2024-03-20 08:00:00,8863.0,8904.30071827611
2024-03-20 09:00:00,9404.0,9474.662682442136
2024-03-20 10:00:00,9499.0,9497.071839441143
2024-03-20 11:00:00,9947.0,9977.898983424653
2024-03-20 12:00:00,10270.0,10286.428123095619
2024-03-20 13:00:00,10304.0,10352.48521199846
2024-03-20 14:00:00,10444.0,10483.827203204255
2024-03-20 15:00:00,10302.0,10336.431720895049
2024-03-20 16:00:00,10271.0,10351.193178493333
2024-03-20 17:00:00,10364.0,10343.467404134883
2024-03-20 18:00:00,10470.0,10487.529235600527
2024-03-20 18:30:00,10600.0,10685.659608709368
2024-03-20 19:00:00,10589.0,10639.214713065738
2024-03-20 20:00:00,10668.0,10676.071740978703
2024-03-20 21:00:00,10518.0,10509.661005439966
2024-03-20 22:00:00,10113.0,10116.616877303042
2024-03-20 23:00:00,9752.0,9759.456381954864
2024-03-21 00:00:00,9432.0,9441.787666378663
2024-03-21 01:00:00,9228.0,9254.010043013965
2024-03-21 02:00:00,9626.0,9614.667372977909
2024-03-21 03:00:00,9829.0,9847.557373698231
2024-03-21 04:00:00,8745.0,8778.197245817033
2024-03-21 05:00:00,8058.0,8069.555616537937
2024-03-21 06:00:00,8194.0,8169.323789759008
2024-03-21 07:00:00,8777.0,8745.676870859383
2024-03-21 08:00:00,9262.0,9299.733505006427
2024-03-21 09:00:00,9542.0,9528.382280952026
2024-03-21 10:00:00,10062.0,10095.92607858115
2024-03-21 11:00:00,10124.0,10135.54734214408
2024-03-21 12:00:00,10333.0,10366.589469807399
2024-03-21 13:00:00,10321.0,10298.949983429387
2024-03-21 14:00:00,10058.0,10073.016218199771
2024-03-21 15:00:00,10074.0,10067.162253878927
2024-03-21 16:00:00,10217.0,10242.19028201906
2024-03-21 17:00:00,10246.0,10274.928362246412
2024-03-21 18:00:00,10088.0,10103.175066330932
2024-03-21 18:30:00,9864.0,9930.644431010634
2024-03-21 19:00:00,9568.0,9592.091392979271
2024-03-21 20:00:00,9472.0,9474.90059886352
2024-03-21 21:00:00,9434.0,9443.412408663395
2024-03-21 22:00:00,9385.0,9399.026861454991
2024-03-21 23:00:00,9176.0,9176.916673697484
2024-03-22 00:00:00,8848.0,8851.639548961302
2024-03-22 01:00:00,8718.0,8728.238423331024
2024-03-22 02:00:00,8831.0,8867.971780464235
2024-03-22 03:00:00,9188.0,9173.798433772727
2024-03-22 04:00:00,8326.0,8303.761011321516
2024-03-22 05:00:00,7484.0,7456.347962554836
2024-03-22 06:00:00,7249.0,7235.69436586307
2024-03-22 07:00:00,7519.0,7513.037672054684
2024-03-22 08:00:00,7946.0,7903.960281424921
2024-03-22 09:00:00,8242.0,8247.448007122362
2024-03-22 10:00:00,8531.0,8507.670512752999
2024-03-22 11:00:00,9066.0,9046.573802829082
2024-03-22 12:00:00,9735.0,9719.575885888022
2024-03-22 13:00:00,8773.0,8740.97422440143
2024-03-22 14:00:00,9031.0,9039.074417856551
2024-03-22 15:00:00,8989.0,8982.985623264947
2024-03-22 16:00:00,9170.0,9168.75812176918
2024-03-22 17:00:00,9695.0,9692.271767869337
2024-03-22 18:00:00,10003.0,10025.3738397521
2024-03-22 18:30:00,10243.0,10273.895147450423
2024-03-22 19:00:00,10194.0,10180.857521803906
2024-03-22 20:00:00,10354.0,10345.241872225122
2024-03-22 21:00:00,10310.0,10290.097681857724
2024-03-22 22:00:00,9899.0,9883.927879537216
2024-03-22 23:00:00,9513.0,9502.892315736246
2024-03-23 00:00:00,9067.0,9039.45848948731
2024-03-23 01:00:00,8784.0,8803.291330591632
2024-03-23 02:00:00,9018.0,9036.086484079251
2024-03-23 03:00:00,9390.0,9376.26199718076
2024-03-23 04:00:00,8404.0,8428.29916571941
2024-03-23 05:00:00,7730.0,7765.243910726368
2024-03-23 06:00:00,8021.0,8060.155455493805
2024-03-23 07:00:00,8633.0,8619.507147570275
2024-03-23 08:00:00,9319.0,9352.94087282037
2024-03-23 09:00:00,9587.0,9589.847474477201
2024-03-23 10:00:00,9915.0,9915.166913657493
2024-03-23 11:00:00,10399.0,10400.290179371661
2024-03-23 12:00:00,10685.0,10672.638888155656
2024-03-23 13:00:00,10804.0,10832.286666268643
2024-03-23 14:00:00,10818.0,10815.12922827737
2024-03-23 15:00:00,10728.0,10726.649042628585
2024-03-23 16:00:00,10731.0,10752.50062207628
2024-03-23 17:00:00,11064.0,11085.865554865368
2024-03-23 18:00:00,11160.0,11214.140499310375
2024-03-23 18:30:00,11281.0,11334.46941698089
2024-03-23 19:00:00,11061.0,11051.232241059093
2024-03-23 20:00:00,10791.0,10767.46545588689
2024-03-23 21:00:00,10375.0,10369.770638408563
2024-03-23 22:00:00,10011.0,10011.261499496446
2024-03-23 23:00:00,9995.0,9973.482343030571
2024-03-24 00:00:00,9580.0,9592.042974484706
2024-03-24 01:00:00,9043.0,9051.89151278853
2024-03-24 02:00:00,8510.0,8508.770136149195
2024-03-24 03:00:00,8981.0,8996.81929150987
2024-03-24 04:00:00,8262.0,8263.84719086052
2024-03-24 05:00:00,7652.0,7678.744192313733
2024-03-24 06:00:00,8034.0,8074.936735416096
2024-03-24 07:00:00,8536.0,8539.087119420166
2024-03-24 08:00:00,9067.0,9058.441259871168
2024-03-24 09:00:00,9711.0,9707.820432699675
2024-03-24 10:00:00,10022.0,10057.85735795636
2024-03-24 11:00:00,10526.0,10506.563104464462
2024-03-24 12:00:00,10976.0,10992.69105503972
2024-03-24 13:00:00,11194.0,11198.797423971026
2024-03-24 14:00:00,11300.0,11318.211996293458
2024-03-24 15:00:00,11328.0,11324.13462015698
2024-03-24 16:00:00,11177.0,11153.780142137855
2024-03-24 17:00:00,10790.0,10781.065943666012
2024-03-24 18:00:00,11100.0,11145.383354771326
2024-03-24 18:30:00,11263.0,11318.05193784395
2024-03-24 19:00:00,11093.0,11098.190691802201
2024-03-24 20:00:00,11215.0,11261.490744006813
2024-03-24 21:00:00,11124.0,11120.917948201275
2024-03-24 22:00:00,11030.0,11057.279794955097
2024-03-24 23:00:00,10572.0,10554.557954647662
2024-03-25 00:00:00,10101.0,10104.408873683737
2024-03-25 01:00:00,9929.0,9920.15791136007
2024-03-25 02:00:00,10123.0,10129.300822239335
2024-03-25 03:00:00,10302.0,10309.312626165547
2024-03-25 04:00:00,9176.0,9192.360311534345
2024-03-25 05:00:00,8513.0,8561.39961863913
2024-03-25 06:00:00,8779.0,8790.292704354766
2024-03-25 07:00:00,9269.0,9327.717795598284
2024-03-25 08:00:00,9878.0,9858.83368120716
2024-03-25 09:00:00,10323.0,10314.773444252949
2024-03-25 09:00:00,10323.0,10292.922419718283
2024-03-25 10:00:00,10743.0,10749.761839962921
2024-03-25 11:00:00,11228.0,11223.31307135635
2024-03-25 12:00:00,11529.0,11529.606385000288
2024-03-25 13:00:00,11761.0,11791.451848032926
2024-03-25 14:00:00,11758.0,11864.083777972503
2024-03-25 15:00:00,11663.0,11735.379467776627
2024-03-25 16:00:00,11640.0,11666.831677805121
2024-03-25 17:00:00,12157.0,12168.039939179343
2024-03-25 18:00:00,12536.0,12566.525190919763
2024-03-25 18:30:00,12714.0,12648.36201520745
2024-03-25 19:00:00,12791.0,12706.397716462865
2024-03-25 20:00:00,12883.0,12787.13353716517
2024-03-25 21:00:00,12157.0,12100.650155914886
2024-03-25 22:00:00,11748.0,11774.90540436335
2024-03-25 23:00:00,11093.0,11110.373928177683
2024-03-26 00:00:00,10573.0,10621.892787050603
2024-03-26 01:00:00,10287.0,10370.694995108699
2024-03-26 02:00:00,10266.0,10289.520666612358
2024-03-26 03:00:00,10106.0,10121.16228160395
2024-03-26 04:00:00,9065.0,9188.205641258553
2024-03-26 05:00:00,8280.0,8300.551220759291
2024-03-26 06:00:00,7965.0,7939.844556313194
2024-03-26 07:00:00,8212.0,8207.17133536263
2024-03-26 08:00:00,8538.0,8505.960731819872
2024-03-26 09:00:00,8846.0,8851.88114807491
2024-03-26 10:00:00,9362.0,9386.694506963018
2024-03-26 11:00:00,9801.0,9788.316332001266
2024-03-26 12:00:00,10557.0,10527.254322487579
2024-03-26 13:00:00,10777.0,10789.089563804679
2024-03-26 14:00:00,10670.0,10676.710553270088
2024-03-26 15:00:00,10707.0,10701.57342708023
2024-03-26 16:00:00,10713.0,10700.5843999025
2024-03-26 17:00:00,11096.0,11098.819838817428
2024-03-26 18:00:00,11679.0,11710.200450958957
2024-03-26 18:30:00,11915.0,11892.463370914727
2024-03-26 19:00:00,11763.0,11753.39039141222
2024-03-26 20:00:00,12107.0,12013.23319430533
2024-03-26 21:00:00,11896.0,11861.246771883927
2024-03-26 22:00:00,11480.0,11507.679260798748
2024-03-26 23:00:00,10932.0,10951.52112909753
2024-03-27 00:00:00,10565.0,10625.085903997247
2024-03-27 01:00:00,10305.0,10364.518110143748
2024-03-27 02:00:00,10460.0,10518.287417945814
2024-03-27 03:00:00,10625.0,10684.657152147412
2024-03-27 04:00:00,9742.0,9754.966886364433
2024-03-27 05:00:00,9037.0,9027.561702072288
2024-03-27 06:00:00,9269.0,9251.301392303658
2024-03-27 07:00:00,9906.0,9840.813703606766
2024-03-27 08:00:00,10448.0,10431.60308976224
2024-03-27 09:00:00,10922.0,10880.32413848442
2024-03-27 10:00:00,11466.0,11533.560246607618
2024-03-27 11:00:00,11821.0,11872.839281866134
2024-03-27 12:00:00,12152.0,12252.606518900562
2024-03-27 14:00:00,11826.0,11875.020670037302
2024-03-27 15:00:00,11919.0,11948.483035066296
2024-03-27 16:00:00,11986.0,12004.390724849389
2024-03-27 17:00:00,11926.0,11949.631911343853
2024-03-27 18:00:00,11874.0,11879.626740203272
2024-03-27 18:30:00,11849.0,11847.205911382036
2024-03-27 19:00:00,11795.0,11852.08912266321
2024-03-27 20:00:00,11935.0,11886.919733919127
2024-03-27 21:00:00,12095.0,12023.826087307265
2024-03-27 22:00:00,11712.0,11674.838368714913
2024-03-27 23:00:00,11381.0,11392.561124554953
2024-03-28 00:00:00,10887.0,10881.659261222176
2024-03-28 01:00:00,10721.0,10711.910775745959
2024-03-28 02:00:00,10923.0,10930.974954606776
2024-03-28 03:00:00,10927.0,10915.808013077523
2024-03-28 04:00:00,10025.0,10027.435150622952
2024-03-28 05:00:00,9405.0,9398.123861729102
2024-03-28 06:00:00,9462.0,9438.904983143217
2024-03-28 07:00:00,9820.0,9838.1249141492
2024-03-28 08:00:00,10705.0,10708.129698168474
2024-03-28 09:00:00,11321.0,11353.906773961146
2024-03-28 10:00:00,11585.0,11627.561958320177
2024-03-28 11:00:00,11557.0,11616.42494902709
2024-03-28 12:00:00,11747.0,11746.369280621346
2024-03-28 13:00:00,11891.0,11886.491037881078
2024-03-28 14:00:00,11819.0,11871.361489298846
2024-03-28 15:00:00,11475.0,11591.409096315067
2024-03-28 16:00:00,11731.0,11732.343009669557
2024-03-28 17:00:00,11876.0,11867.325858316464
2024-03-28 18:00:00,11985.0,11997.712826943614
2024-03-28 18:30:00,12305.0,12288.362263675637
2024-03-28 19:00:00,12432.0,12399.902658321867
2024-03-28 20:00:00,12652.0,12630.644463271523
2024-03-28 21:00:00,12497.0,12463.37315100639
2024-03-28 22:00:00,12136.0,12064.34272571689
2024-03-28 23:00:00,11871.0,11921.209629440185
2024-03-29 00:00:00,11436.0,11497.165209918367
2024-03-29 01:00:00,11195.0,11220.666456337336
2024-03-29 02:00:00,11317.0,11372.57626910602
2024-03-29 03:00:00,11229.0,11252.611194279194
2024-03-29 04:00:00,10416.0,10457.409915502949
2024-03-29 05:00:00,9493.0,9505.217995091525
2024-03-29 06:00:00,9590.0,9555.456445649863
2024-03-29 07:00:00,9699.0,9702.62940532335
2024-03-29 08:00:00,10071.0,10128.309553302439
2024-03-29 09:00:00,10270.0,10332.477787683178
2024-03-29 10:00:00,10721.0,10695.729643870944
2024-03-29 11:00:00,11214.0,11211.360304676567
2024-03-29 12:00:00,11654.0,11653.550681095325
2024-03-29 13:00:00,11195.0,11214.293561220782
2024-03-29 14:00:00,11370.0,11369.136410923069
2024-03-29 15:00:00,11257.0,11320.54352895423
2024-03-29 16:00:00,11354.0,11389.578376106341
2024-03-29 17:00:00,11845.0,11827.540873497843
2024-03-29 18:00:00,12696.0,12649.651207128596
2024-03-29 18:30:00,12940.0,12824.15195704884
2024-03-29 19:00:00,12932.0,12819.670086956525
2024-03-29 20:00:00,13189.0,13174.932677790384
2024-03-29 21:00:00,13009.0,12947.414315867012
2024-03-29 22:00:00,12528.0,12545.263373185837
2024-03-29 23:00:00,12053.0,12093.656354668763
2024-03-30 00:00:00,11588.0,11662.275014331823
2024-03-30 01:00:00,11387.0,11350.284793823095
2024-03-30 02:00:00,11434.0,11341.373485461812
2024-03-30 03:00:00,11635.0,11672.661679168667
2024-03-30 04:00:00,10891.0,10847.205720481987
2024-03-30 05:00:00,10116.0,10182.692305746446
2024-03-30 06:00:00,10225.0,10298.00447992735
2024-03-30 07:00:00,10634.0,10641.578668171385
2024-03-30 08:00:00,10912.0,10918.30759362634
2024-03-30 09:00:00,11128.0,11060.156146823549
2024-03-30 10:00:00,11190.0,11171.314940743294
2024-03-30 11:00:00,11576.0,11637.034839685108
2024-03-30 12:00:00,11745.0,11622.189996719704
2024-03-30 13:00:00,11661.0,11474.794966294812
2024-03-30 14:00:00,11540.0,11324.265235884921
2024-03-30 15:00:00,11645.0,11473.613950676485
2024-03-30 16:00:00,11687.0,11605.17372391312
2024-03-30 17:00:00,12235.0,11899.786158448644
2024-03-30 18:00:00,12894.0,12259.446807741127
2024-03-30 18:30:00,12782.0,12494.61183252205
2024-03-30 19:00:00,12901.0,12344.384824807885
2024-03-30 20:00:00,13353.0,12691.30168859928
2024-03-30 21:00:00,13406.0,12981.57637974772
2024-03-30 22:00:00,12948.0,12485.542906761244
2024-03-30 23:00:00,12215.0,12131.77658446247
2024-03-31 00:00:00,12042.0,11781.255274871955
2024-03-31 01:00:00,11997.0,12040.189122522543
2024-03-31 02:00:00,12168.0,12086.643616897973
2024-03-31 03:00:00,12057.0,12149.85358131109
2024-03-31 04:00:00,11212.0,11206.120351924017
2024-03-31 05:00:00,9614.0,9751.575125422884
2024-03-31 06:00:00,7231.0,7339.610619687533
2024-03-31 07:00:00,5627.0,5132.890122754285
2024-03-31 08:00:00,7121.0,7062.264890799989
2024-03-31 09:00:00,8351.0,8255.845937414128
2024-03-31 10:00:00,9521.0,9490.918320238794
2024-03-31 11:00:00,10854.0,10825.573350317109
2024-03-31 12:00:00,11507.0,11487.442378630201
2024-03-31 13:00:00,12012.0,11918.641066712724
2024-03-31 14:00:00,12136.0,12029.658691822788
2024-03-31 15:00:00,11878.0,11843.751655134312
2024-03-31 16:00:00,12101.0,12135.22752040994
2024-03-31 17:00:00,12562.0,12503.8840790713
2024-03-31 18:00:00,13151.0,12696.690254299829
2024-03-31 18:30:00,12928.0,12808.082173151686
2024-03-31 19:00:00,13257.0,13084.23944848884
2024-03-31 20:00:00,13898.0,13704.0219190885
2024-03-31 21:00:00,13861.0,13624.571578773817
2024-03-31 22:00:00,12970.0,12658.689175261547
2024-03-31 23:00:00,12100.0,11843.115518725288
2024-04-01 00:00:00,11352.0,11174.450721345505
2024-04-01 01:00:00,11395.0,11266.670759105678
2024-04-01 02:00:00,11585.0,11477.223453872519
2024-04-01 03:00:00,11560.0,11392.387578101314
2024-04-01 04:00:00,11399.0,11322.76094394815
2024-04-01 05:00:00,10907.0,10812.919967117361
2024-04-01 06:00:00,10843.0,10819.671437306175
2024-04-01 07:00:00,11010.0,10968.222715650447
2024-04-01 08:00:00,11308.0,11204.574478855486
2024-04-01 09:00:00,11572.0,11625.327706376898
2024-04-01 10:00:00,11676.0,11521.35713171291
2024-04-01 11:00:00,12049.0,11767.708096226848
2024-04-01 12:00:00,12180.0,11891.56651244177
2024-04-01 13:00:00,12287.0,11917.635970521733
2024-04-01 14:00:00,12415.0,11947.541950131295
2024-04-01 15:00:00,12343.0,11943.459740945766
2024-04-01 16:00:00,12424.0,11981.169099400862
2024-04-01 17:00:00,12645.0,12107.182701114565
2024-04-01 18:00:00,13449.0,12413.57242903112
2024-04-01 18:30:00,13350.0,12648.018898738475
2024-04-01 19:00:00,13388.0,12646.912782101448
2024-04-01 20:00:00,13757.0,12732.796720424254
2024-04-01 21:00:00,13647.0,12639.344390753093
2024-04-01 22:00:00,13010.0,12399.872465580907
2024-04-01 23:00:00,12374.0,12182.569813559052
2024-04-02 00:00:00,12175.0,11748.301826354063
2024-04-02 01:00:00,12077.0,11716.572773512482
2024-04-02 02:00:00,12054.0,11735.884716596893
2024-04-02 03:00:00,12111.0,11666.45230247736
2024-04-02 04:00:00,11776.0,11451.946491100787
2024-04-02 05:00:00,11320.0,11506.465867969366
2024-04-02 06:00:00,11464.0,11445.69678008593
2024-04-02 07:00:00,11162.0,11216.76233995628
2024-04-02 08:00:00,11337.0,11309.283163922617
2024-04-02 09:00:00,11747.0,11629.476684278869
2024-04-02 10:00:00,11843.0,11478.370676948265
2024-04-02 11:00:00,12147.0,11670.038233559517
2024-04-02 12:00:00,12109.0,11612.541305776751
2024-04-02 13:00:00,11976.0,11376.4145928908
2024-04-02 14:00:00,11986.0,11281.245573639726
2024-04-02 15:00:00,12050.0,11473.252918983457
2024-04-02 16:00:00,11334.0,11206.836036551831
2024-04-02 17:00:00,12690.0,11800.760259861056
2024-04-02 18:00:00,13435.0,12222.53572138574
2024-04-02 18:30:00,13586.0,12708.144266464571
2024-04-02 19:00:00,13629.0,12694.116880066882
2024-04-02 20:00:00,13707.0,12608.32449521406
2024-04-02 21:00:00,14008.0,12763.447408748129
2024-04-02 22:00:00,13096.0,12159.990321527344
2024-04-02 23:00:00,12488.0,11842.036292983757
2024-04-03 00:00:00,12477.0,11636.190761130234
2024-04-03 01:00:00,12396.0,11713.67636000421
2024-04-03 02:00:00,12436.0,11788.58143456653
2024-04-03 03:00:00,12404.0,11852.495175179065
2024-04-03 04:00:00,12202.0,11862.439455766913
2024-04-03 05:00:00,11719.0,11807.267837182666
2024-04-03 06:00:00,11640.0,11718.772407293169
2024-04-03 07:00:00,11945.0,11943.40079393703
2024-04-03 08:00:00,11849.0,11659.617705928013
2024-04-03 09:00:00,12249.0,11843.813959886318
2024-04-03 10:00:00,12192.0,11845.948205770277
2024-04-03 11:00:00,12415.0,11968.327850072386
2024-04-03 12:00:00,12497.0,11742.388719982368
2024-04-03 13:00:00,12602.0,11780.789057508919
2024-04-03 14:00:00,12762.0,11960.663055126815
2024-04-03 15:00:00,12742.0,12038.117027788729
2024-04-03 16:00:00,12625.0,12399.054345317682
2024-04-03 17:00:00,13091.0,12416.34695591223
2024-04-03 18:00:00,13878.0,12892.66217246637
2024-04-03 18:30:00,13786.0,12852.705544656337
2024-04-03 19:00:00,13874.0,12877.733124767165
2024-04-03 20:00:00,13967.0,12793.107571127892
2024-04-03 21:00:00,14091.0,12770.55579709267
2024-04-03 22:00:00,13377.0,12308.203966846615
2024-04-03 23:00:00,12577.0,12193.980868347173
2024-04-04 00:00:00,12402.0,11707.825972367742
2024-04-04 01:00:00,12332.0,11693.107848023239
2024-04-04 02:00:00,12407.0,11681.064124588405
2024-04-04 03:00:00,12345.0,11684.444877447293
2024-04-04 04:00:00,12231.0,11652.62336998698
2024-04-04 05:00:00,11752.0,11720.748286033206
2024-04-04 06:00:00,11689.0,11487.181414734257
2024-04-04 07:00:00,12000.0,11752.09743680788
2024-04-04 08:00:00,12049.0,11597.457455996473
2024-04-04 09:00:00,12325.0,11699.201176498138
2024-04-04 10:00:00,12247.0,11692.32271819559
2024-04-04 11:00:00,12402.0,11740.36452496731
2024-04-04 12:00:00,12684.0,11780.3031647284
2024-04-04 13:00:00,12764.0,11870.281551888842
2024-04-04 14:00:00,12704.0,11892.92858198639
2024-04-04 15:00:00,12818.0,11875.615509559928
2024-04-04 16:00:00,12850.0,12193.284027482525
2024-04-04 17:00:00,13517.0,12246.950114037481
2024-04-04 18:00:00,14201.0,13181.495984716625
2024-04-04 18:30:00,14165.0,13060.912850807883
2024-04-04 19:00:00,13994.0,12747.506762965744
2024-04-04 20:00:00,14245.0,12910.73509954111
2024-04-04 21:00:00,14291.0,12853.824540211908
2024-04-04 22:00:00,13226.0,12156.18136612284
2024-04-04 23:00:00,12521.0,11849.550565636533
2024-04-05 00:00:00,12276.0,11571.466352364978
2024-04-05 01:00:00,12189.0,11584.925883787215
2024-04-05 02:00:00,12407.0,11698.256455924164
2024-04-05 03:00:00,12491.0,11794.484439862314
2024-04-05 04:00:00,12233.0,11735.067959818824
2024-04-05 05:00:00,11890.0,11518.861919804742
2024-04-05 06:00:00,11874.0,11684.889156943927
2024-04-05 07:00:00,11832.0,11720.892579884321
2024-04-05 08:00:00,11890.0,11661.072213982781
2024-04-05 09:00:00,11878.0,11643.799303733715
2024-04-05 10:00:00,12039.0,11743.438352936937
2024-04-05 11:00:00,12385.0,11946.486709022309
2024-04-05 12:00:00,12649.0,12094.194117525947
2024-04-05 13:00:00,12610.0,12080.845891056922
2024-04-05 14:00:00,12709.0,12199.292712906628
2024-04-05 15:00:00,12962.0,12395.415756421537
2024-04-05 16:00:00,13044.0,12812.363441092906
2024-04-05 17:00:00,13586.0,13675.233944244666
2024-04-05 18:00:00,14067.0,13007.48476972759
2024-04-05 18:30:00,13949.0,12971.310573248687
2024-04-05 19:00:00,14111.0,13077.163331585498
2024-04-05 20:00:00,14438.0,13109.926583869554
2024-04-05 21:00:00,14291.0,12996.367330376173
2024-04-05 22:00:00,13402.0,12277.35745703909
2024-04-05 23:00:00,12565.0,11925.36154378977
2024-04-06 00:00:00,12387.0,11602.957865467048
2024-04-06 01:00:00,12491.0,11691.478028076519
2024-04-06 02:00:00,12565.0,11724.801586677695
2024-04-06 03:00:00,12702.0,11760.887850448813
2024-04-06 04:00:00,12545.0,11873.711157950924
2024-04-06 05:00:00,12048.0,11747.129593136302
2024-04-06 06:00:00,11817.0,11499.329982803592
2024-04-06 07:00:00,11791.0,11577.543623964995
2024-04-06 08:00:00,11802.0,11453.840693448816
2024-04-06 09:00:00,12287.0,11722.042548130368
2024-04-06 10:00:00,12342.0,11757.721748609287
2024-04-06 11:00:00,12670.0,11802.083571149951
2024-04-06 12:00:00,12915.0,11954.923350991337
2024-04-06 13:00:00,13175.0,12478.625478062355
2024-04-06 14:00:00,13177.0,12464.327857318522
2024-04-06 15:00:00,13006.0,12453.934015743487
2024-04-06 16:00:00,12947.0,12449.265034773232
2024-04-06 17:00:00,13411.0,12713.487674536278
2024-04-06 18:00:00,14173.0,12888.577957211211
2024-04-06 18:30:00,13885.0,12666.052412707832
2024-04-06 19:00:00,14007.0,12819.35106332555
2024-04-06 20:00:00,14695.0,13045.339102450407
2024-04-06 21:00:00,14779.0,12966.7506087044
2024-04-06 22:00:00,14382.0,12580.408756270475
2024-04-06 23:00:00,13199.0,10614.550840491765
2024-04-07 00:00:00,12925.0,10960.460273812158
2024-04-07 01:00:00,12958.0,12100.335898458981
2024-04-07 02:00:00,13122.0,12338.836411555047
2024-04-07 03:00:00,13201.0,12496.927246984409
2024-04-07 04:00:00,13044.0,12492.106946042866
2024-04-07 05:00:00,12262.0,12000.922270080162
2024-04-07 06:00:00,12165.0,11828.773132389633
2024-04-07 07:00:00,12065.0,11739.896292029358
2024-04-07 08:00:00,11881.0,11378.403071048278
2024-04-07 09:00:00,11376.0,11105.516871593762
2024-04-07 10:00:00,11316.0,11194.353550172715
2024-04-07 11:00:00,11655.0,11648.741582696974
2024-04-07 12:00:00,11021.0,10878.223684653687
2024-04-07 13:00:00,11489.0,11579.589926041452
2024-04-07 14:00:00,11715.0,11471.166323648307
2024-04-07 15:00:00,11897.0,11486.818731116053
2024-04-07 16:00:00,12160.0,12269.98481204696
2024-04-07 17:00:00,12504.0,12645.017065084687
2024-04-07 18:00:00,13130.0,12869.77083240199
2024-04-07 18:30:00,13375.0,13465.171783384074
2024-04-07 19:00:00,13294.0,13487.615917680747
2024-04-07 20:00:00,13572.0,13710.114740518415
2024-04-07 21:00:00,13307.0,13205.420051623089
2024-04-07 22:00:00,12922.0,12622.553510389529
2024-04-07 23:00:00,12296.0,12018.604934515773
2024-04-08 00:00:00,12116.0,11826.026201761353
2024-04-08 01:00:00,12098.0,12023.82005047454
2024-04-08 02:00:00,12046.0,11976.21482993953
2024-04-08 03:00:00,11909.0,11768.744613867659
2024-04-08 04:00:00,11564.0,11492.04765439702
2024-04-08 05:00:00,10717.0,10734.379425582303
2024-04-08 06:00:00,10765.0,10713.383579726951
2024-04-08 07:00:00,10968.0,10899.501743693007
2024-04-08 08:00:00,11196.0,11089.508970688948
2024-04-08 09:00:00,11529.0,11610.308349164234
2024-04-08 10:00:00,11678.0,11682.18749096231
2024-04-08 11:00:00,11791.0,11772.04458342311
2024-04-08 12:00:00,12096.0,12149.532887601868
2024-04-08 13:00:00,11794.0,11805.905957792062
2024-04-08 14:00:00,11822.0,11871.15570074739
2024-04-08 15:00:00,11699.0,11775.082248711024
2024-04-08 16:00:00,11516.0,11516.633056020974
2024-04-08 17:00:00,11721.0,11771.250689748756
2024-04-08 18:00:00,12563.0,12662.251385973119
2024-04-08 18:30:00,12680.0,12714.762028079995
2024-04-08 19:00:00,12506.0,12536.778991427867
2024-04-08 20:00:00,12700.0,12628.80559642908
2024-04-08 21:00:00,12479.0,12502.197901319727
2024-04-08 22:00:00,12145.0,12050.445538990538
2024-04-09 00:00:00,11220.0,11106.29514491058
2024-04-09 01:00:00,10864.0,10828.831176796655
2024-04-09 02:00:00,10896.0,10829.149333944913
2024-04-09 03:00:00,10752.0,10725.160987978383
2024-04-09 04:00:00,9850.0,9883.243397749198
2024-04-09 05:00:00,8930.0,8943.516139883923
2024-04-09 06:00:00,8851.0,8845.855734193985
2024-04-09 07:00:00,8968.0,9006.672178259967
2024-04-09 08:00:00,9501.0,9522.803128865842
2024-04-09 09:00:00,9948.0,9948.021090249626
2024-04-09 10:00:00,10220.0,10216.80365523656
2024-04-09 11:00:00,10541.0,10550.704343955058
2024-04-09 12:00:00,11063.0,11055.361870032346
2024-04-09 13:00:00,11334.0,11369.016100607192
2024-04-09 14:00:00,11440.0,11409.435251852037
2024-04-09 15:00:00,11416.0,11449.39423967523
2024-04-09 16:00:00,11336.0,11377.995215364674
2024-04-09 17:00:00,11572.0,11569.836087463469
2024-04-09 18:00:00,12285.0,12336.455551513982
2024-04-09 18:30:00,12582.0,12591.655473489984
2024-04-09 19:00:00,12527.0,12556.437030406787
2024-04-09 20:00:00,12729.0,12728.507943411982
2024-04-09 21:00:00,12661.0,12631.993453701658
2024-04-09 22:00:00,12397.0,12350.388239576721
2024-04-09 23:00:00,11731.0,11838.460972198749
2024-04-09 23:00:00,12146.0,12161.907885984494
2024-04-10 00:00:00,11703.0,11755.019169651889
2024-04-10 01:00:00,11369.0,11354.583101248365
2024-04-10 02:00:00,11175.0,11176.403989441373
2024-04-10 03:00:00,10975.0,10985.67986571047
2024-04-10 04:00:00,9836.0,9888.267686611176
2024-04-10 05:00:00,9170.0,9172.77973547574
2024-04-10 06:00:00,8844.0,8830.702953831535
2024-04-10 07:00:00,9002.0,9015.248978877156
2024-04-10 08:00:00,9172.0,9177.796283600981
2024-04-10 09:00:00,9544.0,9512.599018810892
2024-04-10 10:00:00,9817.0,9809.239842042272
2024-04-10 11:00:00,10049.0,10104.568835597058
2024-04-10 12:00:00,10497.0,10504.059180292545
2024-04-10 13:00:00,11043.0,11059.275455189068
2024-04-10 14:00:00,10932.0,10931.518558573063
2024-04-10 15:00:00,10678.0,10682.225699886763
2024-04-10 16:00:00,10593.0,10674.641196385155
2024-04-10 17:00:00,11023.0,11067.551195795468
2024-04-10 18:00:00,11750.0,11783.511798400981
2024-04-10 18:30:00,11948.0,11947.939438798036
2024-04-10 19:00:00,11946.0,11942.553849224134
2024-04-10 20:00:00,11771.0,11784.649660586161
2024-04-10 21:00:00,11674.0,11724.4060030002
2024-04-10 22:00:00,11552.0,11527.584765940832
2024-04-10 23:00:00,11430.0,11403.213441698726
2024-04-11 00:00:00,11049.0,11054.68231903056
2024-04-11 01:00:00,10605.0,10592.150759718725
2024-04-11 02:00:00,10098.0,10097.764862308644
2024-04-11 03:00:00,9634.0,9647.344552864064
2024-04-11 04:00:00,9499.0,9489.387863155242
2024-04-11 05:00:00,9255.0,9249.189855162564
2024-04-11 06:00:00,9517.0,9503.999933651767
2024-04-11 07:00:00,9132.0,9113.488732271346
2024-04-11 08:00:00,8472.0,8448.093884212794
2024-04-11 09:00:00,8439.0,8411.144649295453
2024-04-11 10:00:00,8624.0,8578.7077564568
2024-04-11 11:00:00,8894.0,8924.50213057807
2024-04-11 12:00:00,9176.0,9169.646970901655
2024-04-11 13:00:00,9366.0,9373.186794041687
2024-04-11 14:00:00,9355.0,9345.354130919784
2024-04-11 15:00:00,9035.0,9023.857220614063
2024-04-11 16:00:00,8774.0,8782.649834441907
2024-04-11 17:00:00,8722.0,8670.733993147125
2024-04-11 18:00:00,10424.0,10479.281858057215
2024-04-11 18:30:00,10705.0,10725.371178994557
2024-04-11 19:00:00,10707.0,10707.544844043217
2024-04-11 20:00:00,10929.0,10957.751607898072
2024-04-11 21:00:00,10952.0,10912.60346488537
2024-04-11 22:00:00,10758.0,10766.732504784291
2024-04-11 23:00:00,10527.0,10560.0089635522
2024-04-12 00:00:00,10166.0,10171.151964050652
2024-04-12 01:00:00,9770.0,9769.43178351869
2024-04-12 02:00:00,9481.0,9466.590471504418
2024-04-12 03:00:00,9225.0,9223.71081544117
2024-04-12 04:00:00,9012.0,8997.730706181193
2024-04-12 05:00:00,8664.0,8664.650645736148
2024-04-12 06:00:00,8775.0,8820.271683416227
2024-04-12 07:00:00,8719.0,8878.0161971571
2024-04-12 08:00:00,8981.0,8967.629294855846
2024-04-12 09:00:00,9146.0,9146.474277693336
2024-04-12 10:00:00,9278.0,9290.601495223755
2024-04-12 11:00:00,9632.0,9617.936842652693
2024-04-12 12:00:00,10745.0,10747.21254526724
2024-04-12 13:00:00,10461.0,10474.792141513115
2024-04-12 14:00:00,10416.0,10419.636033034049
2024-04-12 15:00:00,9943.0,9912.310623219628
2024-04-12 16:00:00,9707.0,9722.4021168193
2024-04-12 17:00:00,9490.0,9524.787131599473
2024-04-12 18:00:00,11450.0,11554.223248731054
2024-04-12 18:30:00,11670.0,11718.665742699583
2024-04-12 19:00:00,11568.0,11556.899706578675
2024-04-12 20:00:00,11762.0,11771.10131200914
2024-04-12 21:00:00,11987.0,11985.585598894837
2024-04-12 22:00:00,11795.0,11771.487460172739
2024-04-12 23:00:00,11649.0,11632.43042211862
2024-04-13 00:00:00,11202.0,11269.943087106269
2024-04-13 01:00:00,10866.0,10894.633315413435
2024-04-13 02:00:00,10652.0,10680.998641157019
2024-04-13 03:00:00,10336.0,10410.054467761833
2024-04-13 04:00:00,10105.0,10141.02907086242
2024-04-13 05:00:00,9604.0,9629.323098789213
2024-04-13 06:00:00,9617.0,9601.414142316957
2024-04-13 07:00:00,9834.0,9875.501658380423
2024-04-13 08:00:00,9770.0,9785.088054122314
2024-04-13 09:00:00,9797.0,9783.461511626496
2024-04-13 10:00:00,9943.0,9949.194025384037
2024-04-13 11:00:00,10399.0,10385.753629307846
2024-04-13 12:00:00,10854.0,10841.377532170658
2024-04-13 13:00:00,11202.0,11236.667024607013
2024-04-13 14:00:00,11250.0,11296.491363308352
2024-04-13 15:00:00,10973.0,10994.760789742757
2024-04-13 16:00:00,10644.0,10648.32832500975
2024-04-13 17:00:00,10205.0,10217.361313148393
2024-04-13 18:00:00,11844.0,11811.721663449027
2024-04-13 18:30:00,12458.0,12447.471042863956
2024-04-13 19:00:00,12593.0,12539.181393523946
2024-04-13 20:00:00,12653.0,12724.783603984337
2024-04-13 21:00:00,12500.0,12471.306371801154
2024-04-13 22:00:00,12344.0,12375.107232103372
2024-04-13 23:00:00,12130.0,12148.448989043633
2024-04-14 00:00:00,11686.0,11736.157950016055
2024-04-14 01:00:00,11386.0,11412.373107367466
2024-04-14 02:00:00,10983.0,11025.220765100408
2024-04-14 03:00:00,10761.0,10787.118084814978
2024-04-14 04:00:00,10625.0,10696.26374917608
2024-04-14 05:00:00,10002.0,10083.018996320372
2024-04-14 06:00:00,10037.0,10123.429669723762
2024-04-14 07:00:00,10133.0,10214.743334171642
2024-04-14 08:00:00,10199.0,10279.67063995575
2024-04-14 09:00:00,10226.0,10342.030611523518
2024-04-14 10:00:00,10481.0,10538.502564292394
2024-04-14 11:00:00,10915.0,11011.63404257927
2024-04-14 12:00:00,11276.0,11349.72315049692
2024-04-14 13:00:00,11576.0,11641.020786193732
2024-04-14 14:00:00,11585.0,11636.082694745908
2024-04-14 15:00:00,11400.0,11426.76275623875
2024-04-14 16:00:00,11094.0,11178.058422056536
2024-04-14 17:00:00,10892.0,10926.158088356744
2024-04-14 18:00:00,12408.0,12342.605270850781
2024-04-14 18:30:00,12636.0,12622.778003877904
2024-04-14 19:00:00,12643.0,12688.870882640887
2024-04-14 20:00:00,12743.0,12780.325836669497
2024-04-14 21:00:00,12823.0,12767.543120421424
2024-04-14 22:00:00,12664.0,12629.860649300012
2024-04-14 23:00:00,12709.0,12704.711308078837
2024-04-15 00:00:00,12406.0,12494.600101910131
2024-04-15 01:00:00,11977.0,12025.76369339323
2024-04-15 02:00:00,11728.0,11782.616275485276
2024-04-15 03:00:00,11531.0,11546.36127417671
2024-04-15 04:00:00,11213.0,11292.765983843161
2024-04-15 05:00:00,10689.0,10774.125012815128
2024-04-15 06:00:00,10710.0,10737.759333759841
2024-04-15 07:00:00,10659.0,10730.154790743383
2024-04-15 08:00:00,10952.0,10965.307295881725
2024-04-15 09:00:00,11081.0,11102.746598357013
2024-04-15 10:00:00,11620.0,11756.942977255992
2024-04-15 11:00:00,12011.0,11999.764011894855
2024-04-15 12:00:00,12466.0,12495.549414423966
2024-04-15 13:00:00,12488.0,12483.443758375515
2024-04-15 14:00:00,12738.0,12494.273778989591
2024-04-15 15:00:00,12504.0,12383.147137179309
2024-04-15 16:00:00,12158.0,12051.143961981232
2024-04-15 17:00:00,12014.0,12013.359840153247
2024-04-15 18:00:00,13456.0,13206.453800641675
2024-04-15 18:30:00,13656.0,13522.510971590866
2024-04-15 19:00:00,13731.0,13547.096799587262
2024-04-15 20:00:00,14093.0,13615.072470335816
2024-04-15 21:00:00,13974.0,13535.39090339133
2024-04-15 22:00:00,13872.0,13527.74441589318
2024-04-15 23:00:00,13691.0,13228.33712233873
2024-04-16 00:00:00,13072.0,12880.048212538299
2024-04-16 01:00:00,12803.0,8832.308011036217
2024-04-16 02:00:00,12554.0,12400.423604038433
2024-04-16 03:00:00,12226.0,12147.003895097114
2024-04-16 04:00:00,12180.0,12186.923291342371
2024-04-16 05:00:00,11845.0,11940.72575791436
2024-04-16 06:00:00,11589.0,11682.199754436962
2024-04-16 07:00:00,11701.0,12631.861309351818
2024-04-16 08:00:00,11940.0,12014.113197336192
2024-04-16 09:00:00,12275.0,12278.99335769165
2024-04-16 10:00:00,12579.0,12555.805670396441
2024-04-16 11:00:00,13091.0,12825.871561891241
2024-04-16 12:00:00,13290.0,13154.506975453554
2024-04-16 13:00:00,13314.0,13022.988559189027
2024-04-16 14:00:00,13362.0,13017.992990258655
2024-04-16 15:00:00,11655.0,11801.251715616676
2024-04-16 16:00:00,11181.0,11135.894096675538
2024-04-16 17:00:00,10794.0,10817.236393503306
2024-04-16 18:00:00,12098.0,12059.74573634488
2024-04-16 18:30:00,12424.0,12399.150461005795
2024-04-16 19:00:00,12397.0,12402.827716531217
2024-04-16 20:00:00,12780.0,12803.22343778363
2024-04-16 21:00:00,12903.0,12820.542526873873
2024-04-16 22:00:00,12938.0,12814.537941273735
2024-04-16 23:00:00,12922.0,12867.275356786928
2024-04-17 00:00:00,12437.0,12517.184747750538
2024-04-17 01:00:00,12296.0,12279.777910010343
2024-04-17 02:00:00,12070.0,12088.900470896406
2024-04-17 03:00:00,11846.0,11858.199792274978
2024-04-17 04:00:00,11809.0,11900.34965895631
2024-04-17 05:00:00,11515.0,11622.574542648199
2024-04-17 06:00:00,11377.0,11379.561233875702
2024-04-17 07:00:00,11453.0,11516.549497836548
2024-04-17 08:00:00,11530.0,11467.911047017531
2024-04-17 09:00:00,12377.0,12370.639694632615
2024-04-17 10:00:00,12926.0,12769.590241180907
2024-04-17 11:00:00,13087.0,12858.188540610721
2024-04-17 12:00:00,13525.0,12965.483620910238
2024-04-17 13:00:00,13575.0,13040.639466340654
2024-04-17 14:00:00,13591.0,13019.78948678793
2024-04-17 15:00:00,13508.0,12983.926074965457
2024-04-17 16:00:00,13072.0,12716.05361838671
2024-04-17 17:00:00,11906.0,11927.152103274298
2024-04-17 18:00:00,12448.0,12459.943533637987
2024-04-17 18:30:00,12546.0,12583.435662981308
2024-04-17 19:00:00,12519.0,12625.315315405476
2024-04-17 20:00:00,12847.0,12828.494342865895
2024-04-17 21:00:00,13200.0,13118.278236757253
2024-04-17 22:00:00,13246.0,13345.76063701195
2024-04-17 23:00:00,13412.0,13253.412902638911
2024-04-18 00:00:00,12758.0,12536.654711952435
2024-04-18 01:00:00,12481.0,12381.091992057974
2024-04-18 02:00:00,12243.0,12182.572594968771
2024-04-18 03:00:00,12037.0,12129.644144610094
2024-04-18 04:00:00,11694.0,11727.539882043993
2024-04-18 05:00:00,11232.0,11237.064200325773
2024-04-18 06:00:00,11220.0,11225.095420024874
2024-04-18 07:00:00,10862.0,10823.740966520938
2024-04-18 08:00:00,11535.0,11500.471535509
2024-04-18 09:00:00,12072.0,12144.733131983643
2024-04-18 10:00:00,12699.0,12722.967322349858
2024-04-18 11:00:00,13065.0,13118.9410488907
2024-04-18 12:00:00,13533.0,13512.274606519844
2024-04-18 13:00:00,13621.0,13385.441328030123
2024-04-18 14:00:00,13897.0,13327.875896900916
2024-04-18 15:00:00,13926.0,13434.974319750578
2024-04-18 16:00:00,13379.0,13526.31863699631
2024-04-18 17:00:00,13033.0,12912.792045620086
2024-04-18 18:00:00,14674.0,13827.996138945971
2024-04-18 18:30:00,14740.0,13805.376622436817
2024-04-18 19:00:00,14625.0,13484.208785801806
2024-04-18 20:00:00,14761.0,13701.833097973918
2024-04-18 21:00:00,14464.0,13469.757696564177
2024-04-18 22:00:00,14245.0,13351.296089387833
2024-04-18 23:00:00,14010.0,13111.44935452051
2024-04-19 00:00:00,13434.0,12680.963847784506
2024-04-19 01:00:00,13211.0,13018.656667152827
2024-04-19 02:00:00,13063.0,13011.957322976843
2024-04-19 03:00:00,12862.0,12803.864157023922
2024-04-19 04:00:00,12724.0,12560.340292205075
2024-04-19 05:00:00,12043.0,12077.05080589594
2024-04-19 06:00:00,11772.0,11840.700574406399
2024-04-19 07:00:00,11574.0,11702.562902555293
2024-04-19 08:00:00,11411.0,11462.100055577203
2024-04-19 09:00:00,11459.0,11518.7729425113
2024-04-19 10:00:00,11785.0,11868.666120552343
2024-04-19 11:00:00,12100.0,12169.6036164068
2024-04-19 12:00:00,12941.0,12828.62690678398
2024-04-19 13:00:00,12499.0,12609.57189611644
2024-04-19 14:00:00,12762.0,12687.781701557762
2024-04-19 15:00:00,12635.0,12579.887829339317
2024-04-19 16:00:00,12413.0,12517.053465957491
2024-04-19 17:00:00,11955.0,11972.007684036927
2024-04-19 18:00:00,13669.0,13369.24723332067
2024-04-19 18:30:00,13956.0,13668.742353709958
2024-04-19 19:00:00,14022.0,13620.654719914564
2024-04-19 20:00:00,14308.0,13822.746282831775
2024-04-19 21:00:00,14271.0,13492.416654894692
2024-04-19 22:00:00,14153.0,13635.638296653735
2024-04-19 23:00:00,14345.0,13631.779932609035
2024-04-20 00:00:00,14059.0,13091.414669642862
2024-04-20 01:00:00,13648.0,13011.370285469953
2024-04-20 02:00:00,13398.0,13225.73241812628
2024-04-20 03:00:00,13102.0,12879.896048953407
2024-04-20 04:00:00,12884.0,12727.34636082629
2024-04-20 05:00:00,12498.0,12497.618191292819
2024-04-20 06:00:00,12387.0,12380.67662578243
2024-04-20 07:00:00,12059.0,12034.37640368852
2024-04-20 08:00:00,12193.0,12187.594627124106
2024-04-20 09:00:00,12518.0,12444.416975705115
2024-04-20 10:00:00,12812.0,12823.8504669255
2024-04-20 11:00:00,13325.0,12981.67329797812
2024-04-20 12:00:00,13533.0,13188.62181476328
2024-04-20 13:00:00,13670.0,13355.882136857108
2024-04-20 14:00:00,13906.0,13320.680651960904
2024-04-20 15:00:00,13887.0,13071.280946103094
2024-04-20 16:00:00,13520.0,13036.42616197316
2024-04-20 17:00:00,13431.0,13437.87835323221
2024-04-20 18:00:00,15008.0,13697.138913958253
2024-04-20 18:30:00,15178.0,13740.695813787537
2024-04-20 19:00:00,15029.0,13629.825176047952
2024-04-20 20:00:00,15358.0,13778.728469387032
2024-04-20 21:00:00,15142.0,13486.783418778889
2024-04-20 22:00:00,15045.0,13357.267351339886
2024-04-20 23:00:00,14876.0,13010.588579561261
2024-04-21 00:00:00,14288.0,12689.051927578097
2024-04-21 01:00:00,14208.0,12766.54252009289
2024-04-21 02:00:00,13912.0,12791.223243076362
2024-04-21 03:00:00,13897.0,13135.527073992787
2024-04-21 04:00:00,13793.0,13068.696153671326
2024-04-21 05:00:00,13137.0,13096.091835406824
2024-04-21 06:00:00,13060.0,12884.881906557952
2024-04-21 07:00:00,13075.0,12854.99159501326
2024-04-21 08:00:00,13480.0,13244.893441387007
2024-04-21 09:00:00,13832.0,13487.079944594834
2024-04-21 10:00:00,14178.0,13514.490241243544
2024-04-21 11:00:00,14295.0,13617.996917518765
2024-04-21 12:00:00,14715.0,13662.848417866804
2024-04-21 13:00:00,14744.0,13605.71513943167
2024-04-21 14:00:00,14912.0,13524.573265604571
2024-04-21 15:00:00,14695.0,13320.396935784327
2024-04-21 16:00:00,14153.0,13286.253106102731
2024-04-21 17:00:00,13721.0,13421.577663066068
2024-04-21 18:00:00,15224.0,13483.330495315133
2024-04-21 18:30:00,15215.0,13640.011170222237
2024-04-21 19:00:00,15343.0,13795.31526976377
2024-04-21 20:00:00,15666.0,13839.002963546343
2024-04-21 21:00:00,15463.0,13537.6114869256
2024-04-21 22:00:00,15296.0,13530.937104725255
2024-04-21 23:00:00,14683.0,12818.688234068726
2024-04-22 00:00:00,14416.0,12847.235073820371
2024-04-22 01:00:00,14174.0,12860.39527585592
2024-04-22 02:00:00,13918.0,12818.36746916075
2024-04-22 03:00:00,13656.0,13082.775363993707
2024-04-22 04:00:00,13531.0,13073.727072264075
2024-04-22 05:00:00,13235.0,13193.744704994942
2024-04-22 06:00:00,13040.0,12881.621884532715
2024-04-22 07:00:00,12877.0,12471.495058139855
2024-04-22 08:00:00,13083.0,12519.814886172937
2024-04-22 09:00:00,13360.0,12739.686686344698
2024-04-22 10:00:00,13675.0,12786.620742531222
2024-04-22 11:00:00,14062.0,12870.617285100963
2024-04-22 12:00:00,14108.0,12752.143638928952
2024-04-22 13:00:00,14215.0,12743.925573115817
2024-04-22 14:00:00,14177.0,12682.979770103837
2024-04-22 15:00:00,14154.0,12958.808559304578
2024-04-22 16:00:00,13971.0,13023.0812866592
2024-04-22 17:00:00,13998.0,13476.285062486255
2024-04-22 18:00:00,15377.0,13197.812583370143
2024-04-22 18:30:00,15769.0,13449.748900602646
2024-04-22 19:00:00,15850.0,13314.206926797777
2024-04-22 20:00:00,16173.5625,13660.034711584076
2024-04-22 21:00:00,16015.0,13706.025197731404
2024-04-22 22:00:00,15673.0,13253.923074068787
2024-04-22 23:00:00,14910.0,12768.98212834531
2024-04-23 00:00:00,14367.0,12803.471716844908
2024-04-23 01:00:00,14218.0,12826.262475923
2024-04-23 02:00:00,14095.0,12932.252237512068
2024-04-23 03:00:00,13913.0,12894.012939343156
2024-04-23 04:00:00,13935.0,13179.00363498331
2024-04-23 05:00:00,13156.0,13074.708544086583
2024-04-23 06:00:00,13122.0,13111.611652988797
2024-04-23 07:00:00,13256.0,13301.175286365882
2024-04-23 08:00:00,13508.0,13235.21309260143
2024-04-23 09:00:00,13767.0,13247.700712858383
2024-04-23 10:00:00,13739.0,12994.272341490714
2024-04-23 11:00:00,13971.0,12990.744690147018
2024-04-23 12:00:00,14041.0,12968.714372020633
2024-04-23 13:00:00,14200.0,12984.590756470358
2024-04-23 14:00:00,14202.0,12918.222150527454
2024-04-23 15:00:00,14217.0,12993.504377006404
2024-04-23 16:00:00,13994.0,12886.061705433061
2024-04-23 17:00:00,13795.0,12918.295735998063
2024-04-23 18:00:00,15453.0,13143.558994510919
2024-04-23 18:30:00,15664.0,13122.128304660839
2024-04-23 19:00:00,15644.0,13050.971072489361
2024-04-23 20:00:00,15947.0,13259.79494507633
2024-04-23 21:00:00,15686.0,13045.715362945206
2024-04-23 22:00:00,15241.0,12877.089912395295
2024-04-23 23:00:00,14652.0,12595.02458471502
2024-04-24 00:00:00,14163.0,12557.954429924288
2024-04-24 01:00:00,14061.0,12705.066524854868
2024-04-24 02:00:00,14096.0,12931.498624133155
2024-04-24 03:00:00,13955.0,12790.256632394568
2024-04-24 04:00:00,13690.0,12756.994913186145
2024-04-24 05:00:00,13318.0,12840.584055393165
2024-04-24 06:00:00,12982.0,12727.32147616353
2024-04-24 07:00:00,13019.0,13201.51616847176
2024-04-24 08:00:00,13393.0,13213.704031357876
2024-04-24 09:00:00,13661.0,12970.854256063234
2024-04-24 10:00:00,13968.0,13033.071253961738
2024-04-24 11:00:00,14140.0,13058.67010992788
2024-04-24 12:00:00,14386.0,13095.887139636849
2024-04-24 13:00:00,14435.0,13086.279691738533
2024-04-24 14:00:00,14640.0,13127.453165901381
2024-04-24 15:00:00,14447.0,12978.784167358823
2024-04-24 16:00:00,14473.0,13206.552349886937
2024-04-24 17:00:00,14057.0,12959.86386671421
2024-04-24 18:00:00,15392.0,13139.722339901782
2024-04-24 18:30:00,15755.0,13260.298411576583
2024-04-24 19:00:00,15720.0,13233.956263042888
2024-04-24 20:00:00,15936.0,13306.688361941502
2024-04-24 21:00:00,15853.0,13282.269913419103
2024-04-24 22:00:00,15064.0,12699.037526198797
2024-04-24 23:00:00,14945.0,12990.06744654575
2024-04-25 00:00:00,14307.0,12510.036497175357
2024-04-25 01:00:00,14187.0,12707.249831765714
2024-04-25 02:00:00,14010.0,12653.202645564574
2024-04-25 03:00:00,13972.0,12797.050993867098
2024-04-25 04:00:00,13877.0,12736.92889035285
2024-04-25 05:00:00,13242.0,12677.206492991287
2024-04-25 06:00:00,13053.0,12875.790823981268
2024-04-25 07:00:00,13074.0,12196.120409342933
2024-04-25 08:00:00,13364.0,12901.326412658162
2024-04-25 09:00:00,13883.0,12984.672762821361
2024-04-25 10:00:00,13632.0,12832.018942343751
2024-04-25 11:00:00,14197.0,12948.589804233585
2024-04-25 12:00:00,14631.0,12983.160454092305
2024-04-25 13:00:00,14578.0,12937.343600930326
2024-04-25 14:00:00,14354.0,12749.265700206859
2024-04-25 15:00:00,14435.0,12980.67495883606
2024-04-25 16:00:00,14131.0,12783.356093958095
2024-04-25 17:00:00,14050.0,13027.648784488343
2024-04-25 18:00:00,15539.0,13168.720510434727
2024-04-25 18:30:00,15784.0,13172.798065931134
2024-04-25 19:00:00,15732.0,13128.470348196977
2024-04-25 20:00:00,15737.0,13172.354520926836
2024-04-25 21:00:00,15748.0,13349.829690186545
2024-04-25 22:00:00,15401.0,12818.314727093592
2024-04-25 23:00:00,14795.0,12531.353531176128
2024-04-26 00:00:00,14343.0,12531.881941762917
2024-04-26 01:00:00,14123.0,12599.589862755354
2024-04-26 02:00:00,13935.0,12608.514372978649
2024-04-26 03:00:00,13716.0,12589.29044315718
2024-04-26 04:00:00,13604.0,12619.03061638342
2024-04-26 05:00:00,13230.0,12641.700082192745
2024-04-26 06:00:00,13094.0,12800.34687577613
2024-04-26 07:00:00,12736.0,12653.005617696677
2024-04-26 08:00:00,12647.0,12734.295573562296
2024-04-26 09:00:00,12852.0,12931.168751821699
2024-04-26 10:00:00,13212.0,13083.716334758958
2024-04-26 11:00:00,13837.0,13567.998036582181
2024-04-26 12:00:00,14023.0,13518.169729248048
2024-04-26 13:00:00,13688.0,13135.564531982618
2024-04-26 14:00:00,14072.0,13353.258660707881
2024-04-26 15:00:00,13748.0,12906.15913831937
2024-04-26 16:00:00,13757.0,13448.077639486432
2024-04-26 17:00:00,13242.0,13068.40101845537
2024-04-26 18:00:00,15049.0,13628.66587434175
2024-04-26 18:30:00,15358.0,13778.87013370687
2024-04-26 19:00:00,15343.0,13643.136908777456
2024-04-26 20:00:00,15550.0,13828.52946698197
2024-04-26 21:00:00,15451.0,13666.64690170162
2024-04-26 22:00:00,15216.0,13332.208333251257
2024-04-26 23:00:00,14644.0,12958.712447424236
2024-04-27 00:00:00,14171.0,12916.227658599706
2024-04-27 01:00:00,13768.0,12919.24587146077
2024-04-27 02:00:00,13542.0,12979.763436427484
2024-04-27 03:00:00,13406.0,13204.146305874305
2024-04-27 04:00:00,13209.0,13223.0486813201
2024-04-27 05:00:00,12772.0,12619.262253178178
2024-04-27 06:00:00,12523.0,12399.903843862036
2024-04-27 07:00:00,12445.0,12418.338734992327
2024-04-27 08:00:00,12583.0,12440.03308309636
2024-04-27 09:00:00,12957.0,12708.479750527094
2024-04-27 10:00:00,13101.0,12936.036639731927
2024-04-27 11:00:00,13673.0,12966.623184038677
2024-04-27 12:00:00,13761.0,12778.703759366057
2024-04-27 13:00:00,13878.0,12783.33902839561
2024-04-27 14:00:00,13949.0,12875.068386450752
2024-04-27 15:00:00,14023.0,12902.75367473282
2024-04-27 16:00:00,13933.0,12888.623698236011
2024-04-27 17:00:00,13917.0,13039.195643234141
2024-04-27 18:00:00,15412.0,13079.62926879102
2024-04-27 18:30:00,15777.0,13188.62052924058
2024-04-27 19:00:00,15810.0,13190.382962487478
2024-04-27 20:00:00,15527.0,12933.574563640446
2024-04-27 21:00:00,15384.0,12989.311529776
2024-04-27 22:00:00,14863.0,12607.826406818062
2024-04-27 23:00:00,14352.0,12471.755187758763
2024-04-28 00:00:00,13897.0,12250.91348628461
2024-04-28 01:00:00,13602.0,12404.384878138282
2024-04-28 02:00:00,13723.0,12676.227521855593
2024-04-28 03:00:00,13474.0,12419.946378670342
2024-04-28 04:00:00,13560.0,12609.355380283494
2024-04-28 05:00:00,13333.0,12524.663130543951
2024-04-28 06:00:00,13069.0,12508.268182984808
2024-04-28 07:00:00,12941.0,12490.39548067211
2024-04-28 08:00:00,12998.0,12442.970798258142
2024-04-28 09:00:00,13181.0,12475.01053274378
2024-04-28 10:00:00,13453.0,12546.426878879707
2024-04-28 11:00:00,13398.0,12532.589744792365
2024-04-28 12:00:00,13499.0,12234.8931837413
2024-04-28 13:00:00,13663.0,11229.202154010198
2024-04-28 14:00:00,13372.0,11076.61861384917
2024-04-28 15:00:00,13341.0,11145.368520564425
2024-04-28 16:00:00,13485.0,11199.075602201976
2024-04-28 17:00:00,13438.0,12530.423139747581
2024-04-28 18:00:00,14772.0,12499.300262384479
2024-04-28 18:30:00,15184.0,12815.072425599421
2024-04-28 19:00:00,15224.0,12891.311859522288
2024-04-28 20:00:00,15816.0,13062.173361000485
2024-04-28 21:00:00,15714.0,13086.394421399036
2024-04-28 22:00:00,15297.0,12670.11684530179
2024-04-28 23:00:00,14763.0,12407.288280152912
2024-04-29 00:00:00,14282.0,12279.864321789148
2024-04-29 01:00:00,14142.0,12439.265250302213
2024-04-29 02:00:00,14061.0,12667.124906790254
2024-04-29 03:00:00,13988.0,12663.801297189364
2024-04-29 04:00:00,13916.0,12526.173513167458
2024-04-29 05:00:00,13534.0,12376.519843598326
2024-04-29 06:00:00,13181.0,12393.881261814944
2024-04-29 07:00:00,13353.0,12686.003969589303
2024-04-29 08:00:00,11993.0,10567.505775341591
2024-04-29 09:00:00,12475.0,10413.051347275717
2024-04-29 10:00:00,12730.0,10404.639961961431
2024-04-29 11:00:00,13036.0,10663.906891092867
2024-04-29 12:00:00,13079.0,11090.529081181274
2024-04-29 13:00:00,12753.0,10951.056940530474
2024-04-29 14:00:00,13015.0,10602.131706447668
2024-04-29 15:00:00,12983.0,11040.275860523892
2024-04-29 16:00:00,13065.0,11105.74505504445
2024-04-29 17:00:00,13518.0,12332.817220737043
2024-04-29 18:00:00,14709.0,12226.846096656549
2024-04-29 18:30:00,14959.0,12546.042205322554
2024-04-29 19:00:00,15128.0,12799.41013410617
2024-04-29 20:00:00,15595.0,12912.637057437221
2024-04-29 21:00:00,15527.0,12880.132876199585
2024-04-29 22:00:00,15211.0,12357.105017396834
2024-04-29 23:00:00,14551.0,11139.977548466071
2024-04-30 00:00:00,14058.0,11106.270825194908
2024-04-30 01:00:00,13998.0,11265.720789830362
2024-04-30 02:00:00,13878.0,12034.7264512143
2024-04-30 03:00:00,13786.0,12430.795204848793
2024-04-30 04:00:00,13724.0,12262.1513184222
2024-04-30 05:00:00,13366.0,12358.935113691496
2024-04-30 06:00:00,13213.0,12372.127895863916
2024-04-30 07:00:00,13148.0,12560.416151783533
2024-04-30 08:00:00,13459.0,12497.240480170612
2024-04-30 09:00:00,13563.0,12238.739142761715
2024-04-30 10:00:00,13922.0,12381.662294418722
2024-04-30 11:00:00,14301.0,12586.919784120904
2024-04-30 12:00:00,14220.0,12041.118339134951
2024-04-30 13:00:00,14217.0,11169.698890412117
2024-04-30 14:00:00,14273.0,11167.621110798122
2024-04-30 15:00:00,14251.0,11148.128982570657
2024-04-30 16:00:00,14212.0,11245.411974203731
2024-04-30 17:00:00,13992.0,12582.96781066266
2024-04-30 18:00:00,15674.0,13280.597658193858
2024-04-30 18:30:00,16159.0,13477.365627484642
2024-04-30 19:00:00,16173.5625,13794.51963822604
2024-04-30 20:00:00,16173.5625,13808.441118301573
2024-04-30 21:00:00,16069.0,13578.635087253384
2024-04-30 22:00:00,15481.0,12891.576422272625
2024-04-30 23:00:00,15000.0,12657.609062926691
2024-05-01 00:00:00,14520.0,12569.779496871726
2024-05-01 01:00:00,14322.0,12653.26707312396
2024-05-01 02:00:00,14314.0,12883.912280423692
2024-05-01 03:00:00,14148.0,12734.628138478962
2024-05-01 04:00:00,14032.0,12727.437884659863
2024-05-01 05:00:00,13443.0,8707.99707485418
2024-05-01 06:00:00,12985.0,12693.01219842394
2024-05-01 07:00:00,12871.0,12841.831927912368
2024-05-01 08:00:00,12686.0,12400.593068082091
2024-05-01 09:00:00,12523.0,12422.841720943097
2024-05-01 10:00:00,12851.0,12858.60931577322
2024-05-01 11:00:00,13007.0,12986.779160378572
2024-05-01 12:00:00,13510.0,13377.69639779953
2024-05-01 13:00:00,13720.0,13455.386858705282
2024-05-01 14:00:00,13653.0,13423.213506083162
2024-05-01 15:00:00,13580.0,13424.067574092185
2024-05-01 16:00:00,13470.0,13506.460860892354
2024-05-01 17:00:00,12798.0,12863.802918804884
2024-05-01 18:00:00,14730.0,13795.086718486062
2024-05-01 18:30:00,15330.0,13983.146950895645
2024-05-01 19:00:00,15402.0,13853.15263385627
2024-05-01 20:00:00,15559.0,14014.289196979054
2024-05-01 21:00:00,15553.0,14002.763811797806
2024-05-01 22:00:00,15393.0,13547.590998664245
2024-05-01 23:00:00,14778.0,12820.980405754955
2024-05-02 00:00:00,14318.0,12717.970689618554
2024-05-02 01:00:00,14110.0,12765.586641995844
2024-05-02 02:00:00,14259.0,13132.14576008027
2024-05-02 03:00:00,13924.0,13176.77006783861
2024-05-02 04:00:00,13906.0,13556.667118331798
2024-05-02 05:00:00,13468.0,13173.569518086037
2024-05-02 06:00:00,13298.0,13079.911957585517
2024-05-02 07:00:00,13353.0,13114.145398548497
2024-05-02 08:00:00,13627.0,13162.058863524564
2024-05-02 09:00:00,13836.0,13192.769841622869
2024-05-02 10:00:00,14149.0,13225.06642272672
2024-05-02 11:00:00,14055.0,12934.712948101129
2024-05-02 12:00:00,14412.0,13045.916296060866
2024-05-02 13:00:00,14437.0,13031.030965726515
2024-05-02 14:00:00,14344.0,12992.700191556627
2024-05-02 15:00:00,14206.0,12916.242589392934
2024-05-02 16:00:00,14005.0,12837.24144063241
2024-05-02 17:00:00,13781.0,13287.424160717523
2024-05-02 18:00:00,15186.0,13573.958978741044
2024-05-02 18:30:00,15360.0,13556.380148618886
2024-05-02 19:00:00,15252.0,13658.248000051675
2024-05-02 20:00:00,15193.0,13747.961670706554
2024-05-02 21:00:00,15098.0,13738.163915626343
2024-05-02 22:00:00,14795.0,13052.684807775562
2024-05-02 23:00:00,14183.0,12726.045570766397
2024-05-03 00:00:00,13360.0,12648.848423739364
2024-05-03 01:00:00,12868.0,12864.364747484573
2024-05-03 02:00:00,12721.0,12514.597770913279
2024-05-03 03:00:00,12511.0,12436.075112123459
2024-05-03 04:00:00,12012.0,11945.11864251947
2024-05-03 05:00:00,11544.0,11630.724076770712
2024-05-03 06:00:00,11188.0,11033.366584846439
2024-05-03 07:00:00,11149.0,11079.851593913452
2024-05-03 08:00:00,11605.0,11764.126569857166
2024-05-03 09:00:00,12027.0,11953.147789282479
2024-05-03 10:00:00,12465.0,12498.551313435224
2024-05-03 11:00:00,13172.0,12919.556563300774
2024-05-03 12:00:00,13678.0,13423.730109944054
2024-05-03 13:00:00,13171.0,12949.924271088405
2024-05-03 14:00:00,13450.0,13407.478123811497
2024-05-03 15:00:00,13414.0,13401.829937714718
2024-05-03 16:00:00,13118.0,12951.545230996653
2024-05-03 17:00:00,12393.0,12549.738829183054
2024-05-03 18:00:00,14293.0,13548.218512665153
2024-05-03 18:30:00,14846.0,14070.206285767565
2024-05-03 19:00:00,14772.0,14034.892370498768
2024-05-03 20:00:00,14929.0,14093.360149309385
2024-05-03 21:00:00,14994.0,14065.131581642512
2024-05-03 22:00:00,14840.0,13632.423965054219
2024-05-03 23:00:00,14154.0,12875.898049216452
2024-05-04 00:00:00,13316.0,12714.604481887545
2024-05-04 01:00:00,13190.0,12934.366461704061
2024-05-04 02:00:00,13244.0,13119.440119101415
2024-05-04 03:00:00,13215.0,13144.284083765122
2024-05-04 04:00:00,12990.0,12851.390190915537
2024-05-04 05:00:00,12514.0,12551.05694372668
2024-05-04 06:00:00,12323.0,12361.176712803275
2024-05-04 07:00:00,12404.0,12507.748843855956
2024-05-04 08:00:00,12836.0,12687.178398681797
2024-05-04 09:00:00,12958.0,12892.167299712391
2024-05-04 10:00:00,13397.0,13792.368709829678
2024-05-04 11:00:00,13800.0,13852.316109377265
2024-05-04 12:00:00,14054.0,13503.24706985787
2024-05-04 13:00:00,14209.0,13129.329105111241
2024-05-04 14:00:00,14025.0,12640.705222730381
2024-05-04 15:00:00,13909.0,12828.969125401858
2024-05-04 16:00:00,13713.0,12785.411540882715
2024-05-04 17:00:00,13481.0,13264.698186871483
2024-05-04 18:00:00,14985.0,13805.70784885936
2024-05-04 18:30:00,15229.0,13791.853028637595
2024-05-04 19:00:00,14218.0,13596.094498118482
2024-05-04 20:00:00,14482.0,14045.520905078598
2024-05-04 21:00:00,14474.0,13667.486100944485
2024-05-04 22:00:00,14397.0,13679.482023341589
2024-05-04 23:00:00,13780.0,13273.93017436516
2024-05-05 00:00:00,13470.0,13384.41760527552
2024-05-05 01:00:00,12874.0,12803.274172196341
2024-05-05 02:00:00,11135.0,11202.302972860321
2024-05-05 03:00:00,11195.0,11295.253889343281
2024-05-05 04:00:00,11212.0,11233.899833196972
2024-05-05 05:00:00,10992.0,10995.049254720636
2024-05-05 06:00:00,11019.0,11032.294380186553
2024-05-05 07:00:00,10874.0,10879.738948260789
2024-05-05 08:00:00,11616.0,11600.166468330863
2024-05-05 09:00:00,12057.0,12030.065817761346
2024-05-05 10:00:00,12577.0,12574.47324354386
2024-05-05 11:00:00,13207.0,13295.502728078
2024-05-05 12:00:00,13623.0,13909.529513195066
2024-05-05 13:00:00,13691.0,13968.692495776982
2024-05-05 14:00:00,13927.0,13987.994727762754
2024-05-05 15:00:00,13974.0,13991.657179602726
2024-05-05 16:00:00,13775.0,13971.027424526039
2024-05-05 17:00:00,13013.0,13039.266681292145
2024-05-05 18:00:00,14353.0,14123.447183172395
2024-05-05 18:30:00,14291.0,14179.790215825213
2024-05-05 19:00:00,13659.0,13821.438619177465
2024-05-05 20:00:00,11759.0,11783.560359479885
2024-05-05 21:00:00,9835.0,9699.28219968366
2024-05-05 22:00:00,9168.0,9182.121372294261
2024-05-05 23:00:00,9832.0,9809.559537334304
2024-05-06 00:00:00,10276.0,10265.666094509756
2024-05-06 01:00:00,10499.0,10527.2718794724
2024-05-06 02:00:00,10324.0,10305.013023319543
2024-05-06 03:00:00,10271.0,10247.012626333613
2024-05-06 04:00:00,10061.0,10055.770864823546
2024-05-06 05:00:00,9606.0,9607.973067663215
2024-05-06 06:00:00,9855.0,9877.297462138911
2024-05-06 07:00:00,9831.0,9840.189603289673
2024-05-06 08:00:00,10377.0,10420.96992649542
2024-05-06 09:00:00,10642.0,10719.302397086893
2024-05-06 10:00:00,11070.0,11121.196798520403
2024-05-06 11:00:00,11237.0,11327.292636418846
2024-05-06 12:00:00,11100.0,11135.128382451063
2024-05-06 13:00:00,10252.0,10291.991224716729
2024-05-06 14:00:00,10289.0,10323.353962328234
2024-05-06 15:00:00,9331.0,9345.914316226037
2024-05-06 16:00:00,8997.0,8950.342819741349
2024-05-06 17:00:00,8883.0,8827.440813771183
2024-05-06 18:00:00,9522.0,9601.050695465061
2024-05-06 18:30:00,9409.0,9540.142911557974
2024-05-06 19:00:00,9027.0,9060.672738756954
2024-05-06 20:00:00,8983.0,9000.156442385238
2024-05-06 21:00:00,8648.0,8666.100050443767
2024-05-06 22:00:00,8182.0,8223.630111681283
2024-05-06 23:00:00,7818.0,7848.508949689089
2024-05-07 00:00:00,7787.0,7813.91610510345
2024-05-07 01:00:00,7424.0,7456.648459143537
2024-05-07 02:00:00,7282.0,7287.692939170825
2024-05-07 03:00:00,7295.0,7317.193844204397
2024-05-07 04:00:00,7338.0,7375.750718917205
2024-05-07 05:00:00,7514.0,7525.637883821988
2024-05-07 06:00:00,8093.0,8047.173007434046
2024-05-07 07:00:00,8617.0,8623.326640597075
2024-05-07 08:00:00,9186.0,9254.531352823951
2024-05-07 09:00:00,10022.0,10038.715474175146
2024-05-07 10:00:00,10680.0,10668.854312628539
2024-05-07 11:00:00,11356.0,11409.743431827654
2024-05-07 12:00:00,11660.0,11758.223065905755
2024-05-07 13:00:00,11985.0,12031.546015689262
2024-05-07 14:00:00,12154.0,12122.580945806041
2024-05-07 15:00:00,12272.0,12250.336340820118
2024-05-07 16:00:00,11966.0,12010.435395769704
2024-05-07 17:00:00,11675.0,11708.581363800013
2024-05-07 18:00:00,13081.0,13054.330049511704
2024-05-07 18:30:00,13638.0,13708.507130552813
2024-05-07 19:00:00,13609.0,13683.056280952933
2024-05-07 20:00:00,13437.0,13251.093787529764
2024-05-07 21:00:00,13062.0,12989.772217114436
2024-05-07 22:00:00,13022.0,12957.119555638596
2024-05-07 23:00:00,12679.0,12649.00676217751
2024-05-08 00:00:00,12183.0,12028.569575326423
2024-05-08 01:00:00,10882.0,10542.023342204327
2024-05-08 02:00:00,9756.0,9449.579391337145
2024-05-08 03:00:00,8588.0,8230.49002208209
2024-05-08 04:00:00,7685.0,7696.326481394536
2024-05-08 05:00:00,6874.0,6769.383750299243
2024-05-08 06:00:00,7322.0,7273.626717798728
2024-05-08 07:00:00,8154.0,8163.353301220773
2024-05-08 08:00:00,8793.0,8701.269011613245
2024-05-08 09:00:00,9501.0,9505.505845821943
2024-05-08 10:00:00,9895.0,9883.206421657036
2024-05-08 11:00:00,10663.0,10588.642331128322
2024-05-08 12:00:00,11145.0,11155.545348106716
2024-05-08 13:00:00,11109.0,11142.569425751066
2024-05-08 14:00:00,11258.0,11300.707386082348
2024-05-08 15:00:00,11156.0,11185.823390711193
2024-05-08 16:00:00,10950.0,10962.78749442288
2024-05-08 17:00:00,10744.0,10795.504441261515
2024-05-08 18:00:00,12480.0,12409.954789222582
2024-05-08 18:30:00,12781.0,12682.558131448595
2024-05-08 19:00:00,12618.0,12571.75397279666
2024-05-08 20:00:00,12240.0,12247.956530167934
2024-05-08 21:00:00,11981.0,12015.377561187006
2024-05-08 22:00:00,11879.0,11897.001834745743
2024-05-08 23:00:00,11651.0,11667.033023793949
2024-05-09 00:00:00,11194.0,11192.41041321874
2024-05-09 01:00:00,10864.0,10885.907237224437
2024-05-09 02:00:00,10538.0,10543.695879936628
2024-05-09 03:00:00,10182.0,10162.239419654848
2024-05-09 04:00:00,9974.0,9971.734961737731
2024-05-09 05:00:00,9604.0,9593.224159368772
2024-05-09 06:00:00,9995.0,9994.49651365238
2024-05-09 07:00:00,10123.0,10120.420910274359
2024-05-09 08:00:00,10765.0,10766.191162165602
2024-05-09 09:00:00,11454.0,11504.325437316644
2024-05-09 10:00:00,11711.0,11691.02567409231
2024-05-09 11:00:00,12241.0,12202.994674952455
2024-05-09 12:00:00,12492.0,12444.790798347722
2024-05-09 13:00:00,12574.0,12525.895860809445
2024-05-09 14:00:00,12514.0,12506.738804342911
2024-05-09 15:00:00,12230.0,12162.035286439143
2024-05-09 16:00:00,11639.0,11695.703492105033
2024-05-09 17:00:00,10985.0,11019.617612986254
2024-05-09 18:00:00,12096.0,12179.864706302194
2024-05-09 18:30:00,12487.0,12443.020527371607
2024-05-09 19:00:00,12335.0,12317.28236658723
2024-05-09 20:00:00,12154.0,12113.944835656066
2024-05-09 21:00:00,12033.0,12051.290848925299
2024-05-09 22:00:00,11864.0,11818.633235292267
2024-05-09 23:00:00,11876.0,11874.17623242711
2024-05-10 00:00:00,11487.0,11515.431181186974
2024-05-10 01:00:00,10943.0,10931.635717273903
2024-05-10 02:00:00,10627.0,10622.73138401613
2024-05-10 03:00:00,10092.0,10103.10159099426
2024-05-10 04:00:00,9763.0,9767.881412389801
2024-05-10 05:00:00,9410.0,9435.411532194488
2024-05-10 06:00:00,9307.0,9303.425418571933
2024-05-10 07:00:00,9080.0,9107.674106486673
2024-05-10 08:00:00,9216.0,9238.775734403744
2024-05-10 09:00:00,9591.0,9582.418009642794
2024-05-10 10:00:00,9906.0,9909.667524834022
2024-05-10 11:00:00,10639.0,10634.978314893295
2024-05-10 12:00:00,11244.0,11227.733109093831
2024-05-10 13:00:00,11130.0,11110.564507847364
2024-05-10 14:00:00,11333.0,11364.469334945954
2024-05-10 15:00:00,11119.0,11091.8119474011
2024-05-10 16:00:00,10746.0,10796.742416055202
2024-05-10 17:00:00,10238.0,10289.612660335553
2024-05-10 18:00:00,12043.0,12021.692810949256
2024-05-10 18:30:00,12552.0,12519.297147560816
2024-05-10 19:00:00,12609.0,12532.97803399394
2024-05-10 20:00:00,12787.0,12760.313966976932
2024-05-10 21:00:00,12633.0,12583.790435877607
2024-05-10 22:00:00,12772.0,12735.997098230255
2024-05-10 23:00:00,12619.0,12566.500049051841
2024-05-11 00:00:00,12273.0,12229.311181567295
2024-05-11 01:00:00,11751.0,11786.35705793921
2024-05-11 02:00:00,11296.0,11321.316976438044
2024-05-11 03:00:00,10735.0,10788.99657342573
2024-05-11 04:00:00,10213.0,10199.039475744277
2024-05-11 05:00:00,9627.0,9620.2927450405
2024-05-11 06:00:00,9199.0,9177.969000199631
2024-05-11 07:00:00,8796.0,8797.230219969564
2024-05-11 08:00:00,8797.0,8794.524622953018
2024-05-11 09:00:00,9229.0,9238.11550575018
2024-05-11 10:00:00,10049.0,9996.72990115952
2024-05-11 11:00:00,10559.0,10530.141734445198
2024-05-11 12:00:00,11224.0,11213.07511376658
2024-05-11 13:00:00,11008.0,10986.8781079208
2024-05-11 14:00:00,11381.0,11395.042063051304
2024-05-11 15:00:00,11087.0,11109.441249629319
2024-05-11 16:00:00,11265.0,11311.484566528567
2024-05-11 17:00:00,10957.0,10980.289608985557
2024-05-11 18:00:00,12926.0,12765.06506313558
2024-05-11 18:30:00,13341.0,13262.601874329108
2024-05-11 19:00:00,13040.0,12957.444354276593
2024-05-11 20:00:00,12877.0,12827.998140518015
2024-05-11 21:00:00,12765.0,12714.346473205933
2024-05-11 22:00:00,12443.0,12438.275211253665
2024-05-11 23:00:00,12369.0,12317.152751967405
2024-05-12 00:00:00,11915.0,11899.943241272586
2024-05-12 01:00:00,11424.0,11438.621486685657
2024-05-12 02:00:00,11088.0,11099.540236978182
2024-05-12 03:00:00,10646.0,10675.246641564734
2024-05-12 04:00:00,10385.0,10424.055617848086
2024-05-12 05:00:00,10196.0,10189.216095754646
2024-05-12 06:00:00,10368.0,10354.31936655348
2024-05-12 07:00:00,10544.0,10522.84472139463
2024-05-12 08:00:00,11292.0,11280.92660651983
2024-05-12 09:00:00,11132.0,11062.633577876724
2024-05-12 10:00:00,11916.0,11989.039960541448
2024-05-12 11:00:00,12356.0,12415.546921131496
2024-05-12 12:00:00,12679.0,12670.616692709977
2024-05-12 13:00:00,12671.0,12709.481002574343
2024-05-12 14:00:00,12493.0,12561.991536725882
2024-05-12 15:00:00,12241.0,12042.198505827879
2024-05-12 16:00:00,11673.0,11758.113217825263
2024-05-12 17:00:00,11801.0,11813.880809403476
2024-05-12 18:00:00,13562.0,13294.594057828986
2024-05-12 18:30:00,14165.0,13810.835257317378
2024-05-12 19:00:00,13938.0,13653.788167064284
2024-05-12 20:00:00,13815.0,13651.192084128068
2024-05-12 21:00:00,13461.0,13187.890882501893
2024-05-12 22:00:00,13348.0,13250.50954673838
2024-05-12 23:00:00,13108.0,12973.795522014007
2024-05-13 00:00:00,12551.0,12479.472221217778
2024-05-13 01:00:00,12198.0,12076.581064333977
2024-05-13 02:00:00,12003.0,12010.87076759683
2024-05-13 03:00:00,11340.0,11360.27006851625
2024-05-13 04:00:00,11237.0,11226.37490000278
2024-05-13 05:00:00,10826.0,10829.49935467124
2024-05-13 06:00:00,10982.0,10970.312135149112
2024-05-13 07:00:00,11096.0,11115.09680016366
2024-05-13 08:00:00,11678.0,11722.789850315561
2024-05-13 09:00:00,11973.0,11956.428672526234
2024-05-13 10:00:00,12566.0,12525.427759013148
2024-05-13 11:00:00,12870.0,12773.766054519454
2024-05-13 12:00:00,13128.0,12956.277231052198
2024-05-13 13:00:00,13246.0,13237.740749289434
2024-05-13 14:00:00,13470.0,13641.994705138448
2024-05-13 15:00:00,13355.0,13239.232917728537
2024-05-13 16:00:00,13245.0,13216.207082392113
2024-05-13 17:00:00,12698.0,12702.509735923015
2024-05-13 18:00:00,14436.0,13685.932958205598
2024-05-13 18:30:00,15019.0,14073.953796106702
2024-05-13 19:00:00,12925.0,13495.24422817839
2024-05-13 20:00:00,15016.0,14083.010545970415
2024-05-13 21:00:00,14831.0,13812.352863033006
2024-05-13 22:00:00,14644.0,13422.27977754175
2024-05-13 23:00:00,14257.0,13299.71519615432
2024-05-14 00:00:00,13981.0,13263.739214334593
2024-05-14 01:00:00,13569.0,13426.894228954667
2024-05-14 02:00:00,13319.0,13421.57211807423
2024-05-14 03:00:00,13143.0,13120.886830336987
2024-05-14 04:00:00,12766.0,12768.483760919687
2024-05-14 05:00:00,12270.0,12243.941660996326
2024-05-14 06:00:00,12296.0,12229.328953611845
2024-05-14 07:00:00,12396.0,12415.564729963466
2024-05-14 08:00:00,12602.0,12555.504616920054
2024-05-14 09:00:00,13048.0,12911.926476980936
2024-05-14 10:00:00,13204.0,13139.192704962858
2024-05-14 11:00:00,13701.0,14074.039196017333
2024-05-14 12:00:00,13915.0,13743.531805819288
2024-05-14 13:00:00,14142.0,13813.184629788566
2024-05-14 14:00:00,14268.0,13766.771313963807
2024-05-14 15:00:00,14090.0,13738.83956079738
2024-05-14 16:00:00,13975.0,13953.979940762712
2024-05-14 17:00:00,13269.0,13264.992393401946
2024-05-14 18:00:00,14966.0,14000.014302243597
2024-05-14 18:30:00,15435.0,13903.36425370848
2024-05-14 19:00:00,15085.0,13513.535909203129
2024-05-14 20:00:00,15292.0,13705.801639493586
2024-05-14 21:00:00,15183.0,13623.645926087982
2024-05-14 22:00:00,14891.0,13431.529487104895
2024-05-14 23:00:00,14657.0,13217.50906786414
2024-05-15 00:00:00,14351.0,13150.321655790563
2024-05-15 01:00:00,14355.0,13376.08047564056
2024-05-15 02:00:00,14038.0,13234.977041747405
2024-05-15 03:00:00,13587.0,13256.584361913003
2024-05-15 04:00:00,13231.0,12900.31769314836
2024-05-15 05:00:00,12678.0,12598.354993624824
2024-05-15 06:00:00,12482.0,12549.128729808786
2024-05-15 07:00:00,12573.0,12543.324960503813
2024-05-15 08:00:00,12814.0,12717.529675203754
2024-05-15 09:00:00,13265.0,13083.448775993966
2024-05-15 10:00:00,13629.0,13692.105521675194
2024-05-15 11:00:00,13995.0,13734.260657642866
2024-05-15 12:00:00,14355.0,13786.19337912386
2024-05-15 13:00:00,14515.0,13658.082237151135
2024-05-15 14:00:00,14571.0,13431.332291330802
2024-05-15 15:00:00,14499.0,13620.558138942284
2024-05-15 16:00:00,14280.0,13558.971873211083
2024-05-15 17:00:00,13652.0,13542.909302315018
2024-05-15 18:00:00,15388.0,13808.142052476824
2024-05-15 18:30:00,15687.0,13933.518782531348
2024-05-15 19:00:00,15562.0,13765.305267338335
2024-05-15 20:00:00,15619.0,13853.02241267638
2024-05-15 21:00:00,15528.0,13435.588049690963
2024-05-15 22:00:00,15198.0,12999.141923390294
2024-05-15 23:00:00,14719.0,12769.656171203997
2024-05-16 00:00:00,14457.0,12652.377582113357
2024-05-16 01:00:00,14402.0,12838.646889498435
2024-05-16 02:00:00,14412.0,13288.977056906804
2024-05-16 03:00:00,14119.0,13259.842070811716
2024-05-16 04:00:00,13823.0,13209.989651239302
2024-05-16 05:00:00,13181.0,12784.692739365644
2024-05-16 06:00:00,13116.0,12919.493231113436
2024-05-16 07:00:00,13000.0,12954.361056603839
2024-05-16 08:00:00,13294.0,13287.334995249439
2024-05-16 09:00:00,13700.0,13484.922400350408
2024-05-16 10:00:00,14153.0,13557.825339070594
2024-05-16 11:00:00,14488.0,13562.279336339438
2024-05-16 12:00:00,14808.0,13596.335807697618
2024-05-16 13:00:00,14545.0,13238.241335838615
2024-05-16 14:00:00,14336.0,12719.31718953847
2024-05-16 15:00:00,14320.0,12939.955020575962
2024-05-16 16:00:00,13994.0,12843.451162323305
2024-05-16 17:00:00,13663.0,12931.56260236138
2024-05-16 18:00:00,14702.0,13168.03277205954
2024-05-16 18:30:00,14803.0,13093.441071157626
2024-05-16 19:00:00,14708.0,13219.03381366429
2024-05-16 20:00:00,14965.0,13207.20805142255
2024-05-16 21:00:00,15001.0,13221.402993088932
2024-05-16 22:00:00,14970.0,13214.633680534576
2024-05-16 23:00:00,14860.0,13119.762472085631
2024-05-17 00:00:00,14659.0,12883.820001322458
2024-05-17 01:00:00,14670.0,13064.88526395253
2024-05-17 02:00:00,14644.0,13312.677424309852
2024-05-17 03:00:00,14274.0,13327.157957601681
2024-05-17 04:00:00,13864.0,13285.661039077202
2024-05-17 05:00:00,13046.0,12809.156555597796
2024-05-17 06:00:00,12878.0,12668.644909117178
2024-05-17 07:00:00,12760.0,12697.885069540056
2024-05-17 08:00:00,12654.0,12701.408647213088
2024-05-17 09:00:00,12765.0,12843.201667801326
2024-05-17 10:00:00,13158.0,13348.873626269436
2024-05-17 11:00:00,13667.0,13961.289876852625
2024-05-17 12:00:00,14110.0,13922.941977160095
2024-05-17 13:00:00,13872.0,13776.33476165429
2024-05-17 14:00:00,13874.0,13930.823802591443
2024-05-17 15:00:00,14180.0,13934.720126970225
2024-05-17 16:00:00,13565.0,13661.911399320357
2024-05-17 17:00:00,13012.0,13236.148211154657
2024-05-17 18:00:00,14736.0,13945.69117638986
2024-05-17 18:30:00,15244.0,14089.61821856957
2024-05-17 19:00:00,15123.0,13955.022953274774
2024-05-17 20:00:00,15498.0,14180.288339847872
2024-05-17 21:00:00,15577.0,14231.30002653467
2024-05-17 22:00:00,15376.0,13392.299165925206
2024-05-17 23:00:00,15087.0,13107.458434029233
2024-05-18 00:00:00,14740.0,13002.394996285657
2024-05-18 01:00:00,14525.0,13054.772628227147
2024-05-18 02:00:00,14338.0,13343.872910919086
2024-05-18 03:00:00,14103.0,13594.758623021286
2024-05-18 04:00:00,13645.0,13481.967786773439
2024-05-18 05:00:00,12858.0,12717.699393324854
2024-05-18 06:00:00,12473.0,12544.756116008455
2024-05-18 07:00:00,12101.0,12100.827059508974
2024-05-18 08:00:00,11925.0,11949.177077031125
2024-05-18 09:00:00,11593.0,11693.328877748714
2024-05-18 10:00:00,11178.0,11224.585071565269
2024-05-18 11:00:00,11594.0,11675.627179247764
2024-05-18 12:00:00,11926.0,11906.538151215404
2024-05-18 13:00:00,12271.0,12269.653316294092
2024-05-18 14:00:00,12601.0,12630.087213748931
2024-05-18 15:00:00,12664.0,12663.542756351477
2024-05-18 16:00:00,12717.0,12796.747512408756
2024-05-18 17:00:00,12448.0,12432.365983827754
2024-05-18 18:00:00,14216.0,13685.769627097157
2024-05-18 18:30:00,14628.0,14071.249946227172
2024-05-18 19:00:00,14350.0,13980.961292978187
2024-05-18 20:00:00,14371.0,14137.460625793674
2024-05-18 21:00:00,14120.0,13956.723082801724
2024-05-18 22:00:00,14108.0,13994.050209185518
2024-05-18 23:00:00,14127.0,14066.287477536927
2024-05-19 00:00:00,13664.0,13762.250014927478
2024-05-19 01:00:00,13127.0,13015.022017564512
2024-05-19 02:00:00,12852.0,12927.001418982247
2024-05-19 03:00:00,12640.0,12729.790924868168
2024-05-19 04:00:00,12463.0,12468.267069188132
2024-05-19 05:00:00,11900.0,8730.285952871971
2024-05-19 06:00:00,11816.0,11907.46683737734
2024-05-19 07:00:00,11810.0,11922.000010516615
2024-05-19 08:00:00,12324.0,12506.77638109974
2024-05-19 09:00:00,12651.0,12762.193697200628
2024-05-19 10:00:00,13048.0,13027.267640651164
2024-05-19 11:00:00,13540.0,13793.622470452008
2024-05-19 12:00:00,13838.0,13883.718640654797
2024-05-19 13:00:00,13786.0,13778.814294779857
2024-05-19 14:00:00,13858.0,13761.579076002614
2024-05-19 15:00:00,13585.0,13617.053908159283
2024-05-19 16:00:00,12815.0,12807.203504106285
2024-05-19 17:00:00,11833.0,11821.086792963923
2024-05-19 18:00:00,13489.0,13659.4874901978
2024-05-19 18:30:00,14206.0,14108.817506876061
2024-05-19 19:00:00,13845.0,13826.452087743684
2024-05-19 20:00:00,13907.0,14105.261986495882
2024-05-19 21:00:00,13716.0,13914.3280799974
2024-05-19 22:00:00,13511.0,13356.180817462218
2024-05-19 23:00:00,13422.0,13417.982118148224
2024-05-20 00:00:00,12840.0,12857.4220300751
2024-05-20 01:00:00,12343.0,12360.758306037142
2024-05-20 02:00:00,11913.0,11914.827109659866
2024-05-20 03:00:00,11493.0,11502.189369160566
2024-05-20 04:00:00,11263.0,11260.847316119818
2024-05-20 05:00:00,10691.0,10719.902706810624
2024-05-20 06:00:00,10813.0,10817.27180186881
2024-05-20 07:00:00,10884.0,10860.834011906793
2024-05-20 08:00:00,11417.0,11416.990782763805
2024-05-20 09:00:00,11804.0,11808.74253594349
2024-05-20 10:00:00,12517.0,12502.949981684518
2024-05-20 11:00:00,12911.0,12895.202105326416
2024-05-20 12:00:00,12569.0,12583.9542839102
2024-05-20 13:00:00,12425.0,12338.37704724565
2024-05-20 14:00:00,12341.0,12397.212889520264
2024-05-20 15:00:00,12583.0,8876.274518892384
2024-05-20 16:00:00,12272.0,12350.691727319643
2024-05-20 17:00:00,11979.0,12044.575282105478
2024-05-20 18:00:00,13681.0,13428.431689597342
2024-05-20 18:30:00,14219.0,13812.959354122062
2024-05-20 19:00:00,14029.0,13721.798973964282
2024-05-20 20:00:00,14068.0,13897.119233979549
2024-05-20 21:00:00,13930.0,13790.431103462037
2024-05-20 22:00:00,13897.0,13821.683290395673
2024-05-20 23:00:00,13809.0,13921.353925594027
2024-05-21 00:00:00,13407.0,13701.296259199311
2024-05-21 01:00:00,13123.0,13177.254666905863
2024-05-21 02:00:00,12666.0,12681.631446120722
2024-05-21 03:00:00,12199.0,12221.754449077964
2024-05-21 04:00:00,11801.0,11853.469567066668
2024-05-21 05:00:00,11388.0,11422.332309568157
2024-05-21 06:00:00,11354.0,11369.66348723479
2024-05-21 07:00:00,11436.0,11391.718263649684
2024-05-21 08:00:00,11906.0,11889.010523316781
2024-05-21 09:00:00,12588.0,12572.414234816497
2024-05-21 10:00:00,12981.0,12885.968629636498
2024-05-21 11:00:00,13300.0,13262.493591164597
2024-05-21 12:00:00,13770.0,13787.286977286349
2024-05-21 13:00:00,13844.0,13759.809534146409
2024-05-21 14:00:00,13962.0,13781.375309183975
2024-05-21 15:00:00,13943.0,13874.509715077544
2024-05-21 16:00:00,13455.0,13285.816036868167
2024-05-21 17:00:00,13056.0,13076.791467823727
2024-05-21 18:00:00,14958.0,14261.88564067038
2024-05-21 18:30:00,15425.0,14369.636643427826
2024-05-21 19:00:00,15519.0,14282.38833359748
2024-05-21 20:00:00,15513.0,14301.246776182705
2024-05-21 21:00:00,15289.0,14078.92483412304
2024-05-21 22:00:00,15350.0,14176.710338269042
2024-05-21 23:00:00,15173.0,13695.154941464898
2024-05-22 00:00:00,14795.0,13385.58140464946
2024-05-22 01:00:00,14235.0,13450.872729764229
2024-05-22 02:00:00,13877.0,13438.394588266097
2024-05-22 03:00:00,13202.0,13049.596867505881
2024-05-22 04:00:00,12625.0,12672.763655362665
2024-05-22 05:00:00,11388.0,11415.079906224313
2024-05-22 06:00:00,10853.0,10868.187328980854
2024-05-22 07:00:00,10869.0,10844.465679086474
2024-05-22 08:00:00,11343.0,11351.69022733837
2024-05-22 09:00:00,11618.0,11602.507171055357
2024-05-22 10:00:00,12071.0,12012.073185125957
2024-05-22 11:00:00,12563.0,12548.51836102619
2024-05-22 12:00:00,13127.0,12989.961475590191
2024-05-22 13:00:00,13480.0,13268.186149180965
2024-05-22 14:00:00,13530.0,13698.145752835577
2024-05-22 15:00:00,13574.0,13873.324514057123
2024-05-22 16:00:00,13342.0,13292.294499671074
2024-05-22 17:00:00,12801.0,12819.825927162643
2024-05-22 18:00:00,14539.0,13858.19548288955
2024-05-22 18:30:00,15153.0,14100.101920572564
2024-05-22 19:00:00,15141.0,14074.836482897927
2024-05-22 20:00:00,15428.0,14177.87302580868
2024-05-22 21:00:00,15294.0,13950.17831936643
2024-05-22 22:00:00,15313.0,13977.832742584329
2024-05-22 23:00:00,15048.0,13422.42020334005
2024-05-23 00:00:00,14695.0,13139.073686612814
2024-05-23 01:00:00,14270.0,13335.709519004171
2024-05-23 02:00:00,13972.0,13342.188206431329
2024-05-23 03:00:00,13408.0,13437.98794683251
2024-05-23 04:00:00,13301.0,13041.239341289105
2024-05-23 05:00:00,12755.0,12681.016613364338
2024-05-23 06:00:00,12609.0,12593.609383446159
2024-05-23 07:00:00,12740.0,12661.682807067706
2024-05-23 08:00:00,12922.0,12810.87273777459
2024-05-23 09:00:00,13324.0,13535.728880701761
2024-05-23 10:00:00,13869.0,13698.082841527752
2024-05-23 11:00:00,14166.0,13699.631109408745
2024-05-23 12:00:00,14359.0,13061.92867899199
2024-05-23 13:00:00,14394.0,13065.188104152961
2024-05-23 14:00:00,14448.0,13031.525854203132
2024-05-23 15:00:00,14320.0,12961.616803743464
2024-05-23 16:00:00,14264.0,13055.502100500014
2024-05-23 17:00:00,13722.0,13184.326259696503
2024-05-23 18:00:00,15154.0,13796.820598789356
2024-05-23 18:30:00,15777.0,13965.20511797791
2024-05-23 19:00:00,15657.0,13786.594532044219
2024-05-23 20:00:00,16067.0,13989.71494727837
2024-05-23 21:00:00,15723.0,13643.339580984759
2024-05-23 22:00:00,15291.0,13353.736646262078
2024-05-23 23:00:00,15157.0,13325.877537182723
2024-05-24 00:00:00,14967.0,13477.269671730688
2024-05-24 01:00:00,14846.0,13501.620125900554
2024-05-24 02:00:00,14536.0,13341.627362550124
2024-05-24 03:00:00,14070.0,13477.375390725356
2024-05-24 04:00:00,13824.0,13510.186156768485
2024-05-24 05:00:00,12877.0,12727.91387330031
2024-05-24 06:00:00,12280.0,12231.718685228867
2024-05-24 07:00:00,11969.0,11935.706549482475
2024-05-24 08:00:00,11731.0,11820.692347278138
2024-05-24 09:00:00,12162.0,12269.203523749302
2024-05-24 10:00:00,12712.0,12780.585988217616
2024-05-24 11:00:00,13454.0,13377.775072937888
2024-05-24 12:00:00,14049.0,13908.880092113057
2024-05-24 13:00:00,13652.0,13708.932448312351
2024-05-24 14:00:00,14156.0,13842.24773790158
2024-05-24 15:00:00,14030.0,13808.022744473097
2024-05-24 16:00:00,13741.0,13843.859424857399
2024-05-24 17:00:00,12859.0,12792.716849693885
2024-05-24 18:00:00,14717.0,13917.01262182078
2024-05-24 18:30:00,15097.0,13819.62921204881
2024-05-24 19:00:00,15096.0,14013.927145373824
2024-05-24 20:00:00,15601.0,14055.39180449727
2024-05-24 21:00:00,15498.0,13992.342368838374
2024-05-24 22:00:00,15543.0,14012.911039879478
2024-05-24 23:00:00,15358.0,13427.1733750571
2024-05-25 00:00:00,14707.0,12722.93829858219
2024-05-25 01:00:00,14449.0,12729.467417682617
2024-05-25 02:00:00,14527.0,13556.27999594653
2024-05-25 03:00:00,14358.0,13641.587359742496
2024-05-25 04:00:00,14302.0,13623.27435950243
2024-05-25 05:00:00,13356.0,12907.812295437256
2024-05-25 06:00:00,13226.0,13014.32720400804
2024-05-25 07:00:00,12749.0,12781.554138091664
2024-05-25 07:00:00,12955.0,12883.726861930225
2024-05-25 09:00:00,12847.0,12855.643394339675
2024-05-25 10:00:00,13226.0,13270.679528619674
2024-05-25 11:00:00,13726.0,13723.319549400643
2024-05-25 12:00:00,14066.0,13798.915285102717
2024-05-25 13:00:00,14300.0,13801.134220588348
2024-05-25 14:00:00,14412.0,13491.095500516345
2024-05-25 15:00:00,14317.0,13290.78206952328
2024-05-25 16:00:00,14048.0,12998.732605430214
2024-05-25 17:00:00,13685.0,13263.948629906583
2024-05-25 18:00:00,14623.0,13949.625591969489
2024-05-25 18:30:00,14446.0,13566.172993256554
2024-05-25 19:00:00,14219.0,13780.02008186775
2024-05-25 20:00:00,14292.0,14206.925021954747
2024-05-25 21:00:00,14563.0,14194.996139534684
2024-05-25 22:00:00,14433.0,13015.9472487405
2024-05-25 23:00:00,14277.0,12849.315769361792
2024-05-26 00:00:00,14040.0,12665.605374609919
2024-05-26 01:00:00,13986.0,12815.15911617726
2024-05-26 02:00:00,14173.0,12945.02993700883
2024-05-26 03:00:00,13968.0,12937.068353887038
2024-05-26 04:00:00,13682.0,13436.674445738505
2024-05-26 05:00:00,12929.0,12622.508331572497
2024-05-26 06:00:00,12757.0,12574.069018862561
2024-05-26 07:00:00,12391.0,12342.734900239171
2024-05-26 08:00:00,12549.0,12495.713331097728
2024-05-26 09:00:00,12554.0,12346.934972006811
2024-05-26 10:00:00,12467.0,12502.411492157957
2024-05-26 11:00:00,12667.0,12651.588436725051
2024-05-26 12:00:00,13006.0,12802.206808764511
2024-05-26 13:00:00,12939.0,12680.46484112624
2024-05-26 14:00:00,12768.0,12587.003288750238
2024-05-26 15:00:00,12670.0,12346.532997064904
2024-05-26 16:00:00,12365.0,12055.419229794094
2024-05-26 17:00:00,12092.0,11996.243932812607
2024-05-26 18:00:00,13077.0,13230.835036492377
2024-05-26 18:30:00,13435.0,13361.84414213776
2024-05-26 19:00:00,13144.0,13361.0197500067
2024-05-26 20:00:00,12809.0,12879.07946545741
2024-05-26 21:00:00,12706.0,12795.811301171818
2024-05-26 22:00:00,12752.0,12847.483560775105
2024-05-26 23:00:00,12622.0,12797.127583580204
2024-05-27 00:00:00,11828.0,11869.698525088943
2024-05-27 01:00:00,10950.0,10910.424957423702
2024-05-27 02:00:00,9801.0,9446.707420192843
2024-05-27 03:00:00,8882.0,8800.86220540218
2024-05-27 04:00:00,8056.0,8005.715025698571
2024-05-27 05:00:00,7075.0,6925.11652502154
2024-05-27 06:00:00,6304.0,6190.445332614655
2024-05-27 07:00:00,5553.0,5382.423951987947
2024-05-27 08:00:00,5271.0,5392.697308072051
2024-05-27 09:00:00,4907.0,5095.820190517327
2024-05-27 10:00:00,4890.0,5016.039051274487
2024-05-27 11:00:00,5323.0,5324.460664783878
2024-05-27 12:00:00,5399.0,5377.977507646258
2024-05-27 13:00:00,5109.0,5088.83439444155
2024-05-27 14:00:00,4506.0,4417.52520207007
2024-05-27 15:00:00,3886.0,3768.863850140344
2024-05-27 16:00:00,3751.0,4022.2443199976333
2024-05-27 17:00:00,3847.0,4028.64346552184
2024-05-27 18:00:00,4097.0,4185.324518593512
2024-05-27 18:30:00,4157.0,4345.879655165335
2024-05-27 19:00:00,4177.0,4325.108758546621
2024-05-27 20:00:00,4554.0,4521.300621058938
2024-05-27 21:00:00,4553.0,4500.29036560477
2024-05-27 22:00:00,4369.0,4366.328075749657
2024-05-27 23:00:00,4240.0,4094.9167928611237
2024-05-28 00:00:00,3986.0,3929.574808694636
2024-05-28 01:00:00,3880.0,3783.6629751277637
2024-05-28 02:00:00,3708.0,3431.48191677621
2024-05-28 03:00:00,3694.0,3302.0203891990773
2024-05-28 04:00:00,3651.0,3081.5157672198434
2024-05-28 05:00:00,3749.0,3754.667890039165
2024-05-28 06:00:00,4025.0,3967.101379710614
2024-05-28 07:00:00,4692.0,4644.842048518766
2024-05-28 08:00:00,5649.0,5516.960504241546
2024-05-28 09:00:00,6385.0,6418.722730197762
2024-05-28 10:00:00,7193.0,7213.080576937772
2024-05-28 11:00:00,8051.0,8108.431723830435
2024-05-28 12:00:00,8585.0,8585.929436083255
2024-05-28 13:00:00,9268.0,9252.880795093111
2024-05-28 14:00:00,9657.0,9666.747437768865
2024-05-28 15:00:00,10708.0,10729.062013612063
2024-05-28 16:00:00,10621.0,10624.356294941774
2024-05-28 17:00:00,10402.0,10423.698615833408
2024-05-28 18:00:00,11811.0,11777.00276962314
2024-05-28 18:30:00,12085.0,12090.862838245917
2024-05-28 19:00:00,12038.0,12056.58956245633
2024-05-28 20:00:00,12451.0,12483.042860099586
2024-05-28 21:00:00,12553.0,12562.316480796178
2024-05-28 22:00:00,12607.0,12572.574532856572
2024-05-28 23:00:00,12675.0,12567.290893198258
2024-05-29 00:00:00,12555.0,12408.725808445066
2024-05-29 01:00:00,12629.0,12682.506502787119
2024-05-29 02:00:00,12314.0,12209.885893366554
2024-05-29 03:00:00,12081.0,12018.59861800644
2024-05-29 04:00:00,11923.0,11858.921835291281
2024-05-29 05:00:00,11469.0,11402.805163325253
2024-05-29 06:00:00,11296.0,11236.469331148402
2024-05-29 07:00:00,11601.0,11586.79942719661
2024-05-29 08:00:00,11857.0,11780.832949974574
2024-05-29 09:00:00,11887.0,11892.488559718351
2024-05-29 10:00:00,12021.0,11975.918965334706
2024-05-29 11:00:00,12459.0,12439.036395753546
2024-05-29 12:00:00,12689.0,12632.499017519847
2024-05-29 13:00:00,12848.0,12783.53616605142
2024-05-29 14:00:00,12997.0,12901.448890398366
2024-05-29 15:00:00,13487.0,13231.180207406076
2024-05-29 16:00:00,12944.0,12791.069410422631
2024-05-29 17:00:00,12346.0,12376.282284813105
2024-05-29 18:00:00,13843.0,13392.779085167334
2024-05-29 18:30:00,14518.0,13894.489451908601
2024-05-29 19:00:00,14354.0,13719.119181641527
2024-05-29 20:00:00,14585.0,13858.1085479224
2024-05-29 21:00:00,14643.0,13875.54844215556
2024-05-29 22:00:00,14920.0,13863.963239074626
2024-05-29 23:00:00,14879.0,13792.303775559965
2024-05-30 00:00:00,11497.0,12925.220243976564
2024-05-30 01:00:00,13564.0,13278.6939736038
2024-05-30 02:00:00,12828.0,12706.70568125759
2024-05-30 03:00:00,12413.0,12368.382470598843
2024-05-30 04:00:00,11894.0,11915.61195574143
2024-05-30 05:00:00,11416.0,11436.46973256105
2024-05-30 06:00:00,11253.0,11224.974296062024
2024-05-30 07:00:00,11343.0,11390.627279013053
2024-05-30 08:00:00,11780.0,11756.762295275514
2024-05-30 09:00:00,12113.0,12121.960219791097
2024-05-30 10:00:00,12399.0,12328.584077075802
2024-05-30 11:00:00,12485.0,12247.903195110403
2024-05-30 12:00:00,12523.0,12076.834664044567
2024-05-30 13:00:00,12834.0,12507.010003065565
2024-05-30 14:00:00,13004.0,12757.241111279574
2024-05-30 15:00:00,12805.0,12356.453037709334
2024-05-30 16:00:00,12654.0,12624.643710022972
2024-05-30 17:00:00,12459.0,12575.961590461426
2024-05-30 18:00:00,14031.0,13436.658463488482
2024-05-30 18:30:00,14442.0,13842.136175133275
2024-05-30 19:00:00,14547.0,13882.261451704679
2024-05-30 20:00:00,14552.0,13990.30255420911
2024-05-30 21:00:00,14529.0,13919.498609695629
2024-05-30 22:00:00,14593.0,13739.393773676982
2024-05-30 23:00:00,14695.0,13488.875373353443
2024-05-31 00:00:00,14107.0,13247.482822901558
2024-05-31 01:00:00,13571.0,13114.472813813427
2024-05-31 02:00:00,13306.0,13006.640773231467
2024-05-31 03:00:00,12753.0,12599.232724852469
2024-05-31 04:00:00,12211.0,12265.469578035003
2024-05-31 05:00:00,11453.0,11463.716641120081
2024-05-31 06:00:00,11226.0,11230.980835768964
2024-05-31 07:00:00,11003.0,11019.197390448762
2024-05-31 08:00:00,11027.0,11016.369824585658
2024-05-31 09:00:00,11206.0,11225.84425585533
2024-05-31 10:00:00,11305.0,11340.544263754287
2024-05-31 11:00:00,11614.0,11618.023593714337
2024-05-31 12:00:00,12247.0,12221.814948309515
2024-05-31 13:00:00,11966.0,12015.653381511096
2024-05-31 14:00:00,12001.0,11993.1872607572
2024-05-31 15:00:00,11966.0,11983.888489715559
2024-05-31 16:00:00,11649.0,11668.976878300462
2024-05-31 17:00:00,11453.0,11388.69510454372
2024-05-31 18:00:00,13134.0,13033.619313225776
2024-05-31 18:30:00,14026.0,13888.489922212937
2024-05-31 19:00:00,13924.0,13718.843647218118
2024-05-31 20:00:00,14028.0,13825.698392614364
2024-05-31 21:00:00,14069.0,13849.999692944355
2024-05-31 22:00:00,14175.0,13810.774645200796
2024-05-31 23:00:00,14231.0,13794.974903304495
2024-06-01 00:00:00,13770.0,13053.478295478219
2024-06-01 01:00:00,13426.0,12976.648270690941
2024-06-01 02:00:00,13148.0,13145.467777579915
2024-06-01 03:00:00,12867.0,12793.600009611258
2024-06-01 04:00:00,12616.0,12380.977384380763
2024-06-01 05:00:00,11971.0,12040.694028777083
2024-06-01 06:00:00,11935.0,11932.702463503909
2024-06-01 07:00:00,11903.0,11924.114445173691
2024-06-01 08:00:00,12152.0,12072.585029737455
2024-06-01 09:00:00,12598.0,12420.777277955787
2024-06-01 10:00:00,12874.0,12712.181616115655
2024-06-01 11:00:00,13435.0,13337.244417188858
2024-06-01 12:00:00,13957.0,13716.66954697673
2024-06-01 13:00:00,13786.0,13434.650336023358
2024-06-01 14:00:00,13549.0,12659.998755609007
2024-06-01 15:00:00,13626.0,12820.289579793021
2024-06-01 16:00:00,13291.0,12792.415876456827
2024-06-01 17:00:00,13127.0,13147.409129597374
2024-06-01 18:00:00,14639.0,13621.81525794436
2024-06-01 18:30:00,15244.0,13635.900361838092
2024-06-01 19:00:00,15208.0,13332.078200685646
2024-06-01 20:00:00,15336.0,13800.040801730289
2024-06-01 21:00:00,14983.0,13445.542665424638
2024-06-01 22:00:00,14893.0,13538.48901783644
2024-06-01 23:00:00,14770.0,13035.87309429635
2024-06-02 00:00:00,14207.0,12673.686650236421
2024-06-02 01:00:00,13975.0,12746.601732447416
2024-06-02 02:00:00,13738.0,12979.102639176883
2024-06-02 03:00:00,13325.0,12928.009671330909
2024-06-02 04:00:00,13183.0,12925.916594339451
2024-06-02 05:00:00,12617.0,12520.15549468612
2024-06-02 06:00:00,12508.0,12389.482257038537
2024-06-02 07:00:00,12504.0,12327.045925972923
2024-06-02 08:00:00,12830.0,12514.597623656093
2024-06-02 09:00:00,13150.0,12941.47633398245
2024-06-02 10:00:00,13280.0,12722.768611780586
2024-06-02 11:00:00,13660.0,12756.838805898296
2024-06-02 12:00:00,13975.0,13078.448350585748
2024-06-02 13:00:00,14021.0,12748.438260257473
2024-06-02 14:00:00,14008.0,12773.647059248686
2024-06-02 15:00:00,13787.0,12663.904716870993
2024-06-02 16:00:00,13566.0,12705.656721989404
2024-06-02 17:00:00,13241.0,13175.316206703774
2024-06-02 18:00:00,14552.0,13660.107422920335
2024-06-02 18:30:00,14900.0,13281.800519017006
2024-06-02 19:00:00,15009.0,13194.434767567407
2024-06-02 20:00:00,15199.0,13271.19278021096
2024-06-02 21:00:00,14978.0,13095.718394957848
2024-06-02 22:00:00,14962.0,13216.846196125513
2024-06-02 23:00:00,14779.0,12999.663672593091
2024-06-03 00:00:00,14340.0,12613.454504642536
2024-06-03 01:00:00,14246.0,13091.373993765787
2024-06-03 02:00:00,13748.0,12910.769539734845
2024-06-03 03:00:00,13420.0,12928.675503272616
2024-06-03 04:00:00,13100.0,12789.95512252902
2024-06-03 05:00:00,12561.0,12401.37203088844
2024-06-03 06:00:00,12548.0,12453.43773051661
2024-06-03 07:00:00,12345.0,12315.350809984175
2024-06-03 08:00:00,12449.0,12453.032703967101
2024-06-03 09:00:00,12940.0,12826.368373321104
2024-06-03 10:00:00,13154.0,13067.545060569184
2024-06-03 11:00:00,13051.0,12714.471928301098
2024-06-03 12:00:00,13210.0,12501.291130685333
2024-06-03 13:00:00,13315.0,12556.20623402883
2024-06-03 14:00:00,13326.0,12543.752108182875
2024-06-03 15:00:00,13207.0,12662.06394237516
2024-06-03 16:00:00,13169.0,12833.815104043802
2024-06-03 17:00:00,12658.0,12780.027820998857
2024-06-03 18:00:00,14002.0,13754.344583116721
2024-06-03 18:30:00,14763.0,13714.253214826831
2024-06-03 19:00:00,14908.0,14031.629451908104
2024-06-03 20:00:00,14808.0,13983.507660330453
2024-06-03 21:00:00,14378.0,13694.594781891894
2024-06-03 22:00:00,14481.0,13933.366504539692
2024-06-03 23:00:00,13974.0,13176.019093965077
2024-06-04 00:00:00,13627.0,12726.37492532469
2024-06-04 01:00:00,13590.0,8907.610564690127
2024-06-04 02:00:00,13276.0,13282.953420315289
2024-06-04 03:00:00,12975.0,12942.956189895556
2024-06-04 04:00:00,12622.0,12546.458671990358
2024-06-04 05:00:00,12116.0,12147.883237728758
2024-06-04 06:00:00,11865.0,11798.778890317077
2024-06-04 07:00:00,11768.0,11842.255906549366
2024-06-04 08:00:00,12082.0,12136.298757031333
2024-06-04 09:00:00,12613.0,12695.159770987158
2024-06-04 10:00:00,12961.0,12928.853537170275
2024-06-04 11:00:00,13555.0,13732.162568325159
2024-06-04 12:00:00,13673.0,13830.922747798704
2024-06-04 13:00:00,13982.0,13917.228420023359
2024-06-04 14:00:00,14358.0,13934.823918117427
2024-06-04 15:00:00,14039.0,13585.531633915167
2024-06-04 16:00:00,13128.0,13065.53986537382
2024-06-04 17:00:00,12846.0,12967.085655417884
2024-06-04 18:00:00,14289.0,13891.763085295173
2024-06-04 18:30:00,14937.0,14074.136344000633
2024-06-04 19:00:00,14778.0,13923.671872759784
2024-06-04 20:00:00,14758.0,14076.36805080357
2024-06-04 21:00:00,14648.0,13892.547228861302
2024-06-04 22:00:00,14451.0,13471.918649173112
2024-06-04 23:00:00,14389.0,13646.166143735618
2024-06-05 00:00:00,14071.0,13376.688799544574
2024-06-05 01:00:00,13607.0,13267.090107688256
2024-06-05 02:00:00,13104.0,12827.716226426035
2024-06-05 03:00:00,12702.0,12633.199674311541
2024-06-05 04:00:00,12477.0,12545.519096290836
2024-06-05 05:00:00,12111.0,12107.762047244827
2024-06-05 06:00:00,12110.0,12222.138684145413
2024-06-05 07:00:00,12071.0,12116.51713122811
2024-06-05 08:00:00,12605.0,12440.768631212095
2024-06-05 09:00:00,12805.0,12607.135556317453
2024-06-05 10:00:00,13186.0,12939.962409506255
2024-06-05 11:00:00,13612.0,13182.926156757318
2024-06-05 12:00:00,13866.0,13221.11983580334
2024-06-05 13:00:00,14013.0,13373.08511014582
2024-06-05 14:00:00,14090.0,13259.212432106635
2024-06-05 15:00:00,14070.0,12907.712701882936
2024-06-05 16:00:00,13808.0,12981.154065569557
2024-06-05 17:00:00,13610.0,13231.831232567294
2024-06-05 18:00:00,14924.0,13308.746325762737
2024-06-05 18:30:00,15329.0,13338.412159663894
2024-06-05 19:00:00,15350.0,13348.86955903572
2024-06-05 20:00:00,15714.0,13727.177424160638
2024-06-05 21:00:00,15536.0,13468.149775648857
2024-06-05 22:00:00,15384.0,13413.322339449112
2024-06-05 23:00:00,15041.0,13550.645315689695
2024-06-06 00:00:00,13787.0,13152.575250430948
2024-06-06 01:00:00,12766.0,12517.17540330003
2024-06-06 02:00:00,12893.0,12788.770358262447
2024-06-06 03:00:00,12647.0,12667.762265193647
2024-06-06 04:00:00,12231.0,12298.379126433094
2024-06-06 05:00:00,11478.0,11587.461257146897
2024-06-06 06:00:00,11070.0,11064.378190233154
2024-06-06 07:00:00,11044.0,11084.734622629318
2024-06-06 08:00:00,11540.0,11547.257092877488
2024-06-06 09:00:00,12313.0,12341.450325982225
2024-06-06 10:00:00,12746.0,12756.539039238647
2024-06-06 11:00:00,13503.0,13572.248575475345
2024-06-06 12:00:00,13673.0,13813.68092513885
2024-06-06 13:00:00,13826.0,13687.349693016087
2024-06-06 14:00:00,14159.0,13415.040475896849
2024-06-06 15:00:00,14178.0,13517.992623100992
2024-06-06 16:00:00,13893.0,13519.518935122416
2024-06-06 17:00:00,13531.0,13719.260040416726
2024-06-06 18:00:00,14647.0,13772.53541515976
2024-06-06 18:30:00,15340.0,13745.120665052324
2024-06-06 19:00:00,15247.0,13600.15301770934
2024-06-06 20:00:00,15166.0,13439.79601953866
2024-06-06 21:00:00,15117.0,13219.97926711888
2024-06-06 22:00:00,15251.0,13253.835744286938
2024-06-06 23:00:00,15126.0,13194.5598145003
2024-06-07 00:00:00,14901.0,12826.663816673294
2024-06-07 01:00:00,14676.0,13089.897093969606
2024-06-07 02:00:00,14248.0,13117.174303467535
2024-06-07 03:00:00,13706.0,13079.435539315182
2024-06-07 04:00:00,13352.0,13052.57799842269
2024-06-07 05:00:00,12592.0,12323.16357310721
2024-06-07 06:00:00,12331.0,12325.343866401243
2024-06-07 07:00:00,11850.0,11843.054267741958
2024-06-07 08:00:00,11585.0,11679.2570034529
2024-06-07 09:00:00,11707.0,11681.782536606594
2024-06-07 10:00:00,12179.0,12204.060627222585
2024-06-07 11:00:00,12826.0,12556.941760831132
2024-06-07 12:00:00,13245.0,12944.29342424439
2024-06-07 13:00:00,12538.0,12385.490720974747
2024-06-07 14:00:00,12720.0,12610.044274640546
2024-06-07 15:00:00,12046.0,12170.603971243067
2024-06-07 16:00:00,10769.0,10592.412966511636
2024-06-07 17:00:00,10490.0,10543.799287900074
2024-06-07 18:00:00,12551.0,12543.082765259624
2024-06-07 18:30:00,13516.0,13268.711885365125
2024-06-07 19:00:00,13646.0,14076.659050629618
2024-06-07 20:00:00,13936.0,14159.908281982465
2024-06-07 21:00:00,14055.0,13982.501150780297
2024-06-07 22:00:00,14171.0,13930.285354651167
2024-06-07 23:00:00,14062.0,13733.178306159287
2024-06-08 00:00:00,13786.0,13613.656152734977
2024-06-08 01:00:00,12849.0,12710.593512868565
2024-06-08 02:00:00,12589.0,12517.887832614411
2024-06-08 03:00:00,12442.0,12446.142009254125
2024-06-08 04:00:00,12268.0,12185.289811762095
2024-06-08 05:00:00,11799.0,11823.126565294153
2024-06-08 06:00:00,11562.0,11581.381499764962
2024-06-08 07:00:00,11237.0,11258.71076653353
2024-06-08 08:00:00,11415.0,11434.011575460565
2024-06-08 09:00:00,11803.0,11887.596687635845
2024-06-08 10:00:00,12427.0,12408.0808685273
2024-06-08 11:00:00,12681.0,12738.248054461643
2024-06-08 12:00:00,12877.0,12916.34488214024
2024-06-08 13:00:00,13179.0,13131.300098259328
2024-06-08 14:00:00,13595.0,13391.877281623058
2024-06-08 15:00:00,13509.0,13100.636313792083
2024-06-08 16:00:00,13354.0,13081.597279271744
2024-06-08 17:00:00,13241.0,13136.122919221189
2024-06-08 18:00:00,14433.0,13606.569098366483
2024-06-08 18:30:00,15359.0,13654.29533648192
2024-06-08 19:00:00,15414.0,13515.082935534896
2024-06-08 20:00:00,15745.0,13476.417662962136
2024-06-08 21:00:00,15583.0,13233.077962197793
2024-06-08 22:00:00,15586.0,13223.838839786102
2024-06-08 23:00:00,15452.0,13391.687134363274
2024-06-09 00:00:00,15091.0,13072.520702136424
2024-06-09 01:00:00,14478.0,12922.856797561664
2024-06-09 02:00:00,14247.0,12972.126225308946
2024-06-09 03:00:00,13843.0,13115.846153350967
2024-06-09 04:00:00,13543.0,13115.209076005414
2024-06-09 05:00:00,12676.0,12510.325701011221
2024-06-09 06:00:00,12634.0,12689.276135909286
2024-06-09 07:00:00,12608.0,12613.677390615649
2024-06-09 08:00:00,12697.0,12674.328008721093
2024-06-09 09:00:00,13151.0,13050.197852326573
2024-06-09 10:00:00,13226.0,13162.545622333611
2024-06-09 11:00:00,13656.0,13805.322787398862
2024-06-09 12:00:00,13877.0,14089.082130614814
2024-06-09 13:00:00,14077.0,13730.277639785842
2024-06-09 14:00:00,14294.0,13855.07050452481
2024-06-09 15:00:00,14118.0,13663.454037563873
2024-06-09 16:00:00,13612.0,13561.831669515906
2024-06-09 17:00:00,13329.0,13297.51849549354
2024-06-09 18:00:00,14613.0,13477.286940831855
2024-06-09 18:30:00,15208.0,13730.820044950484
2024-06-09 19:00:00,15326.0,13480.820717220202
2024-06-09 20:00:00,15520.0,13726.776809926918
2024-06-09 21:00:00,15499.0,13954.95907497848
2024-06-09 22:00:00,15461.0,13767.641964558656
2024-06-09 23:00:00,15288.0,13501.212212190247
2024-06-10 00:00:00,14912.0,13356.93459288077
2024-06-10 01:00:00,14464.0,13323.1581583167
2024-06-10 02:00:00,13924.0,13182.787645243345
2024-06-10 03:00:00,13381.0,13168.123774132058
2024-06-10 04:00:00,12867.0,12740.031998558929
2024-06-10 05:00:00,11819.0,11843.851474254507
2024-06-10 06:00:00,11387.0,11436.212487208264
2024-06-10 07:00:00,10963.0,10981.834130806788
2024-06-10 08:00:00,11581.0,11616.089971977142
2024-06-10 09:00:00,12311.0,12206.112950492963
2024-06-10 10:00:00,12566.0,12494.317671410894
2024-06-10 11:00:00,13193.0,13134.95122186465
2024-06-10 12:00:00,13250.0,13263.214685532488
2024-06-10 13:00:00,13311.0,13302.45893537884
2024-06-10 14:00:00,13637.0,13729.772119154608
2024-06-10 15:00:00,13807.0,13810.581117408296
2024-06-10 16:00:00,13462.0,13223.7007021515
2024-06-10 17:00:00,13089.0,13105.724701958068
2024-06-10 18:00:00,14426.0,14072.152608356007
2024-06-10 18:30:00,14993.0,14079.869005694092
2024-06-10 19:00:00,14808.0,13761.6564830104
2024-06-10 20:00:00,15257.0,14145.114158962786
2024-06-10 21:00:00,14863.0,13745.696729977706
2024-06-10 22:00:00,15089.0,13831.979231538178
2024-06-10 23:00:00,15000.0,13724.229722557839
2024-06-11 00:00:00,14633.0,13350.632163660908
2024-06-11 01:00:00,14237.0,13360.780191597112
2024-06-11 02:00:00,13980.0,13563.220895759387
2024-06-11 03:00:00,13573.0,13448.669785363489
2024-06-11 04:00:00,13265.0,13011.986185092592
2024-06-11 05:00:00,12517.0,12487.190475616868
2024-06-11 06:00:00,12572.0,12554.484475846608
2024-06-11 07:00:00,12662.0,12572.507780285072
2024-06-11 08:00:00,13111.0,13001.985231813058
2024-06-11 09:00:00,13385.0,12698.10489497886
2024-06-11 10:00:00,13761.0,13727.954868031093
2024-06-11 11:00:00,14167.0,13507.617509767806
2024-06-11 12:00:00,14384.0,13454.762998749853
2024-06-11 13:00:00,14594.0,13578.251755954643
2024-06-11 14:00:00,14648.0,13436.088108417453
2024-06-11 15:00:00,14613.0,13580.122971945575
2024-06-11 16:00:00,14204.0,13354.696250469564
2024-06-11 17:00:00,13763.0,13137.670600811694
2024-06-11 18:00:00,14905.0,13267.363156679161
2024-06-11 18:30:00,15706.0,13454.956991270248
2024-06-11 19:00:00,15653.0,13256.373679403123
2024-06-11 20:00:00,15798.0,13294.946703863048
2024-06-11 21:00:00,15657.0,13135.261320459547
2024-06-11 22:00:00,15543.0,13048.935595085837
2024-06-11 23:00:00,15450.0,13045.232675830104
2024-06-12 00:00:00,14995.0,12812.176529504824
2024-06-12 01:00:00,14776.0,12871.49956716494
2024-06-12 02:00:00,14480.0,12877.433474845175
2024-06-12 03:00:00,14363.0,13089.00276646389
2024-06-12 04:00:00,14067.0,12947.58125086408
2024-06-12 05:00:00,13366.0,13049.487625312395
2024-06-12 06:00:00,13315.0,13383.59335434321
2024-06-12 07:00:00,12936.0,12872.180055475932
2024-06-12 08:00:00,13361.0,13366.442127282173
2024-06-12 09:00:00,13624.0,13714.006970848573
2024-06-12 10:00:00,13647.0,13424.843641266449
2024-06-12 11:00:00,13954.0,13268.59225841907
2024-06-12 12:00:00,14355.0,13365.185520096575
2024-06-12 13:00:00,14228.0,12952.879314005908
2024-06-12 14:00:00,14632.0,13041.566762574992
2024-06-12 15:00:00,14416.0,12860.750782108513
2024-06-12 16:00:00,14233.0,12968.3284498217
2024-06-12 17:00:00,13754.0,13195.566876124283
2024-06-12 18:00:00,15156.0,13534.779692251745
2024-06-12 18:30:00,15552.0,13511.719987111586
2024-06-12 19:00:00,15584.0,13522.960427662245
2024-06-12 20:00:00,15708.0,13291.900152557306
2024-06-12 21:00:00,15666.0,13145.757471425179
2024-06-12 22:00:00,15726.0,13292.26567767461
2024-06-12 23:00:00,15287.0,12898.15263702315
2024-06-13 00:00:00,15064.0,12874.19860269682
2024-06-13 01:00:00,14656.0,12790.367620378915
2024-06-13 02:00:00,14635.0,13332.208095017495
2024-06-13 03:00:00,14040.0,13241.123194106744
2024-06-13 04:00:00,13844.0,13230.853602395122
2024-06-13 05:00:00,13188.0,12901.564059614226
2024-06-13 06:00:00,12798.0,12708.620747515286
2024-06-13 07:00:00,12555.0,12541.61744851285
2024-06-13 08:00:00,12740.0,12666.17568835301
2024-06-13 09:00:00,12976.0,12926.799460641621
2024-06-13 10:00:00,13411.0,13359.45932393761
2024-06-13 11:00:00,13723.0,12935.560689487851
2024-06-13 12:00:00,14012.0,12995.526767328332
2024-06-13 13:00:00,14016.0,12828.89290656069
2024-06-13 14:00:00,13661.0,12505.006018106116
2024-06-13 15:00:00,13442.0,12974.91144950667
2024-06-13 16:00:00,12521.0,12511.758429843854
2024-06-13 17:00:00,11365.0,10843.222596191357
2024-06-13 18:00:00,12776.0,12832.479158212085
2024-06-13 18:30:00,13839.0,13753.392309082974
2024-06-13 19:00:00,13630.0,13808.378325095495
2024-06-13 20:00:00,13978.0,14022.246917748056
2024-06-13 21:00:00,14207.0,13987.346398111587
2024-06-13 22:00:00,14216.0,13881.948457243192
2024-06-13 23:00:00,14114.0,13831.943673956197
2024-06-14 00:00:00,13917.0,13735.77050355322
2024-06-14 01:00:00,13762.0,13756.179086174478
2024-06-14 02:00:00,13225.0,13106.997919855687
2024-06-14 03:00:00,12628.0,12648.857525241321
2024-06-14 04:00:00,12215.0,12287.272403984238
2024-06-14 05:00:00,11243.0,11280.37102924721
2024-06-14 06:00:00,10971.0,11023.555523654633
2024-06-14 07:00:00,10702.0,10768.267189355925
2024-06-14 08:00:00,10682.0,10731.934191452994
2024-06-14 09:00:00,10832.0,10868.388492122316
2024-06-14 10:00:00,11182.0,11211.221857520855
2024-06-14 11:00:00,11929.0,11929.030765674488
2024-06-14 12:00:00,12629.0,12581.422772280783
2024-06-14 13:00:00,12340.0,12372.885319703399
2024-06-14 14:00:00,12671.0,12576.277629694447
2024-06-14 15:00:00,12474.0,12478.75919320806
2024-06-14 16:00:00,11917.0,11910.076717631757
2024-06-14 17:00:00,11620.0,11643.590020098936
2024-06-14 18:00:00,12998.0,12836.79099775673
2024-06-14 18:30:00,14057.0,13972.335195342874
2024-06-14 19:00:00,14259.0,14096.563274142507
2024-06-14 20:00:00,14426.0,13954.832043932309
2024-06-14 21:00:00,14546.0,14071.844295742507
2024-06-14 22:00:00,14747.0,14147.599470995245
2024-06-14 23:00:00,14753.0,14157.125877727773
2024-06-15 00:00:00,14406.0,13928.711019021719
2024-06-15 01:00:00,13821.0,13575.515615973687
2024-06-15 02:00:00,13434.0,13564.332877177225
2024-06-15 03:00:00,13005.0,13033.69194627965
2024-06-15 04:00:00,12490.0,12492.577101281813
2024-06-15 05:00:00,11726.0,11796.038827793875
2024-06-15 06:00:00,11040.0,11102.174191602628
2024-06-15 07:00:00,10854.0,10879.83429690897
2024-06-15 08:00:00,10941.0,10933.66967160039
2024-06-15 09:00:00,11002.0,11026.20159208349
2024-06-15 10:00:00,11345.0,11375.51890908456
2024-06-15 11:00:00,11757.0,11763.27456296281
2024-06-15 12:00:00,12065.0,12072.836924941246
2024-06-15 13:00:00,12367.0,12367.390914189296
2024-06-15 14:00:00,12269.0,12228.737199367933
2024-06-15 15:00:00,11765.0,11794.60868291655
2024-06-15 16:00:00,11435.0,11437.117182763399
2024-06-15 17:00:00,11109.0,11133.006410951277
2024-06-15 18:00:00,12391.0,12415.649746859468
2024-06-15 18:30:00,13369.0,13209.715941211263
2024-06-15 19:00:00,13335.0,13364.347309582687
2024-06-15 20:00:00,13723.0,13945.452779735155
2024-06-15 21:00:00,13734.0,13849.967397736742
2024-06-15 22:00:00,13738.0,13852.398370988138
2024-06-15 23:00:00,13709.0,13821.317316142564
2024-06-16 00:00:00,13545.0,13398.946576334156
2024-06-16 01:00:00,12954.0,12816.057465111331
2024-06-16 02:00:00,12353.0,12404.481466750862
2024-06-16 03:00:00,11867.0,11844.223125940267
2024-06-16 04:00:00,11407.0,11435.868990627903
2024-06-16 05:00:00,10454.0,10447.959145895644
2024-06-16 06:00:00,10020.0,10030.717390035517
2024-06-16 07:00:00,9956.0,9967.373204538764
2024-06-16 08:00:00,9737.0,9767.92139552673
2024-06-16 09:00:00,9748.0,9761.956387526987
2024-06-16 10:00:00,9865.0,9886.915466343882
2024-06-16 11:00:00,10337.0,10364.766438681165
2024-06-16 12:00:00,10926.0,10902.347394991963
2024-06-16 13:00:00,11387.0,11400.51113911329
2024-06-16 14:00:00,11461.0,11499.712043020469
2024-06-16 15:00:00,11043.0,11063.113714718169
2024-06-16 16:00:00,10381.0,10406.311914356378
2024-06-16 17:00:00,10192.0,10234.119440310335
2024-06-16 18:00:00,11957.0,12023.3831604167
2024-06-16 18:30:00,12557.0,12576.674321187102
2024-06-16 19:00:00,12524.0,12481.561609354289
2024-06-16 20:00:00,12872.0,12836.493204627
2024-06-16 21:00:00,12838.0,12880.814176626354
2024-06-16 22:00:00,13032.0,13039.957121127632
2024-06-16 23:00:00,13104.0,13042.776756666286
2024-06-17 00:00:00,12881.0,12874.198257077065
2024-06-17 01:00:00,12389.0,12348.336455626319
2024-06-17 02:00:00,12083.0,12025.877590145554
2024-06-17 03:00:00,11664.0,11667.92390476104
2024-06-17 04:00:00,11539.0,11542.498288259962
2024-06-17 05:00:00,10930.0,10922.015029931343
2024-06-17 06:00:00,10544.0,10565.289617108701
2024-06-17 07:00:00,9617.0,9657.755155123152
2024-06-17 08:00:00,9234.0,9237.922237301458
2024-06-17 09:00:00,8882.0,8870.512417022177
2024-06-17 10:00:00,8919.0,8910.345319426311
2024-06-17 11:00:00,9099.0,9116.446534847637
2024-06-17 12:00:00,9460.0,9465.316832399412
2024-06-17 13:00:00,10082.0,10095.56889433225
2024-06-17 14:00:00,10318.0,10305.842255509091
2024-06-17 15:00:00,10643.0,10667.415065441643
2024-06-17 16:00:00,10617.0,10638.798865039185
2024-06-17 17:00:00,10516.0,10549.133589124494
2024-06-17 18:00:00,11714.0,11744.016753992219
2024-06-17 18:30:00,12732.0,12762.296481624468
2024-06-17 19:00:00,12642.0,12671.170673181832
2024-06-17 20:00:00,12967.0,12952.565177338465
2024-06-17 21:00:00,12953.0,12943.021733409247
2024-06-17 22:00:00,13008.0,12929.050112663941
2024-06-17 23:00:00,13025.0,12985.99938421161
2024-06-18 00:00:00,12671.0,12680.260499228316
2024-06-18 01:00:00,12138.0,12138.950881831624
2024-06-18 02:00:00,11730.0,11794.517432213052
2024-06-18 03:00:00,11473.0,11506.107780448863
2024-06-18 04:00:00,11292.0,11323.527259134393
2024-06-18 05:00:00,10473.0,10570.910715421996
2024-06-18 06:00:00,10065.0,10128.339537719832
2024-06-18 07:00:00,9691.0,9710.772388194151
2024-06-18 08:00:00,9490.0,9511.005510856643
2024-06-18 09:00:00,9066.0,9039.149211230715
2024-06-18 10:00:00,9027.0,9032.86202519729
2024-06-18 11:00:00,9241.0,9247.739535201175
2024-06-18 12:00:00,9679.0,9671.873752102618
2024-06-18 13:00:00,10172.0,10184.28504703101
2024-06-18 14:00:00,10058.0,10066.002437335765
2024-06-18 15:00:00,9930.0,10000.970789424786
2024-06-18 16:00:00,9567.0,9614.89205709178
2024-06-18 17:00:00,9094.0,9133.931488792321
2024-06-18 18:00:00,10493.0,10541.850191272126
2024-06-18 18:30:00,11387.0,11433.774549354779
2024-06-18 19:00:00,11370.0,11401.701196678836
2024-06-18 20:00:00,11633.0,11638.102549427495
2024-06-18 21:00:00,11794.0,11802.425829506437
2024-06-18 22:00:00,11879.0,11907.50119906348
2024-06-18 23:00:00,11819.0,11883.014375349243
2024-06-19 00:00:00,11550.0,11631.938700052799
2024-06-19 01:00:00,10698.0,10900.888054618574
2024-06-19 02:00:00,10742.0,10747.819147164662
2024-06-19 03:00:00,10522.0,10537.766770544442
2024-06-19 04:00:00,10418.0,10450.82480674371
2024-06-19 05:00:00,9487.0,9469.420745152673
2024-06-19 06:00:00,9315.0,9324.848760378107
2024-06-19 07:00:00,9072.0,9063.55639284804
2024-06-19 08:00:00,8846.0,8865.98485651741
2024-06-19 09:00:00,8627.0,8666.647800385179
2024-06-19 10:00:00,8630.0,8679.71563669368
2024-06-19 11:00:00,8773.0,8834.12677466595
2024-06-19 12:00:00,9155.0,9182.656253259685
2024-06-19 13:00:00,9078.0,9093.029033711122
2024-06-19 14:00:00,8771.0,8758.825081104289
2024-06-19 15:00:00,8439.0,8466.580519425997
2024-06-19 16:00:00,8131.0,8104.128745955148
2024-06-19 17:00:00,8058.0,8060.618418991444
2024-06-19 18:00:00,9345.0,9347.876769060676
2024-06-19 18:30:00,10183.0,10192.530298851767
2024-06-19 19:00:00,10159.0,10146.31071569563
2024-06-19 20:00:00,10636.0,10646.202814144415
2024-06-19 21:00:00,10711.0,10700.0051978955
2024-06-19 22:00:00,10814.0,10828.589044274555
2024-06-19 23:00:00,10809.0,10803.508604011311
2024-06-20 00:00:00,10510.0,10517.496024800048
2024-06-20 01:00:00,10172.0,10156.41371813305
2024-06-20 02:00:00,9891.0,9882.28801426465
2024-06-20 03:00:00,9583.0,9581.654504671227
2024-06-20 04:00:00,9237.0,9246.905337287506
2024-06-20 05:00:00,8415.0,8425.792220004538
2024-06-20 06:00:00,8415.0,8399.282392769457
2024-06-20 07:00:00,8396.0,8369.16901500582
2024-06-20 08:00:00,8675.0,8637.030083895543
2024-06-20 09:00:00,8920.0,8917.446224741658
2024-06-20 10:00:00,9029.0,9045.995207681803
2024-06-20 11:00:00,9352.0,9346.474940696577
2024-06-20 12:00:00,9424.0,9414.188640911787
2024-06-20 13:00:00,9406.0,9407.93230176421
2024-06-20 14:00:00,9250.0,9228.19624235493
2024-06-20 15:00:00,8990.0,8982.268348803591
2024-06-20 16:00:00,8634.0,8630.862612664161
2024-06-20 17:00:00,8641.0,8666.504433777129
2024-06-20 18:00:00,9937.0,9971.974154042247
2024-06-20 18:30:00,10534.0,10552.792849071508
2024-06-20 19:00:00,10701.0,10727.859663040796
2024-06-20 20:00:00,10979.0,11011.662622523345
2024-06-20 21:00:00,11140.0,11176.737537782923
2024-06-20 22:00:00,11156.0,11179.119893578863
2024-06-20 23:00:00,11147.0,11180.946901700303
2024-06-21 00:00:00,10906.0,10954.395275228728
2024-06-21 01:00:00,10576.0,10578.26392452021
2024-06-21 02:00:00,10260.0,10263.523502345188
2024-06-21 03:00:00,10030.0,10006.87949354025
2024-06-21 04:00:00,9708.0,9710.617061755489
2024-06-21 05:00:00,8961.0,8929.219736525309
2024-06-21 06:00:00,9110.0,9117.702224870744
2024-06-21 07:00:00,9103.0,9085.17613112338
2024-06-21 08:00:00,9185.0,9185.09606244513
2024-06-21 09:00:00,9313.0,9324.789298572841
2024-06-21 10:00:00,9512.0,9537.765370867774
2024-06-21 11:00:00,10199.0,10185.232164810284
2024-06-21 12:00:00,11150.0,11118.665144255247
2024-06-21 13:00:00,11059.0,11079.088369524212
2024-06-21 14:00:00,10876.0,10856.85326110597
2024-06-21 15:00:00,10543.0,10540.097277838184
2024-06-21 16:00:00,10081.0,10072.090508775846
2024-06-21 17:00:00,9751.0,9774.33851432047
2024-06-21 18:00:00,11074.0,11129.822192436097
2024-06-21 18:30:00,12226.0,12250.61596957935
2024-06-21 19:00:00,12257.0,12195.092013436422
2024-06-21 20:00:00,12708.0,12682.275925655957
2024-06-21 21:00:00,12783.0,12758.775439021898
2024-06-21 22:00:00,12886.0,12787.66675960814
2024-06-21 23:00:00,12834.0,12771.035164445899
2024-06-22 00:00:00,12789.0,12742.68470635198
2024-06-22 01:00:00,12472.0,12489.657853113413
2024-06-22 02:00:00,12318.0,12285.467298878651
2024-06-22 03:00:00,12010.0,11975.046865281729
2024-06-22 04:00:00,11655.0,11657.936843623593
2024-06-22 05:00:00,10620.0,10599.369069843426
2024-06-22 06:00:00,10405.0,10405.869404715351
2024-06-22 07:00:00,10115.0,10095.036203492371
2024-06-22 08:00:00,10243.0,10255.480526037969
2024-06-22 09:00:00,10266.0,10238.399871289123
2024-06-22 10:00:00,10436.0,10451.533775804412
2024-06-22 11:00:00,10825.0,10784.665566971189
2024-06-22 12:00:00,11205.0,11226.299564776165
2024-06-22 13:00:00,11377.0,11399.46174075864
2024-06-22 14:00:00,11752.0,11771.740147156637
2024-06-22 15:00:00,11722.0,11728.483030607578
2024-06-22 16:00:00,11397.0,11402.261404926814
2024-06-22 17:00:00,10809.0,10837.24910837198
2024-06-22 18:00:00,12030.0,11961.91704276509
2024-06-22 18:30:00,13100.0,12926.631679785742
2024-06-22 19:00:00,12738.0,12749.03001899051
2024-06-22 20:00:00,13436.0,13273.793875841498
2024-06-22 21:00:00,13570.0,13662.401766239936
2024-06-22 22:00:00,13818.0,13609.610587782541
2024-06-22 23:00:00,13809.0,13589.980445132862
2024-06-23 00:00:00,13599.0,13575.572557320813
2024-06-23 01:00:00,13270.0,13120.990916307122
2024-06-23 02:00:00,13142.0,12991.447599472513
2024-06-23 03:00:00,12753.0,12712.99559072774
2024-06-23 04:00:00,12581.0,12561.005413938055
2024-06-23 05:00:00,11468.0,11385.122486573271
2024-06-23 06:00:00,11109.0,11108.350426296436
2024-06-23 07:00:00,11393.0,11463.41132293373
2024-06-23 08:00:00,12019.0,12007.11399193831
2024-06-23 09:00:00,12303.0,12228.644462348047
2024-06-23 10:00:00,12441.0,12406.89104771093
2024-06-23 11:00:00,12719.0,12662.276561196451
2024-06-23 12:00:00,13235.0,13209.293677012332
2024-06-23 13:00:00,13542.0,13280.854284067962
2024-06-23 14:00:00,13363.0,13186.525536219906
2024-06-23 15:00:00,13596.0,13730.313405165714
2024-06-23 16:00:00,13077.0,12929.911502418949
2024-06-23 17:00:00,12015.0,12049.74099093841
2024-06-23 18:00:00,13306.0,13197.900222348875
2024-06-23 18:30:00,14045.0,13901.580522337972
2024-06-23 19:00:00,14038.0,13944.762580822455
2024-06-23 20:00:00,14398.0,14017.896282651553
2024-06-23 21:00:00,14344.0,13909.856670080844
2024-06-23 22:00:00,14536.0,13948.372919227168
2024-06-23 23:00:00,14512.0,13950.59801835047
2024-06-24 00:00:00,14254.0,13584.288008164824
2024-06-24 01:00:00,14089.0,13608.79015602101
2024-06-24 02:00:00,13951.0,13734.31749091366
2024-06-24 03:00:00,13820.0,13705.988971193457
2024-06-24 04:00:00,13489.0,13178.460423591132
2024-06-24 05:00:00,12024.0,11986.557657468327
2024-06-24 06:00:00,12081.0,12074.492398149401
2024-06-24 07:00:00,12257.0,12188.48238727955
2024-06-24 08:00:00,12647.0,12622.224813568717
2024-06-24 09:00:00,12945.0,12851.811443896391
2024-06-24 10:00:00,13092.0,12921.349022054248
2024-06-24 11:00:00,13225.0,12965.437258965558
2024-06-24 12:00:00,12775.0,12361.31233439226
2024-06-24 13:00:00,12942.0,12067.271420964038
2024-06-24 14:00:00,12947.0,12466.741479086275
2024-06-24 15:00:00,12860.0,12438.068037403511
2024-06-24 16:00:00,12601.0,12126.996321674927
2024-06-24 17:00:00,12385.0,12187.810892837682
2024-06-24 18:00:00,13479.0,12427.618439011296
2024-06-24 18:30:00,13638.0,12891.713730142203
2024-06-24 19:00:00,13634.0,12881.079095931738
2024-06-24 20:00:00,13771.0,12901.709230804847
2024-06-24 21:00:00,13646.0,12581.148883590058
2024-06-24 22:00:00,13665.0,12571.858123987888
2024-06-24 23:00:00,13612.0,12545.25552795446
2024-06-25 00:00:00,13337.0,12216.469660834528
2024-06-25 01:00:00,12824.0,12477.022303506103
2024-06-25 02:00:00,12842.0,11914.093009150702
2024-06-25 03:00:00,12839.0,11963.818141587803
2024-06-25 04:00:00,12574.0,11675.711402179517
2024-06-25 05:00:00,12257.0,11663.565691141026
2024-06-25 06:00:00,12337.0,11783.275645242516
2024-06-25 07:00:00,12425.0,11700.636243606248
2024-06-25 08:00:00,12450.0,11642.943750754492
2024-06-25 09:00:00,12561.0,11628.895249660822
2024-06-25 10:00:00,12631.0,11524.734748953257
2024-06-25 11:00:00,12757.0,11580.383338993162
2024-06-25 12:00:00,12793.0,11758.605632295035
2024-06-25 13:00:00,13038.0,11860.268662479295
2024-06-25 14:00:00,13326.0,12271.922957418681
2024-06-25 15:00:00,13248.0,12293.611071339503
2024-06-25 16:00:00,12946.0,12318.546768377339
2024-06-25 17:00:00,12550.0,12396.164022514162
2024-06-25 18:00:00,13573.0,12265.089637162835
2024-06-25 18:30:00,13591.0,12711.224064584396
2024-06-25 19:00:00,13614.0,12724.498488760291
2024-06-25 20:00:00,13792.0,12849.273774701425
2024-06-25 21:00:00,13699.0,12555.973369200496
2024-06-25 22:00:00,13452.0,11334.139524150949
2024-06-25 23:00:00,13057.0,11178.34838533369
2024-06-26 00:00:00,12854.0,10993.551044399179
2024-06-26 01:00:00,12697.0,10549.075680256821
2024-06-26 02:00:00,12677.0,10426.974170479714
2024-06-26 03:00:00,12645.0,10373.56129414619
2024-06-26 04:00:00,12568.0,10319.066720441038
2024-06-26 05:00:00,12476.0,11336.095852469603
2024-06-26 06:00:00,12492.0,11563.711566525923
2024-06-26 07:00:00,12535.0,11760.335800003499
2024-06-26 08:00:00,12724.0,11794.501152082805
2024-06-26 09:00:00,12869.0,12129.499718513405
2024-06-26 10:00:00,12742.0,12121.98070957352
2024-06-26 11:00:00,12981.0,12397.998563061472
2024-06-26 12:00:00,13065.0,12523.978019996854
2024-06-26 13:00:00,13059.0,12463.209230333749
2024-06-26 14:00:00,12904.0,12300.074818386625
2024-06-26 15:00:00,12893.0,12455.122405357764
2024-06-26 16:00:00,12721.0,12572.505994994739
2024-06-26 17:00:00,12570.0,12352.321587471615
2024-06-26 18:00:00,13564.0,12296.493152098488
2024-06-26 18:30:00,13818.0,12923.834058774282
2024-06-26 19:00:00,13686.0,12840.537699825421
2024-06-26 20:00:00,13874.0,12996.796623476874
2024-06-26 21:00:00,13860.0,12948.042203477939
2024-06-26 22:00:00,13684.0,12604.990129402495
2024-06-26 23:00:00,13516.0,12359.024683749307
2024-06-27 00:00:00,13026.0,11073.817440813209
2024-06-27 01:00:00,12901.0,12123.197248452785
2024-06-27 02:00:00,12849.0,12235.953308740489
2024-06-27 03:00:00,12758.0,11804.687711378003
2024-06-27 04:00:00,12742.0,11913.434374239223
2024-06-27 05:00:00,12509.0,12009.32089122969
2024-06-27 06:00:00,12328.0,11757.721119969116
2024-06-27 07:00:00,12300.0,12022.556984767032
2024-06-27 08:00:00,12512.0,11822.554348953498
2024-06-27 09:00:00,12678.0,12100.638335878628
2024-06-27 10:00:00,12926.0,12302.338724647763
2024-06-27 11:00:00,13362.0,13186.859800634214
2024-06-27 12:00:00,13254.0,12995.127004693753
2024-06-27 13:00:00,13197.0,12695.207807674155
2024-06-27 14:00:00,13081.0,12447.69821656594
2024-06-27 15:00:00,13136.0,12732.347638821748
2024-06-27 16:00:00,13172.0,13258.620169819369
2024-06-27 17:00:00,12646.0,12715.182070917452
2024-06-27 18:00:00,13700.0,13374.740060165635
2024-06-27 18:30:00,13895.0,13212.06657485428
2024-06-27 19:00:00,13835.0,13253.18032635274
2024-06-27 20:00:00,14215.0,13618.320965660023
2024-06-27 21:00:00,14393.0,13745.16497456354
2024-06-27 22:00:00,14346.0,13481.925362630069
2024-06-27 23:00:00,14027.0,12808.71828695847
2024-06-28 00:00:00,13444.0,12548.249919951135
2024-06-28 01:00:00,13341.0,12624.732939587946
2024-06-28 02:00:00,13281.0,12578.388811673596
2024-06-28 03:00:00,13286.0,12714.566937650996
2024-06-28 04:00:00,13122.0,12922.279814234042
2024-06-28 05:00:00,12279.0,12167.485247648208
2024-06-28 06:00:00,11661.0,11678.81988736561
2024-06-28 07:00:00,11182.0,11126.191965943568
2024-06-28 08:00:00,10954.0,10893.611498933804
2024-06-28 09:00:00,11065.0,11018.561958173059
2024-06-28 10:00:00,11289.0,11214.180358594673
2024-06-28 11:00:00,11737.0,11768.306829678753
2024-06-28 12:00:00,12512.0,12448.915055691625
2024-06-28 13:00:00,12151.0,12134.86196087894
2024-06-28 14:00:00,11682.0,11759.619282405663
2024-06-28 15:00:00,11390.0,11390.51273489289
2024-06-28 16:00:00,10953.0,10996.409520921881
2024-06-28 17:00:00,10612.0,10622.669183412001
2024-06-28 18:00:00,12161.0,12227.664441801653
2024-06-28 18:30:00,13095.0,13044.889274558358
2024-06-28 19:00:00,13049.0,13241.774523047783
2024-06-28 20:00:00,13496.0,13602.779569178398
2024-06-28 21:00:00,13594.0,13684.593772752241
2024-06-28 22:00:00,13489.0,13113.81054946309
2024-06-28 23:00:00,13412.0,12878.195288652545
2024-06-29 00:00:00,13016.0,12556.034767992294
2024-06-29 01:00:00,12861.0,12505.950033223595
2024-06-29 02:00:00,12497.0,12140.785380588213
2024-06-29 03:00:00,12313.0,11866.3330915083
2024-06-29 04:00:00,12290.0,11823.88824240733
2024-06-29 05:00:00,11816.0,11809.327186399954
2024-06-29 06:00:00,11762.0,11740.125321688967
2024-06-29 07:00:00,11627.0,11593.95686672802
2024-06-29 08:00:00,11427.0,11389.347828603619
2024-06-29 09:00:00,10946.0,10929.671278024762
2024-06-29 10:00:00,10792.0,10803.033631247079
2024-06-29 11:00:00,11280.0,11272.641411559409
2024-06-29 12:00:00,11387.0,11389.304391642321
2024-06-29 13:00:00,11443.0,11509.770198453596
2024-06-29 14:00:00,11777.0,11751.082422018542
2024-06-29 15:00:00,11827.0,11827.125715447299
2024-06-29 16:00:00,12004.0,12054.818704588983
2024-06-29 17:00:00,11905.0,11905.425970780505
2024-06-29 18:00:00,13193.0,13109.339775627346
2024-06-29 18:30:00,13677.0,13817.109031407144
2024-06-29 19:00:00,13796.0,13784.602572822709
2024-06-29 20:00:00,13783.0,13294.02648586516
2024-06-29 21:00:00,13740.0,13006.882295759402
2024-06-29 22:00:00,13663.0,12866.058477189756
2024-06-29 23:00:00,13283.0,12535.05760849812
2024-06-30 00:00:00,12775.0,12419.680002446366
2024-06-30 01:00:00,12712.0,12148.698894675925
2024-06-30 02:00:00,12681.0,12156.97282654819
2024-06-30 03:00:00,12540.0,12091.055493039235
2024-06-30 04:00:00,12461.0,12069.907306878657
2024-06-30 05:00:00,11862.0,11794.237048865309
2024-06-30 06:00:00,11601.0,11519.756215734571
2024-06-30 07:00:00,11671.0,11645.212831929644
2024-06-30 08:00:00,11959.0,11915.480904578704
2024-06-30 09:00:00,12378.0,12335.173895925987
2024-06-30 10:00:00,12566.0,12506.419406514595
2024-06-30 11:00:00,12647.0,12406.67773213498
2024-06-30 12:00:00,12566.0,12275.839027629605
2024-06-30 13:00:00,12366.0,12185.511358076279
2024-06-30 14:00:00,12386.0,12208.82749777278
2024-06-30 15:00:00,11932.0,11895.823952895717
2024-06-30 16:00:00,11845.0,11843.05522052708
2024-06-30 17:00:00,11651.0,11670.482255349343
2024-06-30 18:00:00,13056.0,13074.089050148834
2024-06-30 18:30:00,13092.0,12982.82664056166
2024-06-30 19:00:00,13255.0,13249.590585415794
2024-06-30 20:00:00,13493.0,13439.9560607502
2024-06-30 21:00:00,12925.0,12859.308200292677
2024-06-30 22:00:00,12393.0,12406.081527179927
2024-06-30 23:00:00,12641.0,12648.369990499034
2024-07-01 00:00:00,12443.0,12202.183148628645
2024-07-01 01:00:00,12241.0,11938.25771267175
2024-07-01 02:00:00,12211.0,12109.553696448493
2024-07-01 03:00:00,11815.0,11825.343086469398
2024-07-01 04:00:00,11669.0,11660.466715718498
2024-07-01 05:00:00,11049.0,11034.244111987442
2024-07-01 06:00:00,11093.0,11067.556791832814
2024-07-01 07:00:00,11273.0,11271.93753273789
2024-07-01 08:00:00,11627.0,11603.670864483258
2024-07-01 09:00:00,11927.0,11857.313721743536
2024-07-01 10:00:00,12422.0,12296.514704292606
2024-07-01 11:00:00,12784.0,12648.835635578343
2024-07-01 12:00:00,12965.0,12797.053341064311
2024-07-01 13:00:00,12594.0,12545.73561906925
2024-07-01 14:00:00,12702.0,12694.765034581515
2024-07-01 15:00:00,12510.0,12418.634056781115
2024-07-01 16:00:00,11829.0,11793.309450560602
2024-07-01 17:00:00,11926.0,11926.761955233493
2024-07-01 18:00:00,13233.0,13153.645932301772
2024-07-01 18:30:00,13943.0,13858.345383890097
2024-07-01 19:00:00,14004.0,13948.486677331683
2024-07-01 20:00:00,13963.0,13820.268230972062
2024-07-01 21:00:00,13918.0,13673.796703893593
2024-07-01 22:00:00,13734.0,13700.406183537627
2024-07-01 23:00:00,13521.0,13556.512632153714
2024-07-02 00:00:00,12967.0,12740.823342132579
2024-07-02 01:00:00,12568.0,12456.40719731578
2024-07-02 02:00:00,12016.0,11960.413274166394
2024-07-02 03:00:00,11822.0,11820.083306594039
2024-07-02 04:00:00,11634.0,11675.018566517736
2024-07-02 05:00:00,11258.0,11271.961182857889
2024-07-02 06:00:00,11122.0,11128.070398667502
2024-07-02 07:00:00,11107.0,11096.80424849787
2024-07-02 08:00:00,11554.0,11549.542817345417
2024-07-02 09:00:00,11911.0,11858.108478005983
2024-07-02 10:00:00,12313.0,12182.870719845312
2024-07-02 11:00:00,12548.0,12388.603729197814
2024-07-02 12:00:00,12597.0,12401.433033039912
2024-07-02 13:00:00,12347.0,12240.334561454922
2024-07-02 14:00:00,12111.0,12039.577604461232
2024-07-02 15:00:00,11831.0,11782.920604906423
2024-07-02 16:00:00,11784.0,11797.665389581445
2024-07-02 17:00:00,11871.0,11833.620780472667
2024-07-02 18:00:00,12588.0,12494.1805041826
2024-07-02 18:30:00,13704.0,13454.846553479154
2024-07-02 19:00:00,13531.0,13552.491335869956
2024-07-02 20:00:00,13729.0,13718.422098228264
2024-07-02 21:00:00,13612.0,13597.279955197877
2024-07-02 22:00:00,13407.0,13145.221382994732
2024-07-02 23:00:00,13094.0,12832.642959059518
2024-07-03 00:00:00,12832.0,12688.223123702768
2024-07-03 01:00:00,12337.0,12354.831403134573
2024-07-03 02:00:00,12016.0,12001.695579113713
2024-07-03 03:00:00,11614.0,11633.484054420567
2024-07-03 04:00:00,11454.0,11469.317981451548
2024-07-03 05:00:00,11080.0,12799.263107210336
2024-07-03 06:00:00,11125.0,11176.373986948469
2024-07-03 07:00:00,11281.0,11305.852020912173
2024-07-03 08:00:00,11343.0,11375.047784109707
2024-07-03 09:00:00,11767.0,11774.554500740089
2024-07-03 10:00:00,12153.0,12095.997609803768
2024-07-03 11:00:00,12359.0,12345.033430370559
2024-07-03 12:00:00,12736.0,12644.578324789796
2024-07-03 13:00:00,12721.0,12685.366236065032
2024-07-03 14:00:00,12976.0,12781.647180382726
2024-07-03 15:00:00,12607.0,12511.098656931696
2024-07-03 16:00:00,12329.0,12358.466155171938
2024-07-03 17:00:00,11937.0,11941.218694275416
2024-07-03 18:00:00,13205.0,13089.604235568999
2024-07-03 18:30:00,14132.0,13854.467871508226
2024-07-03 19:00:00,13929.0,13629.227451020633
2024-07-03 20:00:00,14126.0,13736.904366408955
2024-07-03 21:00:00,14034.0,13629.58525507137
2024-07-03 22:00:00,13934.0,13367.134315094692
2024-07-03 23:00:00,13723.0,13314.063364084996
2024-07-04 00:00:00,13256.0,12827.736511631705
2024-07-04 01:00:00,12906.0,12616.638143032991
2024-07-04 02:00:00,12394.0,12467.341381188007
2024-07-04 03:00:00,12046.0,12046.524352621187
2024-07-04 04:00:00,11894.0,11872.857158548975
2024-07-04 05:00:00,11302.0,11283.14174543422
2024-07-04 06:00:00,11332.0,11279.626144154197
2024-07-04 07:00:00,11353.0,11270.859801767618
2024-07-04 08:00:00,11623.0,11669.847420681008
2024-07-04 09:00:00,12097.0,12031.171493877297
2024-07-04 10:00:00,12405.0,8846.172900837557
2024-07-04 11:00:00,12826.0,12690.040488232551
2024-07-04 12:00:00,12792.0,12683.0553978971
2024-07-04 13:00:00,12717.0,12677.657131354055
2024-07-04 14:00:00,12510.0,12510.964630724702
2024-07-04 15:00:00,12418.0,12342.238694371455
2024-07-04 16:00:00,12106.0,12098.017250629771
2024-07-04 17:00:00,11971.0,11922.750295062677
2024-07-04 18:00:00,12869.0,12802.423496369904
2024-07-04 18:30:00,13966.0,13769.593447685404
2024-07-04 19:00:00,14036.0,13973.93737720651
2024-07-04 20:00:00,14123.0,13883.27901731454
2024-07-04 21:00:00,14009.0,13762.663759449544
2024-07-04 22:00:00,13857.0,13696.854270133008
2024-07-04 23:00:00,13636.0,13484.973291470606
2024-07-05 00:00:00,13056.0,12933.028476642501
2024-07-05 01:00:00,12644.0,12507.375706110937
2024-07-05 02:00:00,12482.0,12478.59981111904
2024-07-05 03:00:00,12124.0,12069.159337789042
2024-07-05 04:00:00,12013.0,11962.411830763476
2024-07-05 05:00:00,11379.0,11331.785506902783
2024-07-05 06:00:00,10932.0,10908.733289285965
2024-07-05 07:00:00,10790.0,10740.887460549056
2024-07-05 08:00:00,10655.0,10665.41523069435
2024-07-05 09:00:00,10528.0,10525.884839085433
2024-07-05 10:00:00,10603.0,10631.97501356996
2024-07-05 11:00:00,11167.0,11177.14517694543
2024-07-05 12:00:00,11731.0,11741.513379876398
2024-07-05 13:00:00,11135.0,11192.08172841235
2024-07-05 14:00:00,11227.0,11243.118528092557
2024-07-05 15:00:00,10797.0,10817.630104813228
2024-07-05 16:00:00,10646.0,10686.837849244686
2024-07-05 17:00:00,10321.0,10344.590587259787
2024-07-05 18:00:00,11579.0,11610.477657810703
2024-07-05 19:00:00,13207.0,12943.319355918953
2024-07-05 20:00:00,13229.0,13295.649346167855
2024-07-05 21:00:00,12974.0,12859.131665567727
2024-07-05 22:00:00,13028.0,12991.870527394858
2024-07-05 23:00:00,13096.0,12974.693509941142
2024-07-06 00:00:00,12646.0,12599.116657898929
2024-07-06 01:00:00,12404.0,12397.76130565673
2024-07-06 02:00:00,11979.0,11937.321487432679
2024-07-06 03:00:00,11661.0,11645.73548714751
2024-07-06 04:00:00,11270.0,11269.643322154288
2024-07-06 05:00:00,10963.0,10979.708870506021
2024-07-06 05:00:00,11993.0,11974.677376756514
2024-07-06 06:00:00,10978.0,10919.805730909673
2024-07-06 07:00:00,11185.0,11176.718323478124
2024-07-06 08:00:00,11735.0,11791.881533195507
2024-07-06 09:00:00,11947.0,11937.239858857358
2024-07-06 10:00:00,12071.0,12050.223475906523
2024-07-06 11:00:00,12608.0,12635.882424965033
2024-07-06 12:00:00,12394.0,12402.523746102224
2024-07-06 13:00:00,12778.0,12698.594490701413
2024-07-06 14:00:00,12955.0,12779.375564717273
2024-07-06 15:00:00,12819.0,12727.899492591203
2024-07-06 16:00:00,12407.0,12363.424189988655
2024-07-06 17:00:00,12001.0,11983.701404967314
2024-07-06 18:00:00,13331.0,13086.632671175981
2024-07-06 18:30:00,14520.0,13958.262583499887
2024-07-06 19:00:00,14500.0,13874.900582178334
2024-07-06 20:00:00,14521.0,13881.083033493911
2024-07-06 21:00:00,14551.0,14011.071574417698
2024-07-06 22:00:00,14322.0,13709.087679353364
2024-07-06 23:00:00,14341.0,13644.419515949856
2024-07-07 00:00:00,13797.0,13215.815389059826
2024-07-07 01:00:00,13523.0,13220.467128417378
2024-07-07 02:00:00,13030.0,12758.658302938862
2024-07-07 03:00:00,12675.0,12575.870341628579
2024-07-07 04:00:00,12430.0,12364.448010098291
2024-07-07 06:00:00,12068.0,12013.404296595274
2024-07-07 07:00:00,12201.0,12146.957500830367
2024-07-07 08:00:00,12460.0,12371.825529310552
2024-07-07 09:00:00,12807.0,12672.206545705576
2024-07-07 10:00:00,13148.0,12963.97819899423
2024-07-07 11:00:00,13535.0,13281.418702277755
2024-07-07 12:00:00,13648.0,13602.833712566427
2024-07-07 13:00:00,13666.0,13580.930186561618
2024-07-07 14:00:00,12876.0,12613.281648353353
2024-07-07 15:00:00,13437.0,13331.993414983472
2024-07-07 16:00:00,13289.0,13057.007682682959
2024-07-07 17:00:00,12666.0,12566.509357263994
2024-07-07 18:00:00,13688.0,13273.904285322225
2024-07-07 18:30:00,14764.0,13692.559600287896
2024-07-07 19:00:00,14876.0,13671.369076575837
2024-07-07 20:00:00,15064.0,13766.621970329394
2024-07-07 21:00:00,14971.0,13678.65089409678
2024-07-07 22:00:00,14878.0,13524.016564500305
2024-07-07 23:00:00,14546.0,12851.077383228958
2024-07-08 00:00:00,14215.0,12752.712471820285
2024-07-08 01:00:00,13991.0,13267.710399870408
2024-07-08 02:00:00,13679.0,13156.902497555253
2024-07-08 03:00:00,13427.0,13123.928529153418
2024-07-08 04:00:00,13355.0,13258.228068374443
2024-07-08 05:00:00,12639.0,12508.46135210718
2024-07-08 06:00:00,12632.0,12563.231687332496
2024-07-08 07:00:00,12560.0,12561.626085207101
2024-07-08 08:00:00,12655.0,12590.99328861305
2024-07-08 09:00:00,13099.0,13018.506419808551
2024-07-08 10:00:00,13249.0,13191.490976889516
2024-07-08 11:00:00,13459.0,13503.326795087933
2024-07-08 12:00:00,13517.0,13260.22928987219
2024-07-08 13:00:00,13669.0,13043.835082822221
2024-07-08 14:00:00,13453.0,12744.932973195748
2024-07-08 15:00:00,13454.0,12784.72961753931
2024-07-08 16:00:00,13029.0,12674.555776158737
2024-07-08 17:00:00,12722.0,12644.31753203224
2024-07-08 18:00:00,13923.0,13364.56339527025
2024-07-08 18:30:00,14524.0,13081.681131944744
2024-07-08 19:00:00,14629.0,13035.096474690581
2024-07-08 20:00:00,14895.0,13490.87718833652
2024-07-08 21:00:00,14863.0,13085.525882028136
2024-07-08 22:00:00,14487.0,12788.091919477221
2024-07-08 23:00:00,14166.0,12654.895371348794
2024-07-09 00:00:00,13886.0,12660.857947854016
2024-07-09 01:00:00,13826.0,12820.58049410736
2024-07-09 02:00:00,13676.0,13070.643906519794
2024-07-09 03:00:00,13444.0,13114.487039238067
2024-07-09 04:00:00,13197.0,13124.61009806104
2024-07-09 05:00:00,12753.0,12545.816257668223
2024-07-09 06:00:00,12568.0,12534.007068667377
2024-07-09 07:00:00,12564.0,12454.045306305889
2024-07-09 08:00:00,12722.0,12664.938005667502
2024-07-09 09:00:00,13161.0,12993.824999535236
2024-07-09 10:00:00,13333.0,13084.657453863452
2024-07-09 11:00:00,13415.0,12814.468569938515
2024-07-09 12:00:00,13559.0,12704.846914647182
2024-07-09 13:00:00,13301.0,12626.247328923158
2024-07-09 14:00:00,13288.0,12594.747028346716
2024-07-09 15:00:00,13514.0,12687.689279268952
2024-07-09 16:00:00,13377.0,13227.905996116937
2024-07-09 17:00:00,12992.0,13119.32760704736
2024-07-09 18:00:00,14031.0,13872.590398214088
2024-07-09 18:30:00,14804.0,13513.482827951728
2024-07-09 19:00:00,14777.0,13574.843356674846
2024-07-09 20:00:00,15047.0,13730.36424280614
2024-07-09 21:00:00,14909.0,13613.930239904716
2024-07-09 22:00:00,14446.0,12915.687834820374
2024-07-09 23:00:00,14234.0,12876.75318645019
2024-07-10 00:00:00,13707.0,12578.261507563391
2024-07-10 01:00:00,13461.0,12583.15864794562
2024-07-10 02:00:00,13481.0,12755.21946133781
2024-07-10 03:00:00,13347.0,12594.25027860731
2024-07-10 04:00:00,13127.0,12612.77921779976
2024-07-10 05:00:00,12746.0,12532.1502128875
2024-07-10 06:00:00,12798.0,12581.649940741985
2024-07-10 07:00:00,12664.0,12421.682310781951
2024-07-10 08:00:00,12361.0,11995.933182440436
2024-07-10 09:00:00,10641.0,10686.307685500313
2024-07-10 09:00:00,12506.0,11965.085220062725
2024-07-10 10:00:00,12618.0,11895.889763993393
2024-07-10 11:00:00,12130.0,11702.341259046954
2024-07-10 12:00:00,12217.0,11422.834995262609
2024-07-10 13:00:00,11875.0,11021.65821407998
2024-07-10 14:00:00,12134.0,10907.441969550995
2024-07-10 15:00:00,12392.0,11442.552605072395
2024-07-10 16:00:00,12449.0,11935.847585600106
2024-07-10 17:00:00,12407.0,12102.067339739226
2024-07-10 18:00:00,13325.0,12357.321508934203
2024-07-10 18:30:00,13844.0,12716.894641286428
2024-07-10 19:00:00,13607.0,12620.787362120278
2024-07-10 20:00:00,14096.0,12755.525276167966
2024-07-10 21:00:00,14078.0,12717.902597228804
2024-07-10 22:00:00,13787.0,12508.399260442973
2024-07-10 23:00:00,13654.0,12507.455104055385
2024-07-11 00:00:00,13077.0,12103.53230296779
2024-07-11 01:00:00,13029.0,11975.24906159372
2024-07-11 02:00:00,12951.0,12224.55137968949
2024-07-11 03:00:00,12941.0,12332.824507159254
2024-07-11 04:00:00,12821.0,12343.250263466645
2024-07-11 05:00:00,12563.0,12095.13660317757
2024-07-11 06:00:00,12425.0,11922.94313362082
2024-07-11 07:00:00,12389.0,11779.464046648516
2024-07-11 08:00:00,12312.0,11740.284734439627
2024-07-11 09:00:00,12402.0,11754.306520017954
2024-07-11 10:00:00,12638.0,11656.636015240747
2024-07-11 11:00:00,12870.0,11473.665138769544
2024-07-11 12:00:00,12888.0,11615.290534056156
2024-07-11 13:00:00,12766.0,11403.732336629071
2024-07-11 14:00:00,12833.0,11662.053011054059
2024-07-11 15:00:00,12712.0,11911.829389087668
2024-07-11 16:00:00,12510.0,12078.903239690244
2024-07-11 17:00:00,12028.0,11851.811049394824
2024-07-11 18:00:00,12953.0,12523.447619064265
2024-07-11 18:30:00,13767.0,13305.228584782973
2024-07-11 19:00:00,13689.0,13256.097753789949
2024-07-11 20:00:00,13911.0,13519.531686099634
2024-07-11 21:00:00,13491.0,13144.25444223807
2024-07-11 22:00:00,13458.0,12944.212981823935
2024-07-11 23:00:00,13354.0,12905.17948903606
2024-07-12 00:00:00,13175.0,12748.928207050521
2024-07-12 01:00:00,12811.0,12315.53584633356
2024-07-12 02:00:00,12569.0,12241.341244905403
2024-07-12 03:00:00,12424.0,12118.73987100315
2024-07-12 04:00:00,12232.0,12109.156532039115
2024-07-12 05:00:00,11346.0,11272.658593094764
2024-07-12 06:00:00,11080.0,11080.884135645336
2024-07-12 07:00:00,10824.0,10833.665166973411
2024-07-12 08:00:00,10668.0,10727.0350012664
2024-07-12 10:00:00,10828.0,10851.771412412512
2024-07-12 11:00:00,11263.0,11279.562405111326
2024-07-12 12:00:00,11751.0,11759.796788017298
2024-07-12 13:00:00,11517.0,11460.700846133203
2024-07-12 14:00:00,11443.0,11343.436731964595
2024-07-12 15:00:00,11221.0,11234.332092041202
2024-07-12 16:00:00,11040.0,11065.012289103703
2024-07-12 17:00:00,10818.0,10808.95960364055
2024-07-12 18:00:00,11922.0,11883.957383171968
2024-07-12 18:30:00,13259.0,13057.162823559927
2024-07-12 19:00:00,13329.0,13264.985758733086
2024-07-12 20:00:00,13587.0,13704.173434852175
2024-07-12 21:00:00,13627.0,13713.750316015345
2024-07-12 22:00:00,13801.0,13737.351728267333
2024-07-12 23:00:00,13612.0,13577.553767339832
2024-07-13 00:00:00,13057.0,12985.875150415233
2024-07-13 01:00:00,12653.0,12541.997749867569
2024-07-13 02:00:00,12322.0,12338.45666297681
2024-07-13 03:00:00,12164.0,12078.9709627547
2024-07-13 04:00:00,11984.0,11932.799885125183
2024-07-13 05:00:00,11430.0,11444.978549760583
2024-07-13 06:00:00,11407.0,11363.883982859124
2024-07-13 07:00:00,11497.0,11452.704817662898
2024-07-13 08:00:00,11898.0,11930.293767130617
2024-07-13 09:00:00,12181.0,12180.326874806393
2024-07-13 10:00:00,12350.0,12317.40831999856
2024-07-13 11:00:00,12802.0,12669.03571990167
2024-07-13 12:00:00,13306.0,12932.283223811859
2024-07-13 13:00:00,13352.0,13012.435962620993
2024-07-13 14:00:00,13498.0,13436.804049965422
2024-07-13 15:00:00,13381.0,13383.737001390013
2024-07-13 16:00:00,13148.0,12962.887193268489
2024-07-13 17:00:00,12666.0,12586.914811825109
2024-07-13 18:00:00,13645.0,13471.922392968805
2024-07-13 18:30:00,14567.0,13545.960729246723
2024-07-13 19:00:00,14607.0,13538.12711370848
2024-07-13 20:00:00,14973.0,13804.031219980741
2024-07-13 21:00:00,14580.0,13051.306587652058
2024-07-13 22:00:00,14556.0,12928.636464175788
2024-07-13 23:00:00,14250.0,12632.909125898972
2024-07-14 00:00:00,13970.0,12707.653962018521
2024-07-14 01:00:00,14047.0,13094.091135879584
2024-07-14 02:00:00,13649.0,12910.586073660115
2024-07-14 03:00:00,13309.0,12903.105955861689
2024-07-14 04:00:00,13227.0,12907.585576471107
2024-07-14 05:00:00,12847.0,12550.430487494734
2024-07-14 06:00:00,12596.0,12523.777722456503
2024-07-14 07:00:00,12389.0,12390.542052931873
2024-07-14 08:00:00,12574.0,12476.291766971375
2024-07-14 09:00:00,12903.0,12674.73820340224
2024-07-14 10:00:00,13235.0,13144.1103558643
2024-07-14 11:00:00,13745.0,13280.817931150019
2024-07-14 12:00:00,13816.0,13284.059508621853
2024-07-14 13:00:00,13867.0,13341.997070068877
2024-07-14 14:00:00,14039.0,13295.594300841321
2024-07-14 15:00:00,13794.0,12764.879168982141
2024-07-14 16:00:00,13583.0,13236.135657661347
2024-07-14 17:00:00,13037.0,12896.625583871517
2024-07-14 18:00:00,14043.0,13488.276418805804
2024-07-14 18:30:00,14945.0,13269.560275416681
2024-07-14 19:00:00,14912.0,13180.264037817262
2024-07-14 20:00:00,15172.0,13596.889903943662
2024-07-14 21:00:00,15080.0,13445.905738219226
2024-07-14 22:00:00,14774.0,12941.348772877398
2024-07-14 23:00:00,14555.0,12861.105212189403
2024-07-15 00:00:00,14174.0,12610.559989191117
2024-07-15 01:00:00,14176.0,12866.04734798334
2024-07-15 02:00:00,13878.0,12696.035738766623
2024-07-15 03:00:00,13792.0,13037.820105657336
2024-07-15 04:00:00,13633.0,12995.868119900395
2024-07-15 05:00:00,13099.0,12778.36177082612
2024-07-15 06:00:00,12826.0,12479.096240943398
2024-07-15 07:00:00,12819.0,12566.655606599552
2024-07-15 08:00:00,12990.0,12583.952684365971
2024-07-15 09:00:00,13113.0,12623.904985099878
2024-07-15 10:00:00,13312.0,13060.718666475352
2024-07-15 11:00:00,13510.0,12814.06180448418
2024-07-15 12:00:00,13486.0,12622.239652398384
2024-07-15 13:00:00,13457.0,12615.317493230197
2024-07-15 14:00:00,13408.0,12584.362402235154
2024-07-15 15:00:00,13511.0,12655.905563557142
2024-07-15 16:00:00,13373.0,12790.503398268096
2024-07-15 17:00:00,12912.0,12843.806157134477
2024-07-15 18:00:00,14000.0,13369.532423467415
2024-07-15 18:30:00,14784.0,13188.211894332842
2024-07-15 19:00:00,14916.0,13149.464702816456
2024-07-15 20:00:00,15062.0,13226.084897712635
2024-07-15 21:00:00,14979.0,13199.374294564657
2024-07-15 22:00:00,14801.0,12847.788380424796
2024-07-15 23:00:00,14515.0,12737.534229825482
2024-07-16 00:00:00,14189.0,12570.844823955616
2024-07-16 01:00:00,14027.0,12677.465613893164
2024-07-16 02:00:00,13929.0,12816.353465593658
2024-07-16 03:00:00,13819.0,12809.462522487875
2024-07-16 04:00:00,13685.0,12767.120838673924
2024-07-16 05:00:00,12993.0,12852.712935266909
2024-07-16 06:00:00,12838.0,12743.61414714149
2024-07-16 07:00:00,12812.0,12716.997375930905
2024-07-16 08:00:00,12957.0,12788.300554356805
2024-07-16 09:00:00,13245.0,13291.185297611702
2024-07-16 10:00:00,13322.0,13181.88969276272
2024-07-16 11:00:00,13557.0,13246.640925051284
2024-07-16 12:00:00,13508.0,12944.554339188358
2024-07-16 13:00:00,13499.0,12717.96388899446
2024-07-16 14:00:00,13311.0,12542.17399982448
2024-07-16 15:00:00,13372.0,12642.965714331902
2024-07-16 16:00:00,13295.0,12705.917526571939
2024-07-16 17:00:00,12785.0,12734.137095404745
2024-07-16 18:00:00,13986.0,12807.867207664505
2024-07-16 18:30:00,14631.0,13055.646182686347
2024-07-16 19:00:00,14794.0,13036.999654162224
2024-07-16 20:00:00,15074.0,13163.970745670624
2024-07-16 21:00:00,15110.0,13121.844772019398
2024-07-16 22:00:00,14765.0,12837.641533991027
2024-07-16 23:00:00,14136.0,12510.764670257528
2024-07-17 00:00:00,13838.0,12497.85468378273
2024-07-17 01:00:00,13669.0,12553.90901821826
2024-07-17 02:00:00,13517.0,12445.023347081056
2024-07-17 03:00:00,13513.0,12692.278402557095
2024-07-17 04:00:00,13521.0,12592.917765159871
2024-07-17 05:00:00,12850.0,12536.796220369262
2024-07-17 06:00:00,12818.0,12292.034157127608
2024-07-17 07:00:00,12724.0,12639.557810953502
2024-07-17 08:00:00,12472.0,12309.2367358124
2024-07-17 09:00:00,12814.0,12602.515197869667
2024-07-17 10:00:00,12786.0,12590.581325975982
2024-07-17 11:00:00,13196.0,13000.520603434868
2024-07-17 12:00:00,13337.0,12883.11755120134
2024-07-17 13:00:00,13384.0,12801.729276032427
2024-07-17 14:00:00,13349.0,12571.19514125058
2024-07-17 15:00:00,13294.0,12795.271587939722
2024-07-17 16:00:00,13198.0,12864.432773938343
2024-07-17 17:00:00,12930.0,12788.04745405408
2024-07-17 18:00:00,14018.0,12958.46543541984
2024-07-17 18:30:00,14788.0,13447.915981228964
2024-07-17 19:00:00,14724.0,13084.397712656606
2024-07-17 20:00:00,15146.0,13222.79468647815
2024-07-17 21:00:00,15030.0,13114.133519091934
2024-07-17 22:00:00,14779.0,12875.003596997034
2024-07-17 23:00:00,14307.0,12576.358136473324
2024-07-18 00:00:00,13988.0,12681.540383780572
2024-07-18 01:00:00,13844.0,12739.8311517235
2024-07-18 02:00:00,13719.0,12795.568409906557
2024-07-18 03:00:00,13569.0,12606.015158698032
2024-07-18 04:00:00,13544.0,12597.712060176158
2024-07-18 05:00:00,13101.0,12526.000053680202
2024-07-18 06:00:00,13078.0,12823.637601966782
2024-07-18 07:00:00,13106.0,12758.070705498816
2024-07-18 08:00:00,13353.0,12742.275433147324
2024-07-18 09:00:00,13199.0,12564.262602701861
2024-07-18 10:00:00,13404.0,12650.954160524647
2024-07-18 11:00:00,13359.0,12545.67183733469
2024-07-18 12:00:00,13621.0,12613.863096677935
2024-07-18 13:00:00,13794.0,12639.64681450706
2024-07-18 14:00:00,13910.0,12508.45681219655
2024-07-18 15:00:00,13825.0,12695.957228168107
2024-07-18 16:00:00,13769.0,12708.466504185137
2024-07-18 17:00:00,13199.0,12714.041524390686
2024-07-18 18:00:00,14130.0,12885.162045268358
2024-07-18 18:30:00,14873.0,13077.589972509079
2024-07-18 19:00:00,14878.0,13004.699405400333
2024-07-18 20:00:00,15219.0,13227.006001233145
2024-07-18 21:00:00,14949.0,13007.42400056067
2024-07-18 22:00:00,14798.0,13023.023233043894
2024-07-18 23:00:00,14484.0,12869.345288133782
2024-07-19 00:00:00,14071.0,12690.539260319756
2024-07-19 01:00:00,13926.0,12793.910532507807
2024-07-19 02:00:00,13782.0,12670.75612323623
2024-07-19 03:00:00,13660.0,12586.622456284744
2024-07-19 04:00:00,13605.0,12707.23211332302
2024-07-19 05:00:00,12953.0,12584.41733415475
2024-07-19 06:00:00,12753.0,12602.128769585568
2024-07-19 07:00:00,12496.0,12221.733014628311
2024-07-19 08:00:00,12065.0,12104.716547822858
2024-07-19 09:00:00,12043.0,12074.924490145811
2024-07-19 10:00:00,11862.0,11807.94740748685
2024-07-19 11:00:00,12362.0,12481.683688080157
2024-07-19 12:00:00,12889.0,12739.895521153898
2024-07-19 13:00:00,12584.0,12430.02577203974
2024-07-19 14:00:00,12798.0,12741.745221345102
2024-07-19 15:00:00,12726.0,12744.642421880268
2024-07-19 16:00:00,11895.0,12020.930150069511
2024-07-19 17:00:00,11350.0,11412.052368724682
2024-07-19 18:00:00,12581.0,12742.32706127627
2024-07-19 18:30:00,13584.0,13241.748716407248
2024-07-19 19:00:00,13635.0,13576.665489984865
2024-07-19 20:00:00,14043.0,13487.717474206018
2024-07-19 21:00:00,14061.0,13223.013456500972
2024-07-19 22:00:00,14093.0,13273.920081740476
2024-07-19 23:00:00,14154.0,13347.03246368271
2024-07-20 00:00:00,13835.0,12908.741609247838
2024-07-20 01:00:00,13477.0,13021.529644958056
2024-07-20 02:00:00,13170.0,12895.212877033036
2024-07-20 03:00:00,12978.0,12705.992683679156
2024-07-20 04:00:00,12798.0,12605.640784446932
2024-07-20 05:00:00,12246.0,12207.527114144035
2024-07-20 06:00:00,12053.0,11958.294191601013
2024-07-20 07:00:00,11745.0,11706.727354245391
2024-07-20 08:00:00,11627.0,11651.89964502082
2024-07-20 09:00:00,11662.0,11662.558183443725
2024-07-20 10:00:00,11482.0,11507.102314455176
2024-07-20 11:00:00,12120.0,12067.6642752943
2024-07-20 12:00:00,12374.0,12313.574311423317
2024-07-20 13:00:00,12489.0,12459.54498200705
2024-07-20 14:00:00,12489.0,12511.312375507676
2024-07-20 15:00:00,12309.0,12279.61409513168
2024-07-20 16:00:00,11751.0,11771.522575851983
2024-07-20 17:00:00,11191.0,11209.388248978958
2024-07-20 18:00:00,12510.0,12511.124233577639
2024-07-20 18:30:00,13531.0,13484.990688948597
2024-07-20 19:00:00,13332.0,13176.093785914485
2024-07-20 20:00:00,13649.0,13805.192875913948
2024-07-20 21:00:00,13764.0,13875.384427394103
2024-07-20 22:00:00,13839.0,13762.102065817473
2024-07-20 23:00:00,13839.0,13787.08390453393
2024-07-21 00:00:00,13365.0,13640.811686837762
2024-07-21 01:00:00,13142.0,13093.614007077102
2024-07-21 02:00:00,12905.0,12842.849516398825
2024-07-21 03:00:00,12737.0,12637.619119444289
2024-07-21 04:00:00,12565.0,12643.760773727996
2024-07-21 05:00:00,11750.0,11748.601815156975
2024-07-21 06:00:00,11559.0,11548.261083930242
2024-07-21 07:00:00,11278.0,11265.584125189289
2024-07-21 08:00:00,11013.0,11037.689040635993
2024-07-21 09:00:00,10940.0,10916.244335335281
2024-07-21 10:00:00,10823.0,10824.275981111052
2024-07-21 11:00:00,11156.0,11175.611918352462
2024-07-21 12:00:00,11568.0,11535.627942107574
2024-07-21 13:00:00,11802.0,11824.694028687307
2024-07-21 14:00:00,11743.0,11780.655989761864
2024-07-21 15:00:00,11453.0,11504.389600590903
2024-07-21 16:00:00,10746.0,10803.058048432107
2024-07-21 17:00:00,10308.0,10361.33188373922
2024-07-21 18:00:00,11519.0,11572.18384212871
2024-07-21 18:30:00,12687.0,12733.482426394876
2024-07-21 19:00:00,12890.0,12830.51226836897
2024-07-21 20:00:00,13402.0,13239.832465857764
2024-07-21 21:00:00,13510.0,13409.575945559347
2024-07-21 22:00:00,13608.0,13827.809071911177
2024-07-21 23:00:00,13641.0,13778.239794771764
2024-07-22 00:00:00,13146.0,13201.92644063392
2024-07-22 01:00:00,12784.0,12820.659975471039
2024-07-22 02:00:00,12499.0,12538.318104488719
2024-07-22 03:00:00,12248.0,12265.102982906192
2024-07-22 04:00:00,12054.0,12079.005607191039
2024-07-22 05:00:00,11419.0,11396.274320275137
2024-07-22 06:00:00,10920.0,10917.140185539809
2024-07-22 07:00:00,10631.0,10652.592916479367
2024-07-22 08:00:00,10608.0,10596.671066649544
2024-07-22 09:00:00,10489.0,10512.01597611422
2024-07-22 10:00:00,10593.0,10623.411897526676
2024-07-22 11:00:00,10665.0,10633.383724440848
2024-07-22 12:00:00,11102.0,11113.781135098476
2024-07-22 13:00:00,11094.0,11086.642668875247
2024-07-22 14:00:00,10921.0,10926.953098872142
2024-07-22 15:00:00,10818.0,10838.928868243152
2024-07-22 16:00:00,10403.0,10430.874695553743
2024-07-22 17:00:00,9765.0,9785.767040867131
2024-07-22 18:00:00,11195.0,11263.259014620615
2024-07-22 18:30:00,12602.0,12723.102334802601
2024-07-22 19:00:00,12475.0,12606.275938062137
2024-07-22 20:00:00,12798.0,12854.122407274694
2024-07-22 21:00:00,12966.0,12909.975272496116
2024-07-22 22:00:00,13218.0,13340.382107941246
2024-07-22 23:00:00,13109.0,13043.716560678622
2024-07-23 00:00:00,12896.0,12863.26574254853
2024-07-23 01:00:00,12377.0,12455.10092722185
2024-07-23 02:00:00,11983.0,11991.389888623307
2024-07-23 03:00:00,11788.0,11774.074463796385
2024-07-23 04:00:00,11481.0,11494.91614890089
2024-07-23 05:00:00,10685.0,10670.11623394644
2024-07-23 06:00:00,10607.0,10620.67855903113
2024-07-23 07:00:00,10542.0,10558.244966138705
2024-07-23 08:00:00,10597.0,10604.532613677304
2024-07-23 09:00:00,10660.0,10645.13743695546
2024-07-23 10:00:00,10722.0,10708.897096073131
2024-07-23 11:00:00,11119.0,11120.790579625009
2024-07-23 12:00:00,11582.0,11617.1799390745
2024-07-23 13:00:00,11640.0,11641.408286528947
2024-07-23 14:00:00,11869.0,11839.382706389399
2024-07-23 15:00:00,11513.0,11581.262598023372
2024-07-23 16:00:00,10800.0,10858.957935208351
2024-07-23 17:00:00,10496.0,10513.155161324301
2024-07-23 18:00:00,11975.0,11985.91888971081
2024-07-23 18:30:00,13050.0,12981.574994074372
2024-07-23 19:00:00,13207.0,13315.819422734261
2024-07-23 20:00:00,13560.0,13810.599741860422
2024-07-23 21:00:00,13687.0,13799.000237506538
2024-07-23 22:00:00,13727.0,13777.951467480008
2024-07-23 23:00:00,13669.0,13651.886544587507
2024-07-24 00:00:00,13446.0,13175.654837126762
2024-07-24 01:00:00,12961.0,12849.450466152923
2024-07-24 02:00:00,12717.0,12717.411526695229
2024-07-24 03:00:00,12385.0,12359.752612232574
2024-07-24 04:00:00,12088.0,12034.789246068603
2024-07-24 05:00:00,11496.0,11465.625431251767
2024-07-24 06:00:00,11457.0,11474.520509473841
2024-07-24 07:00:00,11428.0,11425.340793051213
2024-07-24 08:00:00,11904.0,11923.901007826133
2024-07-24 09:00:00,12263.0,12255.353178253148
2024-07-24 10:00:00,12668.0,12704.891220365193
2024-07-24 11:00:00,13319.0,13212.818728624246
2024-07-24 12:00:00,13503.0,13195.21773509748
2024-07-24 13:00:00,13489.0,13156.173583976086
2024-07-24 14:00:00,13734.0,13595.525972124777
2024-07-24 15:00:00,13535.0,13594.994029491303
2024-07-24 16:00:00,12454.0,12415.751757259133
2024-07-24 17:00:00,11817.0,11791.618615626778
2024-07-24 18:00:00,13271.0,13130.219443391508
2024-07-24 18:30:00,14401.0,14011.380665650613
2024-07-24 19:00:00,14184.0,13847.448409167246
2024-07-24 20:00:00,14195.0,13953.987501040476
2024-07-24 21:00:00,14605.0,14060.125147569514
2024-07-24 22:00:00,14592.0,13549.175593026257
2024-07-24 23:00:00,14571.0,13491.482913704689
2024-07-25 00:00:00,14002.0,12956.241066259401
2024-07-25 01:00:00,13512.0,12972.644984513216
2024-07-25 02:00:00,13304.0,13176.285086851663
2024-07-25 03:00:00,12891.0,12782.292268548777
2024-07-25 04:00:00,12842.0,12788.03979137771
2024-07-25 05:00:00,12248.0,12247.612962410614
2024-07-25 06:00:00,12075.0,12122.000230647862
2024-07-25 07:00:00,12113.0,12200.48503588786
2024-07-25 08:00:00,12333.0,12338.617142179177
2024-07-25 09:00:00,12694.0,12498.879809885042
2024-07-25 10:00:00,13043.0,7501.9082997671185
2024-07-25 11:00:00,13459.0,13444.426176526851
2024-07-25 12:00:00,13963.0,13571.57755448158
2024-07-25 13:00:00,14113.0,13342.695356758964
2024-07-25 14:00:00,14199.0,13424.836032783578
2024-07-25 15:00:00,13909.0,13140.305567572295
2024-07-25 16:00:00,13402.0,13400.314694129976
2024-07-25 17:00:00,12697.0,12660.03245973777
2024-07-25 18:00:00,13947.0,13265.806192822214
2024-07-25 18:30:00,14813.0,13688.184069902749
2024-07-25 19:00:00,14806.0,13759.469710287709
2024-07-25 20:00:00,15051.0,13757.767890855446
2024-07-25 21:00:00,14866.0,13286.07101930505
2024-07-25 22:00:00,14955.0,13323.366878888177
2024-07-25 23:00:00,14828.0,13155.54293986868
2024-07-26 00:00:00,14399.0,12784.468080108778
2024-07-26 01:00:00,14172.0,12741.721358664709
2024-07-26 02:00:00,13850.0,12707.761566412517
2024-07-26 03:00:00,13676.0,13009.120425284591
2024-07-26 04:00:00,13641.0,13009.779516211498
2024-07-26 05:00:00,12781.0,12496.053071272978
2024-07-26 06:00:00,12688.0,12480.11330734887
2024-07-26 07:00:00,12248.0,12263.678556220944
2024-07-26 08:00:00,12295.0,12325.161247373373
2024-07-26 09:00:00,12295.0,12241.79214888966
2024-07-26 10:00:00,12491.0,12500.807126325844
2024-07-26 11:00:00,12921.0,12910.530071047811
2024-07-26 12:00:00,13423.0,13207.652201847324
2024-07-26 13:00:00,12814.0,12789.64087462461
2024-07-26 14:00:00,13083.0,12970.850714912636
2024-07-26 15:00:00,12491.0,12482.890467474255
2024-07-26 16:00:00,12285.0,12317.853292203848
2024-07-26 17:00:00,11420.0,11343.600417404692
2024-07-26 18:00:00,13137.0,13130.361989047504
2024-07-26 18:30:00,13914.0,13518.556079522532
2024-07-26 19:00:00,14063.0,13572.414822941339
2024-07-26 20:00:00,14269.0,13465.134740126025
2024-07-26 21:00:00,14411.0,13480.921051797357
2024-07-26 22:00:00,14626.0,13253.034615195878
2024-07-26 23:00:00,14494.0,13167.815766816173
2024-07-27 00:00:00,13995.0,12993.770411310772
2024-07-27 01:00:00,13788.0,13030.04491187687
2024-07-27 02:00:00,13458.0,12974.405050945965
2024-07-27 03:00:00,13194.0,12970.143280870083
2024-07-27 04:00:00,13117.0,12955.514070823594
2024-07-27 05:00:00,12689.0,12545.52767079793
2024-07-27 06:00:00,12402.0,12448.387523067582
2024-07-27 07:00:00,12431.0,12407.155790230847
2024-07-27 08:00:00,12585.0,12351.462484048154
2024-07-27 09:00:00,12779.0,12835.15166230283
2024-07-27 10:00:00,12803.0,12814.016305508212
2024-07-27 11:00:00,13395.0,13490.602392392655
2024-07-27 12:00:00,13584.0,13761.501611055804
2024-07-27 13:00:00,13483.0,13179.781569198543
2024-07-27 14:00:00,13769.0,13260.201144104589
2024-07-27 15:00:00,13517.0,13026.331741073805
2024-07-27 16:00:00,13407.0,13292.424239195463
2024-07-27 17:00:00,12667.0,12556.080979104774
2024-07-27 18:00:00,14248.0,13621.149140257121
2024-07-27 18:30:00,15110.0,13902.56248657892
2024-07-27 19:00:00,15011.0,13664.028121762378
2024-07-27 20:00:00,15113.0,13759.046272741167
2024-07-27 21:00:00,15088.0,13660.78626697999
2024-07-27 22:00:00,15193.0,13518.907054805619
2024-07-27 23:00:00,15165.0,13374.392557228264
2024-07-28 00:00:00,14574.0,12795.184477941037
2024-07-28 01:00:00,14226.0,12825.764342448929
2024-07-28 02:00:00,13922.0,12767.577318218335
2024-07-28 03:00:00,13821.0,12789.797310009642
2024-07-28 04:00:00,13705.0,12779.247275553575
2024-07-28 05:00:00,13025.0,12832.229234033994
2024-07-28 06:00:00,12907.0,12581.575444979107
2024-07-28 07:00:00,12939.0,12661.362286138861
2024-07-28 08:00:00,13176.0,13076.386961608825
2024-07-28 09:00:00,13537.0,13191.267317082145
2024-07-28 10:00:00,13575.0,13219.921964217427
2024-07-28 11:00:00,13868.0,13174.756136793318
2024-07-28 12:00:00,14054.0,13050.310893874273
2024-07-28 13:00:00,14010.0,12926.227493759481
2024-07-28 14:00:00,13773.0,12550.053888799792
2024-07-28 15:00:00,13783.0,12713.23395282637
2024-07-28 16:00:00,13403.0,12696.444307527589
2024-07-28 17:00:00,13000.0,13153.478671279741
2024-07-28 18:00:00,14267.0,13053.194711445285
2024-07-28 18:30:00,15012.0,13246.498018363447
2024-07-28 19:00:00,15118.0,13218.916175867345
2024-07-28 20:00:00,15223.0,13213.367755462814
2024-07-28 21:00:00,15187.0,13172.022294885965
2024-07-28 22:00:00,15180.0,13203.726713496239
2024-07-28 23:00:00,14977.0,13053.242679416022
2024-07-29 00:00:00,14509.0,12769.231160119849
2024-07-29 01:00:00,14009.0,12848.40155355395
2024-07-29 02:00:00,13859.0,12807.891316338308
2024-07-29 03:00:00,13600.0,12744.954383272056
2024-07-29 04:00:00,13435.0,12699.734728460357
2024-07-29 05:00:00,13125.0,12662.816843985407
2024-07-29 06:00:00,12926.0,12638.001675270138
2024-07-29 07:00:00,12944.0,12634.454735079154
2024-07-29 08:00:00,13135.0,12657.74769393731
2024-07-29 09:00:00,13335.0,12795.290956416415
2024-07-29 10:00:00,13468.0,12621.376657049932
2024-07-29 11:00:00,13617.0,12712.422796700796
2024-07-29 12:00:00,13893.0,12670.236020623848
2024-07-29 13:00:00,14010.0,12690.024628345474
2024-07-29 14:00:00,13832.0,12577.920236164884
2024-07-29 15:00:00,13652.0,12608.062048790496
2024-07-29 16:00:00,13138.0,12605.686206192078
2024-07-29 17:00:00,12735.0,12834.199653613703
2024-07-29 18:00:00,14410.0,12836.664888198153
2024-07-29 18:30:00,14829.0,13049.279829885176
2024-07-29 19:00:00,14846.0,13076.456064162423
2024-07-29 20:00:00,14985.0,13125.02331720166
2024-07-29 21:00:00,14837.0,12961.254747601604
2024-07-29 22:00:00,14526.0,12709.422704948654
2024-07-29 23:00:00,14407.0,12798.139755702283
2024-07-30 00:00:00,14040.0,12683.89478506894
2024-07-30 01:00:00,13760.0,12713.12103315719
2024-07-30 02:00:00,13664.0,12731.3015003408
2024-07-30 03:00:00,13426.0,12726.53307511419
2024-07-30 04:00:00,13250.0,12672.733749811654
2024-07-30 05:00:00,12691.0,12268.82507239227
2024-07-30 06:00:00,12748.0,12337.872986394545
2024-07-30 07:00:00,12576.0,12282.219252568919
2024-07-30 08:00:00,12743.0,12207.480560157313
2024-07-30 09:00:00,13204.0,12764.004385643782
2024-07-30 10:00:00,13320.0,12897.125516443
2024-07-30 11:00:00,13575.0,12873.327117082308
2024-07-30 12:00:00,13614.0,12782.892949815818
2024-07-30 13:00:00,13562.0,12782.608775947505
2024-07-30 14:00:00,13425.0,12581.142015255062
2024-07-30 15:00:00,13365.0,12757.772731839414
2024-07-30 16:00:00,13265.0,12877.685373277476
2024-07-30 17:00:00,12789.0,12515.700852697964
2024-07-30 18:00:00,14179.0,12883.251413534184
2024-07-30 18:30:00,15046.0,13261.73664042953
2024-07-30 19:00:00,15042.0,13459.709224706821
2024-07-30 20:00:00,15156.0,13524.596118333127
2024-07-30 21:00:00,14940.0,13138.182190403295
2024-07-30 22:00:00,14693.0,12889.605725823496
2024-07-30 23:00:00,14315.0,12659.684223474093
2024-07-31 00:00:00,13765.0,12502.15228576573
2024-07-31 01:00:00,13748.0,12842.9271569677
2024-07-31 02:00:00,13775.0,12937.1895077655
2024-07-31 03:00:00,13430.0,12671.553842856314
2024-07-31 04:00:00,13323.0,12769.428564789368
2024-07-31 05:00:00,12697.0,12315.239334381362
2024-07-31 06:00:00,12827.0,12682.848268933516
2024-07-31 07:00:00,12762.0,12649.84582062814
2024-07-31 08:00:00,13116.0,12949.904868270753
2024-07-31 09:00:00,13252.0,12803.812409481787
2024-07-31 10:00:00,13359.0,12867.767123710812
2024-07-31 11:00:00,13347.0,12690.53917664851
2024-07-31 12:00:00,13339.0,12697.799478836927
2024-07-31 13:00:00,13159.0,12634.038430772292
2024-07-31 14:00:00,13364.0,12435.858253561637
2024-07-31 15:00:00,13109.0,12481.170499948805
2024-07-31 16:00:00,12929.0,12613.797069336544
2024-07-31 17:00:00,12994.0,12951.198753276341
2024-07-31 18:00:00,13952.0,13128.8630422055
2024-07-31 18:30:00,14380.0,13159.956287527479
2024-07-31 19:00:00,14376.0,13159.158143551178
2024-07-31 20:00:00,14682.0,13435.806237417744
2024-07-31 21:00:00,14757.0,13497.90602824689
2024-07-31 22:00:00,14695.0,13188.841285953671
2024-07-31 23:00:00,14544.0,13137.037314735458
2024-08-01 00:00:00,13500.0,12611.915562090746
2024-08-01 01:00:00,13144.0,12789.302617336358
2024-08-01 02:00:00,12908.0,12781.11742706532
2024-08-01 03:00:00,12711.0,12309.320474452797
2024-08-01 04:00:00,12423.0,12196.53373556195
2024-08-01 05:00:00,11955.0,11864.478585836921
2024-08-01 06:00:00,11766.0,11730.540862539046
2024-08-01 07:00:00,11219.0,11286.27471767849
2024-08-01 08:00:00,11811.0,11881.020699523458
2024-08-01 09:00:00,12019.0,12078.357222905322
2024-08-01 10:00:00,12008.0,12033.317211268732
2024-08-01 11:00:00,12249.0,12159.04860967583
2024-08-01 12:00:00,12182.0,12233.949244075377
2024-08-01 13:00:00,11911.0,11942.45669039699
2024-08-01 14:00:00,11919.0,11904.45661219073
2024-08-01 15:00:00,11446.0,11483.651927418845
2024-08-01 16:00:00,11118.0,11171.080424279706
2024-08-01 17:00:00,11014.0,11099.262070602545
2024-08-01 18:00:00,11948.0,11970.873874333825
2024-08-01 18:30:00,12374.0,12317.293401507493
2024-08-01 19:00:00,12126.0,12064.165127043874
2024-08-01 20:00:00,12362.0,12312.485872850328
2024-08-01 21:00:00,12224.0,12190.669856203158
2024-08-01 22:00:00,11962.0,11955.243471437083
2024-08-01 23:00:00,12430.0,12398.280963387802
2024-08-02 00:00:00,12084.0,12018.200202139666
2024-08-02 01:00:00,11573.0,11546.186215581054
2024-08-02 02:00:00,10967.0,10938.62790295922
2024-08-02 03:00:00,10604.0,10622.15370837381
2024-08-02 04:00:00,10277.0,10277.530220281618
2024-08-02 05:00:00,9849.0,9848.120265994234
2024-08-02 06:00:00,9524.0,9527.170390429477
2024-08-02 07:00:00,9533.0,9578.502552396902
2024-08-02 08:00:00,9462.0,9500.253202579559
2024-08-02 09:00:00,9552.0,9583.663551201409
2024-08-02 10:00:00,9609.0,9610.216731967597
2024-08-02 11:00:00,10003.0,10060.50458486652
2024-08-02 12:00:00,10657.0,10652.303980470391
2024-08-02 13:00:00,10146.0,10190.863898020938
2024-08-02 14:00:00,9851.0,9847.440635014851
2024-08-02 15:00:00,9607.0,9642.924182199089
2024-08-02 16:00:00,9607.0,9667.527691431073
2024-08-02 17:00:00,9462.0,9510.057889840933
2024-08-02 18:00:00,10993.0,11050.73080622347
2024-08-02 18:30:00,11788.0,11844.386121895792
2024-08-02 19:00:00,11746.0,11814.640093003622
2024-08-02 20:00:00,11816.0,11894.64016630603
2024-08-02 21:00:00,11816.0,11933.239137188695
2024-08-02 22:00:00,11797.0,11879.436366119451
2024-08-02 23:00:00,11843.0,11875.54740217631
2024-08-03 00:00:00,11338.0,11400.606050406424
2024-08-03 01:00:00,10893.0,10889.05464830795
2024-08-03 02:00:00,10566.0,10544.860135110863
2024-08-03 04:00:00,10099.0,10110.656225828034
2024-08-03 05:00:00,9444.0,9448.07445812986
2024-08-03 06:00:00,9668.0,9692.828133481162
2024-08-03 07:00:00,9928.0,9946.722625810939
2024-08-03 08:00:00,10472.0,10472.882556833065
2024-08-03 09:00:00,10773.0,10867.59009757583
2024-08-03 10:00:00,10953.0,10995.395254040419
2024-08-03 11:00:00,11437.0,11492.690036372038
2024-08-03 12:00:00,11829.0,11894.774039433982
2024-08-03 13:00:00,11529.0,11589.416316409199
2024-08-03 14:00:00,11377.0,11393.659676943507
2024-08-03 15:00:00,11168.0,11173.403769562841
2024-08-03 16:00:00,11234.0,11266.295224354268
2024-08-03 17:00:00,11011.0,10995.572873693754
2024-08-03 18:00:00,12502.0,12459.222762332756
2024-08-03 18:30:00,13370.0,13189.753538118894
2024-08-03 19:00:00,13085.0,13005.859643225394
2024-08-03 20:00:00,13163.0,13082.971400242235
2024-08-03 21:00:00,13160.0,13145.82472595139
2024-08-03 22:00:00,12982.0,12902.93380645825
2024-08-03 23:00:00,12865.0,12862.313672729153
2024-08-04 00:00:00,12288.0,12332.664932023166
2024-08-04 01:00:00,11951.0,11922.531623662393
2024-08-04 02:00:00,11616.0,11667.082776779167
2024-08-04 03:00:00,10148.0,10169.367991916622
2024-08-04 03:00:00,11183.0,11249.215203275371
2024-08-04 04:00:00,10960.0,10975.411722464236
2024-08-04 05:00:00,10615.0,10679.798732924133
2024-08-04 06:00:00,10539.0,10513.139291918094
2024-08-04 07:00:00,10869.0,10898.397183809717
2024-08-04 08:00:00,11652.0,11727.660402031415
2024-08-04 09:00:00,11761.0,11797.18138376287
2024-08-04 10:00:00,12009.0,11988.349438318432
2024-08-04 11:00:00,12542.0,12554.482336067136
2024-08-04 12:00:00,12853.0,12785.509870695996
2024-08-04 13:00:00,12703.0,12676.995112353785
2024-08-04 14:00:00,12693.0,12682.619202764281
2024-08-04 15:00:00,12018.0,12023.846334268239
2024-08-04 16:00:00,11179.0,11219.215956103413
2024-08-04 17:00:00,10668.0,10552.540889342079
2024-08-04 18:00:00,11946.0,11981.321837695867
2024-08-04 18:30:00,12801.0,12587.167217262866
2024-08-04 19:00:00,12786.0,12595.58514021646
2024-08-04 20:00:00,12949.0,12828.04188210834
2024-08-04 21:00:00,12778.0,12649.685993606721
2024-08-04 22:00:00,12812.0,12767.31472098827
2024-08-04 23:00:00,12689.0,12589.363279845225
2024-08-05 00:00:00,12393.0,12486.121510087709
2024-08-05 01:00:00,12001.0,12086.509588746278
2024-08-05 02:00:00,11582.0,11715.824735052183
2024-08-05 03:00:00,11387.0,11371.65018241332
2024-08-05 04:00:00,11245.0,11228.183097130712
2024-08-05 05:00:00,10599.0,10681.700765860674
2024-08-05 06:00:00,10444.0,10505.763502769601
2024-08-05 07:00:00,10311.0,10325.773039886237
2024-08-05 09:00:00,10317.0,10284.44891325189
2024-08-05 10:00:00,10337.0,10352.124662695269
2024-08-05 11:00:00,10439.0,10463.436677310889
2024-08-05 12:00:00,10554.0,10551.980973576336
2024-08-05 13:00:00,10754.0,10795.897180427828
2024-08-05 14:00:00,10697.0,10757.108362704552
2024-08-05 15:00:00,9785.0,9809.314443033463
2024-08-05 16:00:00,8747.0,8747.105014947867
2024-08-05 17:00:00,8617.0,8625.001193880198
2024-08-05 18:00:00,10857.0,10871.26932281549
2024-08-05 18:30:00,11534.0,11539.249159704279
2024-08-05 19:00:00,11612.0,11622.879535512348
2024-08-05 20:00:00,12059.0,12005.739888568069
2024-08-05 21:00:00,12019.0,11997.386172550332
2024-08-05 22:00:00,12196.0,12099.352429138142
2024-08-05 23:00:00,12093.0,12057.97364922548
2024-08-06 00:00:00,11851.0,11802.035565734843
2024-08-06 01:00:00,11375.0,11389.618401219312
2024-08-06 02:00:00,11055.0,11041.47943093185
2024-08-06 03:00:00,10857.0,10838.319275843898
2024-08-06 04:00:00,10518.0,10491.574432560463
2024-08-06 05:00:00,10002.0,10006.825223247684
2024-08-06 06:00:00,9991.0,9973.992004914064
2024-08-06 07:00:00,10062.0,10135.751785109725
2024-08-06 08:00:00,10347.0,10356.432171452736
2024-08-06 09:00:00,10460.0,10454.659654318808
2024-08-06 10:00:00,10668.0,10690.566133106264
2024-08-06 11:00:00,11098.0,11125.577519973525
2024-08-06 12:00:00,11503.0,11501.093416570886
2024-08-06 13:00:00,11706.0,11714.481229904453
2024-08-06 14:00:00,11675.0,11699.943114547295
2024-08-06 15:00:00,11417.0,11418.22132289906
2024-08-06 16:00:00,10918.0,10931.867732435318
2024-08-06 17:00:00,10171.0,10142.067557751005
2024-08-06 18:00:00,12155.0,12170.87462727294
2024-08-06 18:30:00,12919.0,12842.454569288742
2024-08-06 19:00:00,12879.0,12824.66272849143
2024-08-06 20:00:00,13064.0,12945.412065335695
2024-08-06 21:00:00,13178.0,12995.714566116158
2024-08-06 22:00:00,13202.0,13220.716313761894
2024-08-06 23:00:00,13199.0,13146.913509702294
2024-08-07 00:00:00,12708.0,12712.104697061668
2024-08-07 01:00:00,12376.0,12381.329484016553
2024-08-07 02:00:00,12046.0,12046.395211908226
2024-08-07 03:00:00,11798.0,11820.259474653922
2024-08-07 04:00:00,11726.0,11783.732043423872
2024-08-07 05:00:00,11136.0,11103.279148600515
2024-08-07 06:00:00,11120.0,11108.329430317497
2024-08-07 07:00:00,11112.0,11108.04812624434
2024-08-07 08:00:00,11330.0,11274.292877229189
2024-08-07 09:00:00,11675.0,11743.99927181003
2024-08-07 10:00:00,11988.0,11955.0136838715
2024-08-07 11:00:00,12249.0,12256.167361336235
2024-08-07 12:00:00,12552.0,12660.059602251258
2024-08-07 13:00:00,12586.0,12595.536184287772
2024-08-07 14:00:00,12667.0,12624.956548437314
2024-08-07 15:00:00,12388.0,12404.86019800728
2024-08-07 16:00:00,11835.0,11914.49151258136
2024-08-07 17:00:00,11134.0,11243.597145683245
2024-08-07 18:00:00,13011.0,12775.068998756402
2024-08-07 18:30:00,13588.0,13501.980783976782
2024-08-07 19:00:00,13532.0,13510.909958544888
2024-08-07 20:00:00,13740.0,13668.706671355425
2024-08-07 21:00:00,13691.0,13605.885969168154
2024-08-07 22:00:00,13760.0,13618.741752459182
2024-08-07 23:00:00,13593.0,13513.01167356115
2024-08-08 00:00:00,13272.0,13031.496285917357
2024-08-08 01:00:00,12847.0,12779.491021781705
2024-08-08 02:00:00,12501.0,12500.621479882106
2024-08-08 03:00:00,12368.0,12368.757569152402
2024-08-08 04:00:00,12086.0,12106.402503479945
2024-08-08 05:00:00,11428.0,11396.6246991064
2024-08-08 06:00:00,11274.0,11235.3974662714
2024-08-08 07:00:00,11303.0,11229.991069373722
2024-08-08 08:00:00,11456.0,11379.017445797494
2024-08-08 09:00:00,11763.0,11835.860210503835
2024-08-08 10:00:00,11722.0,11824.420977719776
2024-08-08 11:00:00,12555.0,12482.368273621989
2024-08-08 12:00:00,12536.0,12430.042221666634
2024-08-08 13:00:00,12582.0,12480.047855119035
2024-08-08 14:00:00,12711.0,12573.942596625748
2024-08-08 15:00:00,12562.0,12535.918845589786
2024-08-08 16:00:00,11899.0,11861.02535413858
2024-08-08 17:00:00,11309.0,11246.390771413278
2024-08-08 18:00:00,12890.0,12721.13487138813
2024-08-08 18:30:00,13571.0,13487.04206119469
2024-08-08 19:00:00,13340.0,13125.015691573233
2024-08-08 20:00:00,13746.0,13702.865795067179
2024-08-08 21:00:00,13555.0,13550.845840722974
2024-08-08 22:00:00,13634.0,13606.724545578227
2024-08-08 23:00:00,13650.0,7577.95696002161
2024-08-09 00:00:00,13097.0,12870.049339870551
2024-08-09 01:00:00,12975.0,12838.6596970162
2024-08-09 02:00:00,12416.0,12485.09741569494
2024-08-09 03:00:00,12164.0,12098.049256435934
2024-08-09 04:00:00,11899.0,11950.825573293969
2024-08-09 05:00:00,11207.0,11276.42000507823
2024-08-09 06:00:00,10717.0,10795.994904653362
2024-08-09 07:00:00,10689.0,10691.328399615917
2024-08-09 08:00:00,10489.0,10498.469341543981
2024-08-09 09:00:00,10441.0,10415.207282155054
2024-08-09 10:00:00,10482.0,10545.78877236331
2024-08-09 11:00:00,11034.0,11062.830901274752
2024-08-09 12:00:00,11723.0,11725.51192835992
2024-08-09 13:00:00,11113.0,11097.19779291773
2024-08-09 14:00:00,11173.0,11196.769710331335
2024-08-09 15:00:00,10953.0,11010.837603935179
2024-08-09 16:00:00,10517.0,10551.211488912066
2024-08-09 17:00:00,10196.0,10210.388411435299
2024-08-09 18:00:00,12166.0,12213.63286136412
2024-08-09 18:30:00,12816.0,12796.28042928621
2024-08-09 19:00:00,12849.0,12894.928041929361
2024-08-09 20:00:00,13251.0,13183.932426075924
2024-08-09 21:00:00,13130.0,13139.188074736883
2024-08-09 22:00:00,13243.0,13205.358502820409
2024-08-09 23:00:00,13090.0,13096.263076816269
2024-08-10 00:00:00,12855.0,12733.88236849594
2024-08-10 01:00:00,12481.0,12499.09912830666
2024-08-10 02:00:00,12253.0,12265.146889214913
2024-08-10 03:00:00,11683.0,11760.76089183863
2024-08-10 04:00:00,11783.0,11800.700116744123
2024-08-10 05:00:00,11082.0,11159.522573169219
2024-08-10 06:00:00,11092.0,11149.27547216575
2024-08-10 07:00:00,10927.0,10895.444251503932
2024-08-10 08:00:00,11338.0,11328.424679023143
2024-08-10 09:00:00,11458.0,11376.22756321981
2024-08-10 10:00:00,11839.0,11886.154248217726
2024-08-10 11:00:00,11950.0,12026.025072361293
2024-08-10 12:00:00,12386.0,12502.096831645216
2024-08-10 13:00:00,12516.0,12578.871863495218
2024-08-10 14:00:00,12576.0,12499.424346089429
2024-08-10 15:00:00,12314.0,12304.87702778543
2024-08-10 16:00:00,11888.0,11878.897431214655
2024-08-10 17:00:00,11500.0,11496.61379560352
2024-08-10 18:00:00,13027.0,13009.088095401585
2024-08-10 18:30:00,13878.0,13686.555615782121
2024-08-10 19:00:00,13852.0,13787.443840575199
2024-08-10 20:00:00,13972.0,13823.70440691109
2024-08-10 21:00:00,13896.0,13816.608567062738
2024-08-10 22:00:00,13860.0,13686.035950094752
2024-08-10 23:00:00,13758.0,13614.24869897648
2024-08-11 00:00:00,13336.0,13038.672030394215
2024-08-11 01:00:00,13037.0,12812.898534065489
2024-08-11 02:00:00,12766.0,12562.366818723181
2024-08-11 03:00:00,12501.0,12469.109458419067
2024-08-11 04:00:00,12198.0,12106.36674819876
2024-08-11 05:00:00,11736.0,11769.511603968193
2024-08-11 06:00:00,11654.0,11632.922109395118
2024-08-11 07:00:00,11718.0,11748.273439771401
2024-08-11 08:00:00,11959.0,11938.48221841653
2024-08-11 09:00:00,12282.0,12246.87145747076
2024-08-11 10:00:00,12425.0,12376.889891347633
2024-08-11 11:00:00,12782.0,12687.4192334393
2024-08-11 12:00:00,12803.0,12657.50996153986
2024-08-11 13:00:00,12632.0,12638.736884635013
2024-08-11 14:00:00,12784.0,12734.06048311915
2024-08-11 15:00:00,12573.0,12625.221081203907
2024-08-11 16:00:00,12137.0,12133.384790140663
2024-08-11 17:00:00,11957.0,11984.152682634767
2024-08-11 18:00:00,13315.0,13170.94435707357
2024-08-11 18:30:00,14000.0,13646.3806198709
2024-08-11 19:00:00,14138.0,13691.373819963044
2024-08-11 20:00:00,14167.0,13617.760153481428
2024-08-11 21:00:00,14020.0,13445.484302998644
2024-08-11 22:00:00,13839.0,13155.507564861326
2024-08-11 23:00:00,13431.0,12675.61975806021
2024-08-12 00:00:00,12971.0,12491.406599644637
2024-08-12 01:00:00,12908.0,12567.285395068739
2024-08-12 02:00:00,12849.0,12591.582772893966
2024-08-12 03:00:00,12738.0,12506.406671103867
2024-08-12 04:00:00,12426.0,12473.827730548679
2024-08-12 05:00:00,11908.0,11909.810090682437
2024-08-12 06:00:00,11810.0,11822.329042508858
2024-08-12 07:00:00,11870.0,11871.861039302357
2024-08-12 08:00:00,12102.0,12100.089694098557
2024-08-12 09:00:00,12425.0,12384.932968079647
2024-08-12 10:00:00,12640.0,12309.119037261025
2024-08-12 11:00:00,12880.0,12573.057932493322
2024-08-12 12:00:00,13017.0,12565.702837047247
2024-08-12 13:00:00,12930.0,12737.46466290897
2024-08-12 14:00:00,12999.0,12628.322145548573
2024-08-12 15:00:00,12794.0,12561.718196358048
2024-08-12 16:00:00,12091.0,12157.401779191685
2024-08-12 17:00:00,11966.0,12015.647676784038
2024-08-12 18:00:00,13877.0,13493.719083251654
2024-08-12 18:30:00,14143.0,13699.256728145656
2024-08-12 19:00:00,14219.0,13697.744783724806
2024-08-12 20:00:00,14146.0,13804.952027370506
2024-08-12 21:00:00,14136.0,13724.752562148691
2024-08-12 22:00:00,13951.0,13297.044342900317
2024-08-12 23:00:00,13579.0,12705.817614306616
2024-08-13 00:00:00,13215.0,12638.741685166431
2024-08-13 01:00:00,13125.0,12770.759414770939
2024-08-13 02:00:00,12899.0,12703.166999769777
2024-08-13 03:00:00,12690.0,12511.768421518063
2024-08-13 04:00:00,12463.0,12429.436767782629
2024-08-13 05:00:00,12101.0,12002.459746801156
2024-08-13 06:00:00,12034.0,12045.236422220893
2024-08-13 07:00:00,11934.0,11928.350391478869
2024-08-13 08:00:00,12252.0,12196.968810920745
2024-08-13 09:00:00,12476.0,12243.3585138484
2024-08-13 10:00:00,12834.0,12453.368528508003
2024-08-13 11:00:00,12967.0,12560.079551439534
2024-08-13 12:00:00,13114.0,12629.50564475704
2024-08-13 13:00:00,13195.0,12672.934795140076
2024-08-13 14:00:00,13051.0,12499.517654935404
2024-08-13 15:00:00,12747.0,12425.843573569233
2024-08-13 16:00:00,12706.0,12354.714035494795
2024-08-13 17:00:00,12430.0,12333.130227591395
2024-08-13 18:00:00,13544.0,12375.3445497065
2024-08-13 18:30:00,13982.0,13085.176804410039
2024-08-13 19:00:00,13898.0,12994.824343050404
2024-08-13 20:00:00,13948.0,13043.17388995129
2024-08-13 21:00:00,14012.0,13004.960622761555
2024-08-13 22:00:00,13594.0,12423.637981134552
2024-08-13 23:00:00,13253.0,12275.558662026935
2024-08-14 00:00:00,12868.0,12247.765063877634
2024-08-14 01:00:00,12995.0,12121.01698151991
2024-08-14 02:00:00,13969.0,12611.585525751882
2024-08-14 03:00:00,12977.0,12452.245889892081
2024-08-14 04:00:00,12966.0,12573.205862580779
2024-08-14 05:00:00,12343.0,12140.193860168738
2024-08-14 06:00:00,12427.0,12151.267013975656
2024-08-14 07:00:00,12457.0,12248.125456677819
2024-08-14 08:00:00,12585.0,12452.902417270012
2024-08-14 09:00:00,12762.0,12298.149305327413
2024-08-14 10:00:00,12836.0,12366.750959641931
2024-08-14 11:00:00,13188.0,12328.326054320523
2024-08-14 12:00:00,13202.0,12506.682351069281
2024-08-14 13:00:00,13164.0,12462.757787290244
2024-08-14 14:00:00,13003.0,12268.621618763053
2024-08-14 15:00:00,12708.0,12302.679542275144
2024-08-14 16:00:00,12645.0,11932.456174602632
2024-08-14 17:00:00,12354.0,12127.491711795661
2024-08-14 18:00:00,13950.0,12319.88430003627
2024-08-14 18:30:00,13822.0,12796.371338780817
2024-08-14 19:00:00,13839.0,12925.21186844072
2024-08-14 20:00:00,14389.0,13155.867214979657
2024-08-14 21:00:00,14416.0,13081.732765833392
2024-08-14 22:00:00,14262.0,12807.13448580372
2024-08-14 23:00:00,13817.0,12487.234282406
2024-08-15 00:00:00,13313.0,12301.649345407914
2024-08-15 01:00:00,13292.0,12361.559215850584
2024-08-15 02:00:00,13297.0,12489.911281287512
2024-08-15 03:00:00,13331.0,12700.765540789587
2024-08-15 04:00:00,13211.0,12944.843050007712
2024-08-15 05:00:00,12751.0,12504.370614263818
2024-08-15 06:00:00,12648.0,12479.180461262506
2024-08-15 07:00:00,12704.0,12495.091214339436
2024-08-15 08:00:00,12884.0,12532.47678869699
2024-08-15 09:00:00,13048.0,12563.088591807338
2024-08-15 10:00:00,13226.0,12911.23734893059
2024-08-15 11:00:00,13449.0,12656.132867467742
2024-08-15 12:00:00,13582.0,12675.988059668303
2024-08-15 13:00:00,13639.0,12581.261454908383
2024-08-15 14:00:00,13755.0,12561.851232091545
2024-08-15 15:00:00,13510.0,12554.288921189089
2024-08-15 16:00:00,13245.0,12653.293466071636
2024-08-15 17:00:00,12874.0,12811.671566700625
2024-08-15 18:00:00,13956.0,12686.174729951701
2024-08-15 18:30:00,14162.0,13062.11090496382
2024-08-15 19:00:00,13997.0,12834.332477103799
2024-08-15 20:00:00,14198.0,12992.41233012328
2024-08-15 21:00:00,14150.0,12930.963018165148
2024-08-15 22:00:00,14054.0,12833.199554078054
2024-08-15 23:00:00,13739.0,12477.98778319103
2024-08-16 00:00:00,13408.0,12356.29067512831
2024-08-16 01:00:00,13089.0,12361.987985584334
2024-08-16 02:00:00,13015.0,12388.922991763384
2024-08-16 03:00:00,12982.0,12461.184577744434
2024-08-16 04:00:00,12823.0,12527.944542679623
2024-08-16 05:00:00,12289.0,12133.099751277645
2024-08-16 06:00:00,11409.0,11337.385056717558
2024-08-16 07:00:00,11691.0,11675.6180806909
2024-08-16 08:00:00,11546.0,11533.654424748847
2024-08-16 09:00:00,11361.0,11299.56068025513
2024-08-16 10:00:00,11447.0,11470.741544736535
2024-08-16 11:00:00,12075.0,11958.394865301843
2024-08-16 12:00:00,12449.0,12314.388251559563
2024-08-16 13:00:00,11836.0,11768.076998744818
2024-08-16 14:00:00,11909.0,11878.29383047656
2024-08-16 15:00:00,11621.0,11606.291462650219
2024-08-16 16:00:00,11315.0,11323.006547069108
2024-08-16 17:00:00,10787.0,10807.850680282256
2024-08-16 18:00:00,12451.0,12471.352860705898
2024-08-16 18:30:00,13353.0,13106.976616518132
2024-08-16 19:00:00,13300.0,13230.506378783606
2024-08-16 20:00:00,13570.0,13706.31921652547
2024-08-16 21:00:00,13639.0,13646.8471279914
2024-08-16 22:00:00,13592.0,13458.974042304206
2024-08-16 23:00:00,13025.0,12706.738347463996
2024-08-17 00:00:00,12649.0,12287.447392057797
2024-08-17 01:00:00,12526.0,12369.281523332362
2024-08-17 02:00:00,12185.0,12032.18775383823
2024-08-17 03:00:00,11899.0,11875.248826432438
2024-08-17 04:00:00,11642.0,11657.086974611158
2024-08-17 05:00:00,11005.0,10941.491798135708
2024-08-17 06:00:00,11142.0,11087.048159150701
2024-08-17 07:00:00,11234.0,11200.050863973525
2024-08-17 08:00:00,11333.0,11326.780770221036
2024-08-17 09:00:00,11390.0,11304.880771189926
2024-08-17 10:00:00,11540.0,11541.63421298034
2024-08-17 11:00:00,11882.0,11817.826957024608
2024-08-17 12:00:00,12222.0,12185.189081130204
2024-08-17 13:00:00,12187.0,12064.980809695693
2024-08-17 14:00:00,11990.0,11939.881553106385
2024-08-17 15:00:00,11469.0,11423.337764823407
2024-08-17 16:00:00,11347.0,11322.500502701867
2024-08-17 17:00:00,11197.0,11112.968840770029
2024-08-17 18:00:00,12958.0,12922.81988283816
2024-08-17 18:30:00,13562.0,13365.064024867153
2024-08-17 19:00:00,13502.0,13414.71214075471
2024-08-17 20:00:00,13635.0,13461.493864567328
2024-08-17 21:00:00,13435.0,13433.204154153029
2024-08-17 22:00:00,13415.0,13405.632803640152
2024-08-17 23:00:00,13551.0,13453.53118595509
2024-08-18 00:00:00,13100.0,13013.912141968734
2024-08-18 01:00:00,12423.0,12414.976812930532
2024-08-18 02:00:00,12106.0,11989.390018501037
2024-08-18 03:00:00,11880.0,11805.074116606931
2024-08-18 04:00:00,11458.0,11429.622637319024
2024-08-18 05:00:00,11087.0,11064.729025978788
2024-08-18 06:00:00,11132.0,11057.912163483705
2024-08-18 07:00:00,11231.0,11174.654595320124
2024-08-18 08:00:00,11463.0,11598.506424399133
2024-08-18 09:00:00,11757.0,11820.671038466202
2024-08-18 10:00:00,12166.0,12180.45904570865
2024-08-18 11:00:00,12471.0,12462.062008958159
2024-08-18 12:00:00,12694.0,12666.905562874786
2024-08-18 13:00:00,12779.0,12722.872943050868
2024-08-18 14:00:00,12790.0,12690.774454151
2024-08-18 15:00:00,12330.0,12256.51850765227
2024-08-18 16:00:00,12176.0,12127.602801545827
2024-08-18 17:00:00,11924.0,11928.898187975656
2024-08-18 18:00:00,13778.0,13427.454393420834
2024-08-18 18:30:00,13853.0,13754.789004567867
2024-08-18 19:00:00,13903.0,13616.870111295264
2024-08-18 20:00:00,13901.0,13584.89935518056
2024-08-18 21:00:00,13689.0,13374.804192324147
2024-08-18 22:00:00,13679.0,13410.951572443324
2024-08-18 23:00:00,13499.0,13312.272747069355
2024-08-19 00:00:00,12975.0,12775.662497235035
2024-08-19 01:00:00,12560.0,12502.44843648953
2024-08-19 02:00:00,12265.0,12254.810242411959
2024-08-19 03:00:00,11967.0,11976.908135296553
2024-08-19 04:00:00,11567.0,11635.654109692654
2024-08-19 05:00:00,11161.0,11106.901898113387
2024-08-19 06:00:00,11027.0,10951.010272415333
2024-08-19 07:00:00,10938.0,10864.488802668066
2024-08-19 08:00:00,11338.0,11304.874292292892
2024-08-19 09:00:00,11371.0,11385.283616135996
2024-08-19 10:00:00,11759.0,11751.574364714088
2024-08-19 11:00:00,12123.0,12026.936614007205
2024-08-19 12:00:00,12240.0,12133.801331061068
2024-08-19 13:00:00,11851.0,11880.898711324086
2024-08-19 14:00:00,11905.0,11927.542124077194
2024-08-19 15:00:00,11602.0,11632.406535824068
2024-08-19 16:00:00,11350.0,11339.613827698888
2024-08-19 17:00:00,11229.0,11228.75064247767
2024-08-19 18:00:00,12551.0,12643.106496426153
2024-08-19 18:30:00,13211.0,13018.671015429009
2024-08-19 19:00:00,12953.0,12943.47459989937
2024-08-19 20:00:00,13322.0,13233.009595498686
2024-08-19 21:00:00,12905.0,12825.509191426534
2024-08-19 22:00:00,12713.0,12686.978204411183
2024-08-19 23:00:00,12624.0,12602.76619480091
2024-08-20 00:00:00,12046.0,12067.908091351412
2024-08-20 01:00:00,11674.0,11685.999638432686
2024-08-20 02:00:00,11361.0,11400.846715965725
2024-08-20 03:00:00,11077.0,11098.991268358719
2024-08-20 04:00:00,10984.0,11018.87147180949
2024-08-20 05:00:00,10594.0,10621.46009626696
2024-08-20 06:00:00,10710.0,10709.958528280207
2024-08-20 07:00:00,10862.0,10857.95198466241
2024-08-20 08:00:00,11250.0,11227.353533692502
2024-08-20 09:00:00,11585.0,11582.738073665412
2024-08-20 10:00:00,11542.0,11519.221434265384
2024-08-20 11:00:00,11860.0,11864.655300561539
2024-08-20 12:00:00,12215.0,12156.51915731253
2024-08-20 13:00:00,12289.0,12253.054214363048
2024-08-20 14:00:00,12386.0,12346.42047749103
2024-08-20 15:00:00,12299.0,12236.085537869089
2024-08-20 16:00:00,12017.0,12054.767440341115
2024-08-20 17:00:00,11654.0,11726.53081657212
2024-08-20 18:00:00,13432.0,13090.453579788009
2024-08-20 18:30:00,13831.0,13849.778820293668
2024-08-20 19:00:00,13765.0,13775.629423253657
2024-08-20 20:00:00,13843.0,13843.786434331998
2024-08-20 21:00:00,13559.0,13707.542809999039
2024-08-20 22:00:00,13432.0,13187.156677983927
2024-08-20 23:00:00,13071.0,12882.511767738357
2024-08-21 00:00:00,10722.0,11066.169275940043
2024-08-21 01:00:00,10808.0,10772.875283978601
2024-08-21 02:00:00,11335.0,11326.525869933186
2024-08-21 03:00:00,11537.0,11555.991000888052
2024-08-21 04:00:00,11322.0,11314.552092406037
2024-08-21 05:00:00,10902.0,10904.86188071335
2024-08-21 06:00:00,10786.0,10795.255314488059
2024-08-21 07:00:00,10856.0,10845.815973722683
2024-08-21 08:00:00,10925.0,10874.885259463108
2024-08-21 09:00:00,11313.0,11329.66697015059
2024-08-21 10:00:00,11524.0,11553.049399390706
2024-08-21 11:00:00,11898.0,11922.684501026999
2024-08-21 12:00:00,12083.0,12068.73953692561
2024-08-21 13:00:00,12083.0,12063.42823947171
2024-08-21 14:00:00,12022.0,12013.10113163311
2024-08-21 15:00:00,11938.0,11959.830450800864
2024-08-21 16:00:00,11662.0,11679.943651345691
2024-08-21 17:00:00,11754.0,11781.892627460937
2024-08-21 18:00:00,13048.0,12902.6811040841
2024-08-21 18:30:00,13497.0,13306.067386736833
2024-08-21 19:00:00,13224.0,13116.93821165902
2024-08-21 20:00:00,13262.0,13261.792888531332
2024-08-21 21:00:00,13092.0,12972.681343936934
2024-08-21 22:00:00,13111.0,13093.97465924008
2024-08-21 23:00:00,12890.0,12796.130667819023
2024-08-22 00:00:00,12379.0,12327.6352909557
2024-08-22 01:00:00,11919.0,11895.417261870687
2024-08-22 02:00:00,11528.0,11558.954782328305
2024-08-22 03:00:00,11198.0,11178.03727034867
2024-08-22 04:00:00,10802.0,10808.709334603265
2024-08-22 05:00:00,10532.0,10604.576753177304
2024-08-22 06:00:00,10571.0,10625.677012190428
2024-08-22 07:00:00,10277.0,10344.02440703323
2024-08-22 08:00:00,10879.0,10882.745832715469
2024-08-22 09:00:00,11201.0,11201.839511320457
2024-08-22 10:00:00,11525.0,11517.025161150503
2024-08-22 11:00:00,11704.0,11689.488346365715
2024-08-22 12:00:00,11839.0,11810.462835009897
2024-08-22 13:00:00,11568.0,11571.722487162853
2024-08-22 14:00:00,11668.0,11663.782231665273
2024-08-22 15:00:00,11255.0,11256.986422544898
2024-08-22 16:00:00,10957.0,11033.36503162445
2024-08-22 17:00:00,10979.0,11033.965140344588
2024-08-22 18:00:00,12631.0,12661.472103407521
2024-08-22 18:30:00,13009.0,13033.300337999062
2024-08-22 19:00:00,12807.0,12707.538839688723
2024-08-22 20:00:00,12784.0,12694.454979720882
2024-08-22 21:00:00,12468.0,12376.683444458524
2024-08-22 22:00:00,12459.0,12363.78692614235
2024-08-22 23:00:00,12306.0,12190.191127194139
2024-08-23 00:00:00,11646.0,11589.549312761923
2024-08-23 01:00:00,11353.0,11293.001244841238
2024-08-23 02:00:00,11183.0,11135.081460552314
2024-08-23 03:00:00,10796.0,10826.612221674279
2024-08-23 04:00:00,10406.0,10411.898462495881
2024-08-23 05:00:00,10078.0,10062.101600593167
2024-08-23 06:00:00,9795.0,9803.55151079474
2024-08-23 07:00:00,9745.0,9749.145165919206
2024-08-23 08:00:00,9678.0,9660.057735553639
2024-08-23 09:00:00,9739.0,9783.772654166502
2024-08-23 10:00:00,9930.0,9968.885942593575
2024-08-23 11:00:00,10406.0,10393.901683600872
2024-08-23 12:00:00,11121.0,11057.75440613306
2024-08-23 13:00:00,10874.0,10866.564299685542
2024-08-23 14:00:00,10898.0,10864.245714598774
2024-08-23 15:00:00,10714.0,10754.072317462991
2024-08-23 16:00:00,10117.0,10119.803824578245
2024-08-23 17:00:00,9923.0,9960.498534907962
2024-08-23 18:00:00,11858.0,11884.058685243172
2024-08-23 18:30:00,12405.0,12430.564875985412
2024-08-23 19:00:00,12403.0,12418.630744117652
2024-08-23 20:00:00,12512.0,12432.164274664341
2024-08-23 21:00:00,12556.0,12490.095933617999
2024-08-23 22:00:00,12686.0,12625.233681238038
2024-08-23 23:00:00,12547.0,12537.094794149458
2024-08-24 00:00:00,11931.0,11904.69392165746
2024-08-24 01:00:00,11738.0,11766.328675717768
2024-08-24 02:00:00,11363.0,11393.803299433228
2024-08-24 03:00:00,11119.0,11142.456075232445
2024-08-24 04:00:00,10905.0,10921.825646006298
2024-08-24 05:00:00,10467.0,10515.925556559261
2024-08-24 06:00:00,10539.0,10611.586518069735
2024-08-24 07:00:00,10462.0,10492.341088808203
2024-08-24 08:00:00,10784.0,10891.970332489876
2024-08-24 09:00:00,11002.0,11076.032551481783
2024-08-24 10:00:00,11359.0,11397.839240921452
2024-08-24 11:00:00,11729.0,11728.040519543687
2024-08-24 12:00:00,12167.0,12089.333717997259
2024-08-24 13:00:00,12190.0,12174.430104742243
2024-08-24 14:00:00,12437.0,12385.054104633968
2024-08-24 15:00:00,12177.0,12131.066633029151
2024-08-24 16:00:00,11853.0,11896.568682292671
2024-08-24 17:00:00,11531.0,11573.879507762369
2024-08-24 18:00:00,13381.0,13142.902446459957
2024-08-24 18:30:00,13710.0,13337.593754504036
2024-08-24 19:00:00,13568.0,13275.896934849427
2024-08-24 20:00:00,13643.0,13354.447174107036
2024-08-24 21:00:00,13497.0,13283.147225888484
2024-08-24 22:00:00,13156.0,12899.164218529186
2024-08-24 23:00:00,12463.0,12475.11719051742
2024-08-25 00:00:00,12203.0,12201.847902054516
2024-08-25 01:00:00,12228.0,12146.197538148666
2024-08-25 02:00:00,11901.0,11936.614881831949
2024-08-25 03:00:00,11508.0,11531.77899625182
2024-08-25 04:00:00,11376.0,11426.348374034902
2024-08-25 05:00:00,10960.0,10981.506757093905
2024-08-25 06:00:00,10821.0,10819.458622538845
2024-08-25 07:00:00,11000.0,11025.922043134247
2024-08-25 08:00:00,11326.0,11358.536618581053
2024-08-25 09:00:00,11441.0,11451.12830701104
2024-08-25 10:00:00,11617.0,11641.444389210552
2024-08-25 11:00:00,11902.0,11911.333877434392
2024-08-25 12:00:00,12229.0,12175.008496693534
2024-08-25 13:00:00,12176.0,12138.676513865343
2024-08-25 14:00:00,12120.0,12132.436849876467
2024-08-25 15:00:00,11736.0,11736.076718834142
2024-08-25 16:00:00,11370.0,11415.117583541001
2024-08-25 17:00:00,11139.0,11136.27624814821
2024-08-25 18:00:00,12861.0,12622.396586902425
2024-08-25 18:30:00,12836.0,12499.695183128477
2024-08-25 19:00:00,12689.0,12522.988494327528
2024-08-25 20:00:00,12728.0,12567.370714487291
2024-08-25 21:00:00,12739.0,12554.050796192258
2024-08-25 22:00:00,12529.0,12516.626676627136
2024-08-25 23:00:00,12500.0,12385.614051219029
2024-08-26 00:00:00,11908.0,11977.15563262955
2024-08-26 01:00:00,11390.0,11418.71346208486
2024-08-26 02:00:00,11045.0,11033.76782121308
2024-08-26 03:00:00,10858.0,10789.88951923303
2024-08-26 04:00:00,10764.0,10807.556364222992
2024-08-26 05:00:00,10173.0,10241.593091776014
2024-08-26 06:00:00,10029.0,10084.627819181746
2024-08-26 07:00:00,10076.0,10141.205558580572
2024-08-26 08:00:00,10275.0,10298.517825350324
2024-08-26 09:00:00,10430.0,10462.97074292307
2024-08-26 10:00:00,10695.0,10737.319451204501
2024-08-26 11:00:00,11031.0,11075.328519760178
2024-08-26 12:00:00,11596.0,11583.662571976694
2024-08-26 13:00:00,11379.0,11349.513001522735
2024-08-26 14:00:00,11408.0,11460.691433994318
2024-08-26 15:00:00,11250.0,11302.622848160057
2024-08-26 16:00:00,10899.0,10950.997968395177
2024-08-26 17:00:00,10980.0,11154.599027632277
2024-08-26 18:00:00,12641.0,12610.652624974047
2024-08-26 18:30:00,12969.0,12938.791817672094
2024-08-26 19:00:00,13033.0,12917.933899274718
2024-08-26 20:00:00,12984.0,12840.816453180485
2024-08-26 21:00:00,12811.0,12761.16537812548
2024-08-26 22:00:00,12774.0,12618.783775044916
2024-08-26 23:00:00,12606.0,12544.730086399379
2024-08-27 00:00:00,11817.0,11854.845061791333
2024-08-27 01:00:00,11463.0,11548.955550264645
2024-08-27 02:00:00,11273.0,11086.536883848148
2024-08-27 03:00:00,11162.0,11139.967079217142
2024-08-27 04:00:00,10952.0,10927.744165906786
2024-08-27 05:00:00,10428.0,10484.568344570464
2024-08-27 06:00:00,10451.0,10466.916260910359
2024-08-27 07:00:00,10638.0,10656.910639852375
2024-08-27 08:00:00,11119.0,11152.460415678568
2024-08-27 09:00:00,11200.0,11195.463563571513
2024-08-27 10:00:00,11511.0,11562.535717335639
2024-08-27 11:00:00,11888.0,11932.505131199818
2024-08-27 12:00:00,12197.0,12279.783686427882
2024-08-27 13:00:00,12263.0,12237.87652665011
2024-08-27 14:00:00,12419.0,12317.206736142069
2024-08-27 15:00:00,12298.0,12217.760422013973
2024-08-27 16:00:00,12139.0,12096.699558618318
2024-08-27 17:00:00,11615.0,11591.435411386834
2024-08-27 18:00:00,13554.0,13151.747930672796
2024-08-27 18:30:00,13827.0,13397.905703985587
2024-08-27 19:00:00,13558.0,13340.001190816192
2024-08-27 20:00:00,13691.0,13251.927962536422
2024-08-27 21:00:00,13357.0,13113.748437703325
2024-08-27 22:00:00,13353.0,13166.727249102838
2024-08-27 23:00:00,13352.0,13109.500632091045
2024-08-28 00:00:00,12806.0,12454.984994350702
2024-08-28 01:00:00,12150.0,12077.230886721532
2024-08-28 02:00:00,12119.0,12078.266320290197
2024-08-28 03:00:00,11792.0,11734.841053694905
2024-08-28 04:00:00,11650.0,11718.166697367104
2024-08-28 05:00:00,11361.0,11346.012202805554
2024-08-28 06:00:00,11366.0,11340.042729594625
2024-08-28 07:00:00,11620.0,11688.879081644482
2024-08-28 08:00:00,11811.0,11821.706201094317
2024-08-28 09:00:00,11936.0,11939.954803425833
2024-08-28 10:00:00,12285.0,12315.612844568097
2024-08-28 11:00:00,12799.0,12690.935402072213
2024-08-28 12:00:00,12856.0,12720.267401227484
2024-08-28 13:00:00,12912.0,12656.478398359111
2024-08-28 14:00:00,13011.0,12903.983603437384
2024-08-28 15:00:00,12770.0,12546.368869583039
2024-08-28 16:00:00,12372.0,12395.966339655632
2024-08-28 17:00:00,12071.0,12004.36614606286
2024-08-28 18:00:00,13849.0,12853.767082135857
2024-08-28 18:30:00,13845.0,13223.041485048578
2024-08-28 19:00:00,13858.0,13146.162047975537
2024-08-28 20:00:00,13957.0,13128.83824775185
2024-08-28 21:00:00,13776.0,13025.424959688387
2024-08-28 22:00:00,13726.0,13047.036354411215
2024-08-28 23:00:00,13625.0,13067.998908542868
2024-08-29 00:00:00,12862.0,12531.002627521715
2024-08-29 01:00:00,12689.0,12538.711093019543
2024-08-29 02:00:00,12397.0,12257.088278732648
2024-08-29 03:00:00,12268.0,12230.706672411923
2024-08-29 04:00:00,12087.0,12061.144672169883
2024-08-29 05:00:00,11755.0,11733.201853951181
2024-08-29 06:00:00,11578.0,11698.193380859264
2024-08-29 07:00:00,11668.0,11780.906053584606
2024-08-29 08:00:00,12247.0,12196.871677717741
2024-08-29 09:00:00,12600.0,12306.872416830496
2024-08-29 10:00:00,12599.0,12269.8525295116
2024-08-29 11:00:00,12673.0,12122.826575078732
2024-08-29 12:00:00,13008.0,12267.228359502673
2024-08-29 13:00:00,13087.0,12535.616328463737
2024-08-29 14:00:00,13299.0,12485.94025115764
2024-08-29 15:00:00,13179.0,12590.205323039896
2024-08-29 16:00:00,12390.0,12488.581821650483
2024-08-29 17:00:00,12451.0,12206.739741750658
2024-08-29 18:00:00,14320.0,12592.944094562165
2024-08-29 18:30:00,14298.0,13019.202240557106
2024-08-29 19:00:00,14388.0,13295.158537433424
2024-08-29 20:00:00,14301.0,13002.75599906458
2024-08-29 21:00:00,14292.0,13006.820640282254
2024-08-29 22:00:00,14276.0,12924.136547691038
2024-08-29 23:00:00,14229.0,13093.080913429278
2024-08-30 00:00:00,13263.0,12356.789535433996
2024-08-30 01:00:00,12979.0,12589.032090725761
2024-08-30 02:00:00,12832.0,12321.412401481532
2024-08-30 03:00:00,12432.0,12207.291900976837
2024-08-30 04:00:00,12250.0,12188.947944936388
2024-08-30 05:00:00,11835.0,11794.589800746862
2024-08-30 06:00:00,11397.0,11560.369762966659
2024-08-30 07:00:00,11447.0,11494.187041318459
2024-08-30 08:00:00,11483.0,11504.172108799572
2024-08-30 09:00:00,11577.0,11623.87922375049
2024-08-30 10:00:00,11652.0,11631.102676253462
2024-08-30 11:00:00,12219.0,12185.739697749501
2024-08-30 12:00:00,12751.0,12526.33063935763
2024-08-30 13:00:00,12248.0,12270.339413622418
2024-08-30 14:00:00,12525.0,12453.33241021306
2024-08-30 15:00:00,12240.0,12233.639121647737
2024-08-30 16:00:00,11672.0,11734.660625500033
2024-08-30 17:00:00,11242.0,11160.861784903887
2024-08-30 18:00:00,13084.0,12857.901506076576
2024-08-30 18:30:00,13667.0,13307.088232098591
2024-08-30 19:00:00,13716.0,13412.020168705445
2024-08-30 20:00:00,13793.0,13549.296356259
2024-08-30 21:00:00,13822.0,13221.249959175762
2024-08-30 22:00:00,13869.0,12867.792785954114
2024-08-30 23:00:00,13744.0,12652.123542555633
2024-08-31 00:00:00,13228.0,12511.06561321748
2024-08-31 01:00:00,13161.0,12668.63539591391
2024-08-31 02:00:00,12949.0,12611.956541504316
2024-08-31 03:00:00,12786.0,12517.48916840958
2024-08-31 04:00:00,12758.0,12512.698663155024
2024-08-31 05:00:00,12255.0,12355.105936742366
2024-08-31 06:00:00,11884.0,11911.110055013887
2024-08-31 07:00:00,11705.0,11747.808698921635
2024-08-31 08:00:00,11935.0,11988.869588661786
2024-08-31 09:00:00,12082.0,12049.388498040214
2024-08-31 10:00:00,12450.0,12285.098806986787
2024-08-31 11:00:00,12809.0,12618.684680831828
2024-08-31 12:00:00,13213.0,13000.124969754945
2024-08-31 13:00:00,13282.0,13118.714218192243
2024-08-31 14:00:00,13346.0,12909.892582773611
2024-08-31 15:00:00,13246.0,13015.62086813668
2024-08-31 16:00:00,12776.0,12631.659690384355
2024-08-31 17:00:00,12517.0,12326.65320678969
2024-08-31 18:00:00,14392.0,12771.37089266164
2024-08-31 18:30:00,14612.0,13257.75164603588
2024-08-31 19:00:00,14536.0,13195.292924688536
2024-08-31 20:00:00,14610.0,13312.57682888722
2024-08-31 21:00:00,14409.0,12926.816972437866
2024-08-31 22:00:00,14268.0,12741.939542504228
2024-08-31 23:00:00,14169.0,12742.984039099012
2024-09-01 00:00:00,13814.0,12539.996171675879
2024-09-01 01:00:00,13753.0,12765.72744278483
2024-09-01 02:00:00,13367.0,12940.863176486628
2024-09-01 03:00:00,12993.0,12622.116263987586
2024-09-01 04:00:00,12904.0,12600.654578894048
2024-09-01 05:00:00,12401.0,12341.096741759962
2024-09-01 06:00:00,12248.0,12143.05926504078
2024-09-01 07:00:00,12047.0,11992.702317276766
2024-09-01 08:00:00,12286.0,12166.910607305517
2024-09-01 09:00:00,12518.0,12453.257575749843
2024-09-01 10:00:00,12389.0,12180.709762948003
2024-09-01 11:00:00,12883.0,12528.509015698051
2024-09-01 12:00:00,13039.0,12842.213546213725
2024-09-01 13:00:00,12849.0,12416.742370864897
2024-09-01 14:00:00,12754.0,12207.394877178172
2024-09-01 15:00:00,12704.0,12385.513637119046
2024-09-01 16:00:00,12577.0,12167.38582838634
2024-09-01 17:00:00,12524.0,12498.563326719357
2024-09-01 18:00:00,14150.0,12713.18623315039
2024-09-01 18:30:00,14479.0,13138.511440755057
2024-09-01 19:00:00,14358.0,13046.409472651392
2024-09-01 20:00:00,14448.0,13376.178333489488
2024-09-01 21:00:00,14231.0,12927.322301029442
2024-09-01 22:00:00,13934.0,12573.681383717778
2024-09-01 23:00:00,13638.0,12586.725816536613
2024-09-02 00:00:00,13060.0,12358.660755534522
2024-09-02 01:00:00,12942.0,12360.714282075476
2024-09-02 02:00:00,12664.0,12349.300885133096
2024-09-02 03:00:00,12648.0,11933.272052770235
2024-09-02 04:00:00,12646.0,12108.494442810164
2024-09-02 05:00:00,12196.0,12201.83365236426
2024-09-02 06:00:00,12256.0,12173.351279420134
2024-09-02 07:00:00,12138.0,12006.532993584495
2024-09-02 08:00:00,12221.0,12281.06724121454
2024-09-02 09:00:00,12638.0,12430.600057645377
2024-09-02 10:00:00,12549.0,12311.490797437933
2024-09-02 11:00:00,12699.0,12105.235123064169
2024-09-02 12:00:00,12860.0,12207.11425207518
2024-09-02 13:00:00,12947.0,12328.455977962181
2024-09-02 14:00:00,12894.0,12472.286693760301
2024-09-02 15:00:00,12997.0,12618.005108929054
2024-09-02 16:00:00,12930.0,12748.72940073394
2024-09-02 17:00:00,12527.0,12410.68977150854
2024-09-02 18:00:00,14402.0,12698.250494773723
2024-09-02 18:30:00,14630.0,13178.337413609972
2024-09-02 19:00:00,14505.0,13094.572281580984
2024-09-02 20:00:00,14389.0,13082.056636029363
2024-09-02 21:00:00,14216.0,12967.578920828093
2024-09-02 22:00:00,13841.0,12619.755568036811
2024-09-02 23:00:00,13380.0,12376.762285925493
2024-09-03 00:00:00,13143.0,12315.10905007021
2024-09-03 01:00:00,13115.0,12387.203317408674
2024-09-03 02:00:00,13070.0,12652.738037579158
2024-09-03 03:00:00,12681.0,12505.06740832741
2024-09-03 04:00:00,12023.0,12042.04205200585
2024-09-03 05:00:00,11465.0,11592.498928911611
2024-09-03 06:00:00,11212.0,11142.738950747718
2024-09-03 07:00:00,11300.0,11187.738053521849
2024-09-03 08:00:00,11402.0,11295.761830211717
2024-09-03 09:00:00,11707.0,11717.888237497442
2024-09-03 10:00:00,12126.0,12062.692821434604
2024-09-03 11:00:00,12366.0,12305.128001940222
2024-09-03 12:00:00,12518.0,12187.949098261557
2024-09-03 13:00:00,12620.0,12264.505704264418
2024-09-03 14:00:00,12581.0,12081.496991626695
2024-09-03 15:00:00,12547.0,12079.118792960007
2024-09-03 16:00:00,12387.0,12090.198034359108
2024-09-03 17:00:00,12320.0,12287.613160536372
2024-09-03 18:00:00,14023.0,12555.419108509
2024-09-03 18:30:00,14226.0,13097.317709942088
2024-09-03 19:00:00,14103.0,13096.316077735097
2024-09-03 20:00:00,14363.0,13245.940590331873
2024-09-03 21:00:00,14220.0,13261.625331559875
2024-09-03 22:00:00,13776.0,12804.566620185678
2024-09-03 23:00:00,13493.0,12631.132617889614
2024-09-04 00:00:00,13056.0,12469.971417721013
2024-09-04 01:00:00,12879.0,12495.08630926197
2024-09-04 02:00:00,12660.0,12260.67794417866
2024-09-04 03:00:00,12627.0,12348.654805348206
2024-09-04 04:00:00,12353.0,12212.807168479487
2024-09-04 05:00:00,11843.0,11890.92799464598
2024-09-04 06:00:00,11709.0,11823.852726589861
2024-09-04 07:00:00,11713.0,11711.805898315308
2024-09-04 08:00:00,12066.0,11995.263141762822
2024-09-04 09:00:00,12301.0,12144.197962553737
2024-09-04 10:00:00,12575.0,12172.271003056236
2024-09-04 11:00:00,12911.0,12073.592673388626
2024-09-04 12:00:00,12978.0,12445.574397013519
2024-09-04 13:00:00,12933.0,12556.43843473555
2024-09-04 14:00:00,12735.0,12338.884146259428
2024-09-04 15:00:00,12741.0,12353.20542848682
2024-09-04 16:00:00,12631.0,12288.395513416212
2024-09-04 17:00:00,12574.0,12499.068654475925
2024-09-04 18:00:00,13587.0,12292.088325459032
2024-09-04 18:30:00,13699.0,12904.347152956394
2024-09-04 19:00:00,13887.0,12895.475219630798
2024-09-04 20:00:00,14107.0,12993.476016316643
2024-09-04 21:00:00,13720.0,12560.557173173689
2024-09-04 22:00:00,13676.0,12592.255065109926
2024-09-04 23:00:00,13448.0,12383.823200373441
2024-09-05 00:00:00,12889.0,12205.913903420766
2024-09-05 01:00:00,12822.0,11903.349326674468
2024-09-05 02:00:00,12759.0,12000.12894157871
2024-09-05 03:00:00,12679.0,12052.03100381401
2024-09-05 04:00:00,12492.0,12124.977988095421
2024-09-05 05:00:00,12146.0,12073.531328775329
2024-09-05 06:00:00,12196.0,12161.161224163494
2024-09-05 07:00:00,11990.0,11968.873482593159
2024-09-05 08:00:00,11873.0,11773.33465089194
2024-09-05 09:00:00,11987.0,11663.674707462862
2024-09-05 10:00:00,12219.0,11773.623676703326
2024-09-05 11:00:00,12252.0,11672.696835912187
2024-09-05 12:00:00,12247.0,11683.21074927561
2024-09-05 13:00:00,12390.0,11661.133070025824
2024-09-05 14:00:00,12526.0,11646.582902495198
2024-09-05 15:00:00,12599.0,11960.554347385345
2024-09-05 16:00:00,12536.0,12105.791775462872
2024-09-05 17:00:00,12554.0,12251.83625672768
2024-09-05 18:00:00,13303.0,12029.847744734654
2024-09-05 18:30:00,13868.0,12825.258510323887
2024-09-05 19:00:00,13966.0,12871.429597998604
2024-09-05 20:00:00,13976.0,12908.393539505554
2024-09-05 21:00:00,13833.0,12673.831501917459
2024-09-05 22:00:00,13424.0,12456.166715377423
2024-09-05 23:00:00,13196.0,12327.009421902252
2024-09-06 00:00:00,12984.0,12278.27059330618
2024-09-06 01:00:00,12779.0,12280.916476304797
2024-09-06 02:00:00,12655.0,12081.971853000372
2024-09-06 03:00:00,12358.0,12206.577138454153
2024-09-06 04:00:00,12186.0,12050.959806278119
2024-09-06 05:00:00,11272.0,11087.647163147321
2024-09-06 06:00:00,10815.0,10762.153050198402
2024-09-06 07:00:00,10798.0,10738.598153850062
2024-09-06 08:00:00,10638.0,10689.057332123924
2024-09-06 09:00:00,11023.0,11046.375548659063
2024-09-06 10:00:00,11319.0,11335.043486382472
2024-09-06 11:00:00,11706.0,11667.252961685317
2024-09-06 12:00:00,12458.0,12368.472091266256
2024-09-06 13:00:00,12225.0,12119.134198866408
2024-09-06 14:00:00,12479.0,12405.592831025991
2024-09-06 15:00:00,11871.0,11833.633190890463
2024-09-06 16:00:00,11854.0,11934.796374587737
2024-09-06 17:00:00,11381.0,11326.043627930481
2024-09-06 18:00:00,13507.0,13016.86877511958
2024-09-06 18:30:00,13807.0,13432.213637800902
2024-09-06 19:00:00,13911.0,13518.333567048014
2024-09-06 20:00:00,14253.0,13515.629387586436
2024-09-06 21:00:00,14182.0,13289.575383339476
2024-09-06 22:00:00,14036.0,12866.811732168486
2024-09-06 23:00:00,14092.0,12882.589368574134
2024-09-07 00:00:00,13506.0,12477.256764499161
2024-09-07 01:00:00,13163.0,12474.239566078253
2024-09-07 02:00:00,12924.0,12482.595122679655
2024-09-07 03:00:00,12806.0,12321.117519255946
2024-09-07 04:00:00,12512.0,12072.715355614613
2024-09-07 05:00:00,12073.0,12009.640806975081
2024-09-07 06:00:00,11787.0,11792.381524783805
2024-09-07 07:00:00,11542.0,11615.179375052427
2024-09-07 08:00:00,11876.0,11907.751559207383
2024-09-07 09:00:00,12057.0,12085.394193087934
2024-09-07 10:00:00,12317.0,12297.865301078227
2024-09-07 11:00:00,12451.0,11986.525183258042
2024-09-07 12:00:00,12553.0,11802.46380307955
2024-09-07 13:00:00,12687.0,11849.158825681374
2024-09-07 14:00:00,12549.0,11804.633604565599
2024-09-07 15:00:00,12442.0,11756.58814192701
2024-09-07 16:00:00,12411.0,11842.853025170876
2024-09-07 17:00:00,12649.0,12055.61630422051
2024-09-07 18:00:00,13876.0,12213.579745012024
2024-09-07 18:30:00,14332.0,12931.235528362995
2024-09-07 19:00:00,14373.0,12853.514058045586
2024-09-07 20:00:00,14233.0,12742.560778559993
2024-09-07 21:00:00,14128.0,12535.103932050342
2024-09-07 22:00:00,14085.0,12512.546209772856
2024-09-07 23:00:00,15400.0,12759.536424467986
2024-09-08 00:00:00,13544.0,12066.087489156573
2024-09-08 01:00:00,13395.0,12519.467807560699
2024-09-08 02:00:00,13263.0,12644.602078893526
2024-09-08 03:00:00,13121.0,12636.569591972762
2024-09-08 04:00:00,13079.0,12656.550646902228
2024-09-08 05:00:00,12595.0,12440.203200447724
2024-09-08 06:00:00,12608.0,12440.675863285245
2024-09-08 07:00:00,12636.0,12342.402451321901
2024-09-08 08:00:00,12504.0,12306.443556816022
2024-09-08 09:00:00,12505.0,11796.359992300895
2024-09-08 10:00:00,12459.0,11622.076346949665
2024-09-08 11:00:00,12897.0,11681.72325946568
2024-09-08 12:00:00,12961.0,12243.910854632428
2024-09-08 13:00:00,12792.0,12187.175953953016
2024-09-08 14:00:00,12750.0,11740.017524820827
2024-09-08 15:00:00,12469.0,11534.600918777378
2024-09-08 16:00:00,12411.0,11730.395193985525
2024-09-08 17:00:00,12517.0,11922.506444025794
2024-09-08 18:00:00,14058.0,12217.361039277
2024-09-08 18:30:00,14385.0,12789.510829034376
2024-09-08 19:00:00,14548.0,12916.429422137508
2024-09-08 20:00:00,14501.0,12791.335507585518
2024-09-08 21:00:00,14482.0,12780.966240880773
2024-09-08 22:00:00,14110.0,12413.146398457313
2024-09-08 23:00:00,13921.0,12452.21784068468
2024-09-09 00:00:00,13489.0,12204.743897298611
2024-09-09 01:00:00,13486.0,12414.780940195214
2024-09-09 02:00:00,13377.0,12464.548515063483
2024-09-09 03:00:00,13309.0,12422.087068295648
2024-09-09 04:00:00,13192.0,12509.088547766954
2024-09-09 05:00:00,12805.0,12467.519418109074
2024-09-09 06:00:00,12544.0,12133.654148822312
2024-09-09 07:00:00,12420.0,12009.40172742802
2024-09-09 08:00:00,12429.0,11921.599584677302
2024-09-09 09:00:00,12424.0,11671.037942696104
2024-09-09 10:00:00,12513.0,11715.106736877811
2024-09-09 11:00:00,12701.0,11658.241033341268
2024-09-09 12:00:00,12833.0,11719.358899505336
2024-09-09 13:00:00,12892.0,11775.772106596916
2024-09-09 14:00:00,12788.0,12144.152186446505
2024-09-09 15:00:00,12770.0,11610.79267312216
2024-09-09 16:00:00,12670.0,11806.602978786746
2024-09-09 17:00:00,12584.0,11978.784872200978
2024-09-09 18:00:00,13429.0,11906.64671193664
2024-09-09 18:30:00,13867.0,12412.760228003615
2024-09-09 19:00:00,13894.0,12381.922841966
2024-09-09 20:00:00,14034.0,11969.943613240293
2024-09-09 21:00:00,13823.0,11248.396892829127
2024-09-09 22:00:00,13420.0,11119.694117193729
2024-09-09 23:00:00,13279.0,11123.379093489559
2024-09-10 00:00:00,12899.0,10962.986800120716
2024-09-10 01:00:00,12853.0,10939.376781244753
2024-09-10 02:00:00,12845.0,11696.9316352946
2024-09-10 03:00:00,12826.0,11844.441029087264
2024-09-10 04:00:00,12712.0,11888.038162893721
2024-09-10 05:00:00,12362.0,11692.996611487832
2024-09-10 06:00:00,12308.0,11630.843046552376
2024-09-10 07:00:00,12381.0,11643.844460499475
2024-09-10 08:00:00,12380.0,11549.040567276414
2024-09-10 09:00:00,12528.0,11542.426665166351
2024-09-10 10:00:00,12728.0,11461.13795220128
2024-09-10 11:00:00,12869.0,11673.892166420264
2024-09-10 12:00:00,12689.0,11690.7682278977
2024-09-10 13:00:00,12667.0,10312.814369738411
2024-09-10 14:00:00,12609.0,10322.176162023972
2024-09-10 15:00:00,12540.0,10375.486242484483
2024-09-10 16:00:00,12444.0,10331.72455126479
2024-09-10 17:00:00,12171.0,11223.486188491814
2024-09-10 18:00:00,13502.0,11744.544590261072
2024-09-10 18:30:00,13949.0,12732.914341096512
2024-09-10 19:00:00,14013.0,12585.449072591658
2024-09-10 20:00:00,14650.0,13087.758489355867
2024-09-10 21:00:00,14654.0,13046.77895121633
2024-09-10 22:00:00,14437.0,12793.12662595577
2024-09-10 23:00:00,13999.0,12494.249640871329
2024-09-11 00:00:00,13499.0,12314.770642429445
2024-09-11 01:00:00,13337.0,12347.6581667417
2024-09-11 02:00:00,13237.0,12346.287202494746
2024-09-11 03:00:00,13112.0,12334.59567929308
2024-09-11 04:00:00,13088.0,12337.873202624154
2024-09-11 05:00:00,12847.0,12360.4317107528
2024-09-11 06:00:00,12682.0,12225.604993670462
2024-09-11 07:00:00,12629.0,12156.417415123145
2024-09-11 08:00:00,12515.0,11833.830291218605
2024-09-11 09:00:00,12447.0,11670.569270291593
2024-09-11 10:00:00,12625.0,11644.306487767011
2024-09-11 11:00:00,12861.0,11722.696126388957
2024-09-11 12:00:00,13078.0,11898.53766047787
2024-09-11 13:00:00,13154.0,12343.36852224602
2024-09-11 14:00:00,13068.0,12284.292075381818
2024-09-11 15:00:00,12910.0,12187.341238587185
2024-09-11 16:00:00,12796.0,12404.025919248661
2024-09-11 17:00:00,12913.0,12319.917516216728
2024-09-11 18:00:00,14315.0,12937.024641091937
2024-09-11 18:30:00,14629.0,13158.159601677984
2024-09-11 19:00:00,14687.0,13036.764421728665
2024-09-11 20:00:00,14811.0,13056.410631006067
2024-09-11 21:00:00,14581.0,12828.142692038758
2024-09-11 22:00:00,14273.0,12749.596994272619
2024-09-11 23:00:00,13906.0,12527.620703870321
2024-09-12 00:00:00,13453.0,12389.777046123327
2024-09-12 01:00:00,13251.0,12461.731595336509
2024-09-12 02:00:00,13198.0,12441.02964004029
2024-09-12 03:00:00,13049.0,12443.085169568352
2024-09-12 04:00:00,13026.0,12607.68469842057
2024-09-12 05:00:00,12827.0,12537.052323382124
2024-09-12 06:00:00,12688.0,12239.359596770159
2024-09-12 07:00:00,12739.0,12120.172648858776
2024-09-12 08:00:00,12649.0,12015.407697780289
2024-09-12 09:00:00,12732.0,11935.84337092373
2024-09-12 10:00:00,12874.0,12098.52743033984
2024-09-12 11:00:00,13260.0,12076.626990498838
2024-09-12 12:00:00,13411.0,12463.735705043777
2024-09-12 13:00:00,13393.0,12439.441271597387
2024-09-12 14:00:00,13335.0,12470.521064798353
2024-09-12 15:00:00,13042.0,12494.283092734937
2024-09-12 16:00:00,12836.0,12515.424334497491
2024-09-12 17:00:00,12966.0,12553.69677786781
2024-09-12 18:00:00,14157.0,13034.054955599006
2024-09-12 18:30:00,14354.0,13171.011839748347
2024-09-12 19:00:00,14475.0,13335.834050630101
2024-09-12 20:00:00,14826.0,13499.637138384916
2024-09-12 21:00:00,14732.0,13303.078244541122
2024-09-12 22:00:00,14441.0,12867.415826007438
2024-09-12 23:00:00,13841.0,12562.665140057818
2024-09-13 00:00:00,13302.0,12402.153892545733
2024-09-13 01:00:00,13224.0,12534.84632344658
2024-09-13 02:00:00,13212.0,12515.060247272599
2024-09-13 03:00:00,13014.0,12478.126671190365
2024-09-13 04:00:00,12849.0,12492.1330767064
2024-09-13 05:00:00,12406.0,12099.339974711487
2024-09-13 06:00:00,11982.0,11856.253103725769
2024-09-13 07:00:00,11980.0,11941.758548236048
2024-09-13 08:00:00,11871.0,11842.246456779347
2024-09-13 09:00:00,11886.0,11864.572930298953
2024-09-13 10:00:00,11923.0,11883.112795407007
2024-09-13 11:00:00,12454.0,12414.995299894317
2024-09-13 12:00:00,12844.0,12652.7719922022
2024-09-13 13:00:00,12133.0,12059.82969320585
2024-09-13 14:00:00,12128.0,12076.743682289687
2024-09-13 15:00:00,11537.0,11558.269606145053
2024-09-13 16:00:00,10762.0,10804.222304298855
2024-09-13 17:00:00,10662.0,10553.508328093163
2024-09-13 18:00:00,12117.0,12088.138509781415
2024-09-13 18:30:00,12158.0,12156.73103526517
2024-09-13 19:00:00,11973.0,12004.506957499249
2024-09-13 20:00:00,12199.0,12190.484773252425
2024-09-13 21:00:00,12056.0,12045.919435818758
2024-09-13 22:00:00,11942.0,11916.087979342781
2024-09-13 23:00:00,11470.0,11406.36762454879
2024-09-14 00:00:00,10763.0,10832.4162170092
2024-09-14 01:00:00,10344.0,10366.258733660006
2024-09-14 02:00:00,9930.0,9923.558133196168
2024-09-14 03:00:00,9471.0,9365.070252916246
2024-09-14 04:00:00,8610.0,8385.386107275457
2024-09-14 05:00:00,7837.0,7760.040242693472
2024-09-14 06:00:00,7916.0,7802.097455944397
2024-09-14 07:00:00,8509.0,8296.111783831931
2024-09-14 08:00:00,9188.0,9190.926270399375
2024-09-14 09:00:00,9566.0,9584.957684967912
2024-09-14 10:00:00,9621.0,9654.827949359671
2024-09-14 11:00:00,10079.0,10079.051670232533
2024-09-14 12:00:00,10543.0,10555.542178393343
2024-09-14 13:00:00,10320.0,10328.64716767815
2024-09-14 14:00:00,10402.0,10403.528728267996
2024-09-14 15:00:00,10299.0,10318.710089023774
2024-09-14 16:00:00,10182.0,10221.044318875129
2024-09-14 17:00:00,10128.0,10180.744699249703
2024-09-14 18:00:00,11453.0,11534.152453643965
2024-09-14 18:30:00,11401.0,11496.678973351862
2024-09-14 19:00:00,11456.0,11523.050384065582
2024-09-14 20:00:00,11228.0,11236.700436620009
2024-09-14 21:00:00,10739.0,10803.307684216785
2024-09-14 22:00:00,10754.0,10793.81839459072
2024-09-14 23:00:00,10802.0,10842.88194465712
2024-09-15 00:00:00,10160.0,10279.3889468543
2024-09-15 01:00:00,9933.0,10021.271015335355
2024-09-15 02:00:00,9469.0,9543.654245654558
2024-09-15 03:00:00,9059.0,9106.597982333271
2024-09-15 04:00:00,8937.0,8979.2319239215
2024-09-15 05:00:00,8695.0,8729.920741225947
2024-09-15 06:00:00,8906.0,8921.373812654738
2024-09-15 07:00:00,8978.0,8994.182681627888
2024-09-15 08:00:00,9334.0,9355.84911268287
2024-09-15 09:00:00,9638.0,9667.300757265415
2024-09-15 10:00:00,9840.0,9910.067556417198
2024-09-15 11:00:00,10333.0,10376.366127440922
2024-09-15 12:00:00,10390.0,10414.974260262714
2024-09-15 13:00:00,10251.0,10254.95960427109
2024-09-15 14:00:00,10296.0,10318.869902271234
2024-09-15 15:00:00,10388.0,10438.092791621975
2024-09-15 16:00:00,10298.0,10326.68658207834
2024-09-15 17:00:00,10764.0,10780.515393220447
2024-09-15 18:00:00,11834.0,11855.949325744896
2024-09-15 18:30:00,11876.0,11887.92296811455
2024-09-15 19:00:00,11948.0,11967.478995282961
2024-09-15 20:00:00,11679.0,11725.991288757848
2024-09-15 21:00:00,11030.0,11079.46117556622
2024-09-15 22:00:00,11091.0,11117.318288366938
2024-09-15 23:00:00,11014.0,11079.04528758438
2024-09-16 00:00:00,10674.0,10664.639799817147
2024-09-16 01:00:00,10333.0,10360.511072945226
2024-09-16 02:00:00,10065.0,10051.703981429153
2024-09-16 03:00:00,9809.0,9797.148023573283
2024-09-16 04:00:00,9631.0,9613.72303701079
2024-09-16 05:00:00,9207.0,9217.29948995044
2024-09-16 06:00:00,9286.0,9269.126423506306
2024-09-16 07:00:00,9447.0,9402.940894323541
2024-09-16 08:00:00,9734.0,9757.538024704176
2024-09-16 09:00:00,9955.0,9979.24255536523
2024-09-16 10:00:00,10347.0,10353.162756889955
2024-09-16 11:00:00,10996.0,10954.534805784246
2024-09-16 12:00:00,11252.0,11232.653780360622
2024-09-16 13:00:00,11438.0,11415.208919268807
2024-09-16 14:00:00,11521.0,11522.853312194766
2024-09-16 15:00:00,11438.0,11404.168502506449
2024-09-16 16:00:00,11163.0,11162.394360752705
2024-09-16 17:00:00,11682.0,11643.210842507324
2024-09-16 18:00:00,13101.0,12996.59145449464
2024-09-16 18:30:00,13294.0,13141.124962691261
2024-09-16 19:00:00,13328.0,13108.60206166237
2024-09-16 20:00:00,13178.0,13061.834869126953
2024-09-16 21:00:00,13274.0,13106.244944166529
2024-09-16 22:00:00,12888.0,12753.207615598423
2024-09-16 23:00:00,12754.0,12538.474296953038
2024-09-17 00:00:00,12343.0,12324.019647059118
2024-09-17 01:00:00,11893.0,11802.179541402249
2024-09-17 02:00:00,11642.0,11701.577392558398
2024-09-17 03:00:00,11331.0,11261.181992917143
2024-09-17 04:00:00,11148.0,11108.890303449836
2024-09-17 05:00:00,10774.0,10790.710347102935
2024-09-17 06:00:00,11118.0,11207.858626898284
2024-09-17 07:00:00,11365.0,11407.318650283578
2024-09-17 08:00:00,11727.0,11794.54500591476
2024-09-17 09:00:00,12250.0,12200.609813865847
2024-09-17 10:00:00,12663.0,12510.136036285285
2024-09-17 11:00:00,13091.0,12877.515926463004
2024-09-17 12:00:00,13280.0,12885.613511828198
2024-09-17 13:00:00,13369.0,13255.615018511677
2024-09-17 14:00:00,13534.0,13285.344892671492
2024-09-17 15:00:00,13139.0,12968.783302315222
2024-09-17 16:00:00,12935.0,12749.50155751894
2024-09-17 17:00:00,12829.0,12514.554304357009
2024-09-17 18:00:00,14603.0,13272.299417762113
2024-09-17 18:30:00,14752.0,13409.032919702006
2024-09-17 19:00:00,14533.0,13321.023163410171
2024-09-17 20:00:00,14531.0,13366.61869290506
2024-09-17 21:00:00,14471.0,13297.492975870375
2024-09-17 22:00:00,14571.0,13288.266291499354
2024-09-17 23:00:00,14485.0,13214.173064239874
2024-09-18 00:00:00,13980.0,12872.822184242254
2024-09-18 01:00:00,13665.0,12872.519763388751
2024-09-18 02:00:00,13233.0,12831.54759885538
2024-09-18 03:00:00,12733.0,12487.474353050486
2024-09-18 04:00:00,12666.0,12487.173428188114
2024-09-18 05:00:00,12348.0,12356.025522926657
2024-09-18 06:00:00,12282.0,12323.057457080537
2024-09-18 07:00:00,12280.0,12133.428259541593
2024-09-18 08:00:00,12365.0,12218.68865959055
2024-09-18 09:00:00,12719.0,12459.40935294665
2024-09-18 10:00:00,13081.0,12757.200075797795
2024-09-18 11:00:00,13406.0,12917.602183116358
2024-09-18 12:00:00,13563.0,12962.169627053014
2024-09-18 13:00:00,13567.0,13036.405542725615
2024-09-18 14:00:00,13816.0,12804.986729943612
2024-09-18 15:00:00,13630.0,12888.08543365077
2024-09-18 16:00:00,13322.0,13170.951980430613
2024-09-18 17:00:00,13488.0,13338.265981616152
2024-09-18 18:00:00,15048.0,13571.216674553647
2024-09-18 18:30:00,15221.0,13556.302878275646
2024-09-18 19:00:00,15191.0,13540.3060804856
2024-09-18 20:00:00,15344.0,13582.033741981844
2024-09-18 21:00:00,15180.0,13468.927252785727
2024-09-18 22:00:00,15020.0,13222.040164782087
2024-09-18 23:00:00,14708.0,12896.62506106026
2024-09-19 00:00:00,14226.0,12713.578154168472
2024-09-19 01:00:00,14226.0,13119.542587595044
2024-09-19 02:00:00,13899.0,12922.816489733976
2024-09-19 03:00:00,13329.0,12900.262918126055
2024-09-19 04:00:00,12992.0,12738.245950799208
2024-09-19 05:00:00,12619.0,12467.22314451512
2024-09-19 06:00:00,12763.0,12559.859740137907
2024-09-19 07:00:00,12785.0,12529.314744732901
2024-09-19 08:00:00,12763.0,12542.690289614116
2024-09-19 09:00:00,13077.0,12764.10720474515
2024-09-19 10:00:00,13428.0,13105.403320530964
2024-09-19 11:00:00,13785.0,12782.548650509629
2024-09-19 12:00:00,13867.0,12795.503019595766
2024-09-19 13:00:00,13938.0,12674.893787873167
2024-09-19 14:00:00,13991.0,12614.71608134991
2024-09-19 15:00:00,13807.0,12590.334149781316
2024-09-19 16:00:00,13583.0,12716.632486461422
2024-09-19 17:00:00,13811.0,12978.72715022257
2024-09-19 18:00:00,15101.0,13058.873576112139
2024-09-19 18:30:00,15437.0,13248.141843650514
2024-09-19 19:00:00,15654.0,13384.111391329045
2024-09-19 20:00:00,15717.0,13456.440722453797
2024-09-19 21:00:00,15465.0,12979.618545769288
2024-09-19 22:00:00,15373.0,13113.593503266102
2024-09-19 23:00:00,15046.0,12776.17337220798
2024-09-20 00:00:00,14302.0,12376.085581991243
2024-09-20 01:00:00,14232.0,12621.834593208683
2024-09-20 02:00:00,14143.0,12662.649883499846
2024-09-20 03:00:00,14027.0,12725.823092211262
2024-09-20 04:00:00,13908.0,12707.505202119813
2024-09-20 05:00:00,13454.0,13089.205053271111
2024-09-20 06:00:00,12999.0,12837.44458669758
2024-09-20 07:00:00,12855.0,12701.281376183037
2024-09-20 08:00:00,12419.0,12461.439021875627
2024-09-20 09:00:00,12788.0,12636.774821199278
2024-09-20 10:00:00,13145.0,13089.025394538501
2024-09-20 11:00:00,13456.0,13656.624314243832
2024-09-20 12:00:00,13614.0,13252.453651702068
2024-09-20 13:00:00,13346.0,12996.825821555012
2024-09-20 14:00:00,13480.0,12686.830361546969
2024-09-20 15:00:00,13376.0,12943.382961673471
2024-09-20 16:00:00,13046.0,12907.377040497297
2024-09-20 17:00:00,13119.0,13182.27842509308
2024-09-20 18:00:00,14817.0,13448.56250460148
2024-09-20 18:30:00,14167.0,13314.254790094374
2024-09-20 19:00:00,14489.0,13647.506001401673
2024-09-20 20:00:00,14521.0,13646.538310792892
2024-09-20 21:00:00,14386.0,13560.63032520585
2024-09-20 22:00:00,13993.0,12952.509386539885
2024-09-20 23:00:00,13541.0,12727.089687487494
2024-09-21 00:00:00,13290.0,12611.673363195578
2024-09-21 01:00:00,13285.0,12721.765462193272
2024-09-21 02:00:00,13084.0,12654.277445723073
2024-09-21 03:00:00,13084.0,12940.633988988184
2024-09-21 04:00:00,12760.0,12577.059670179613
2024-09-21 05:00:00,12072.0,12071.75365598911
2024-09-21 06:00:00,11793.0,11850.833791165247
2024-09-21 07:00:00,11396.0,11495.482857651847
2024-09-21 08:00:00,11606.0,11753.063120216982
2024-09-21 09:00:00,11523.0,11613.772820952401
2024-09-21 10:00:00,11326.0,11225.685178927013
2024-09-21 11:00:00,12198.0,12279.17732550427
2024-09-21 12:00:00,12571.0,12554.655211953106
2024-09-21 13:00:00,12520.0,12377.190084375583
2024-09-21 14:00:00,12643.0,12536.609944767655
2024-09-21 15:00:00,11661.0,11654.4360213782
2024-09-21 16:00:00,11115.0,11143.872836450573
2024-09-21 17:00:00,10936.0,10835.271815408345
2024-09-21 18:00:00,11953.0,12040.48632964233
2024-09-21 18:30:00,12250.0,12323.749312458875
2024-09-21 19:00:00,12523.0,12574.616276793078
2024-09-21 20:00:00,12841.0,12880.803680739942
2024-09-21 21:00:00,13096.0,13015.73796986294
2024-09-21 22:00:00,13311.0,13284.698216676516
2024-09-21 23:00:00,13417.0,13238.191389507687
2024-09-22 00:00:00,13125.0,13092.015709280638
2024-09-22 01:00:00,12869.0,12795.656479850142
2024-09-22 02:00:00,12537.0,12601.116839671135
2024-09-22 03:00:00,12322.0,12344.612253256517
2024-09-22 04:00:00,11839.0,11881.485103185614
2024-09-22 05:00:00,11588.0,11670.092118126067
2024-09-22 06:00:00,11543.0,11568.74859519691
2024-09-22 07:00:00,11613.0,11724.950768493074
2024-09-22 08:00:00,11963.0,11989.883117223635
2024-09-22 09:00:00,12422.0,12561.934501262382
2024-09-22 10:00:00,13008.0,12924.03380513253
2024-09-22 11:00:00,13296.0,13202.878757142938
2024-09-22 12:00:00,13373.0,13057.99865152519
2024-09-22 13:00:00,13321.0,12740.635499507845
2024-09-22 14:00:00,13360.0,12629.367303219682
2024-09-22 15:00:00,13406.0,12622.344045578382
2024-09-22 16:00:00,13313.0,12673.933509694862
2024-09-22 17:00:00,13783.0,13060.719523175178
2024-09-22 18:00:00,14764.0,13216.591427254325
2024-09-22 18:30:00,15165.0,13292.196187346337
2024-09-22 19:00:00,15279.0,13308.8428505251
2024-09-22 20:00:00,15383.0,13346.371498905844
2024-09-22 21:00:00,15232.0,13215.815002502231
2024-09-22 22:00:00,14735.0,12883.886300534994
2024-09-22 23:00:00,14421.0,12815.480886960786
2024-09-23 00:00:00,13846.0,12534.892608563565
2024-09-23 01:00:00,13547.0,12564.525422561013
2024-09-23 02:00:00,13534.0,12720.34451072307
2024-09-23 03:00:00,13490.0,12598.797085694416
2024-09-23 04:00:00,13490.0,12639.805257403425
2024-09-23 05:00:00,13078.0,12465.04263529478
2024-09-23 06:00:00,12955.0,12559.145867908926
2024-09-23 07:00:00,13024.0,12729.281337722605
2024-09-23 08:00:00,13068.0,12706.833062495265
2024-09-23 09:00:00,13128.0,12634.780708955699
2024-09-23 10:00:00,13341.0,12628.786698204382
2024-09-23 11:00:00,13438.0,12622.692345329391
2024-09-23 12:00:00,13239.0,12400.633355203252
2024-09-23 13:00:00,13263.0,12426.667323295615
2024-09-23 14:00:00,13256.0,12448.12959912675
2024-09-23 15:00:00,13205.0,12533.963820641282
2024-09-23 16:00:00,13093.0,12613.302960518895
2024-09-23 17:00:00,13612.0,12862.872229483422
2024-09-23 18:00:00,14898.0,13093.445166099213
2024-09-23 18:30:00,15051.0,13032.823781200232
2024-09-23 19:00:00,15105.0,13077.996513659742
2024-09-23 20:00:00,15185.0,13121.578646141674
2024-09-23 21:00:00,14989.0,12942.761461359141
2024-09-23 22:00:00,14548.0,12796.336538460404
2024-09-23 23:00:00,14009.0,13096.575296163963
2024-09-24 00:00:00,13446.0,13434.199149685883
2024-09-24 01:00:00,12956.0,12870.909818534348
2024-09-24 02:00:00,12660.0,12663.319901749543
2024-09-24 03:00:00,12473.0,12438.952174357986
2024-09-24 04:00:00,12448.0,12389.5449720737
2024-09-24 05:00:00,12165.0,12076.764681127932
2024-09-24 06:00:00,11903.0,11923.414134272902
2024-09-24 07:00:00,11973.0,11990.258628108406
2024-09-24 08:00:00,12423.0,12359.667212391512
2024-09-24 09:00:00,12697.0,12643.743613403096
2024-09-24 10:00:00,13019.0,13002.00627974466
2024-09-24 11:00:00,13428.0,13433.515762246647
2024-09-24 12:00:00,12995.0,12581.33782082556
2024-09-24 13:00:00,13168.0,12498.022172022986
2024-09-24 14:00:00,13170.0,12494.02056343946
2024-09-24 15:00:00,12915.0,12432.854314657754
2024-09-24 16:00:00,12722.0,12507.002795933677
2024-09-24 17:00:00,13334.0,12716.849482588932
2024-09-24 18:00:00,14348.0,13415.200794755807
2024-09-24 18:30:00,14597.0,13646.57633529811
2024-09-24 19:00:00,14649.0,13625.764025311535
2024-09-24 20:00:00,14784.0,13926.351832413027
2024-09-24 21:00:00,14681.0,13801.547919996636
2024-09-24 22:00:00,14726.0,13855.40751655136
2024-09-24 23:00:00,14124.0,12780.268154692705
2024-09-25 00:00:00,13462.0,12508.442545641617
2024-09-25 01:00:00,13196.0,12650.490363373729
2024-09-25 02:00:00,12917.0,12643.810173643764
2024-09-25 03:00:00,12751.0,12542.861632904138
2024-09-25 04:00:00,12323.0,12243.945532816646
2024-09-25 05:00:00,11702.0,11705.971626623146
2024-09-25 06:00:00,11560.0,11605.408440300656
2024-09-25 07:00:00,11447.0,11360.83762931283
2024-09-25 08:00:00,11529.0,11541.53270237373
2024-09-25 09:00:00,11735.0,11768.652292990557
2024-09-25 10:00:00,11990.0,12053.906510097224
2024-09-25 11:00:00,11892.0,11964.541268049907
2024-09-25 12:00:00,11938.0,12002.4363680032
2024-09-25 13:00:00,11709.0,11694.185613071695
2024-09-25 14:00:00,11762.0,11766.599328074595
2024-09-25 15:00:00,11513.0,11552.362709741821
2024-09-25 16:00:00,11614.0,11646.279890992586
2024-09-25 17:00:00,12335.0,12302.823193531374
2024-09-25 18:00:00,13239.0,13235.560479305232
2024-09-25 18:30:00,13188.0,13153.104040683025
2024-09-25 19:00:00,13221.0,13169.343012593512
2024-09-25 20:00:00,12920.0,12843.549995537642
2024-09-25 21:00:00,12779.0,12748.970959821128
2024-09-25 22:00:00,12671.0,12618.19457306299
2024-09-25 23:00:00,12452.0,12432.375388411727
2024-09-26 00:00:00,11771.0,11849.616128667958
2024-09-26 01:00:00,11345.0,11451.43604500186
2024-09-26 02:00:00,11041.0,11062.585073805158
2024-09-26 03:00:00,10865.0,10859.37326981879
2024-09-26 04:00:00,10673.0,10665.257567965855
2024-09-26 05:00:00,10371.0,10394.96313579109
2024-09-26 06:00:00,10482.0,10490.214654058871
2024-09-26 07:00:00,10636.0,10680.908531664649
2024-09-26 08:00:00,10928.0,10942.813220212258
2024-09-26 09:00:00,11116.0,11206.33693803717
2024-09-26 10:00:00,11358.0,11430.513625036461
2024-09-26 11:00:00,11579.0,11624.725843116521
2024-09-26 12:00:00,11893.0,11907.773996758948
2024-09-26 13:00:00,11498.0,11582.701746754938
2024-09-26 14:00:00,11661.0,11698.428648352292
2024-09-26 15:00:00,11110.0,11130.982036363466
2024-09-26 16:00:00,11134.0,11182.755505743518
2024-09-26 17:00:00,11914.0,11952.844286809135
2024-09-26 18:00:00,12464.0,12450.364840398604
2024-09-26 18:30:00,12475.0,12455.181078759875
2024-09-26 19:00:00,12463.0,12451.755749306247
2024-09-26 20:00:00,12234.0,12216.069184067353
2024-09-26 21:00:00,12039.0,12056.068653207774
2024-09-26 22:00:00,11886.0,11881.395850028319
2024-09-26 23:00:00,11632.0,11642.647806294346
2024-09-27 00:00:00,11259.0,11266.869824471867
2024-09-27 01:00:00,10914.0,10934.385525868469
2024-09-27 02:00:00,10645.0,10662.012215055196
2024-09-27 03:00:00,10410.0,10431.302447203094
2024-09-27 04:00:00,10239.0,10236.385748757848
2024-09-27 05:00:00,9922.0,9908.109302536503
2024-09-27 06:00:00,9747.0,9760.871610986356
2024-09-27 07:00:00,9820.0,9816.5055928639
2024-09-27 08:00:00,9775.0,9792.024192291017
2024-09-27 09:00:00,10021.0,10039.71089768389
2024-09-27 10:00:00,10382.0,10406.87106584379
2024-09-27 11:00:00,10955.0,10952.439286764264
2024-09-27 12:00:00,11600.0,11607.315708107271
2024-09-27 13:00:00,10727.0,10716.39414826318
2024-09-27 14:00:00,10587.0,10607.900150696265
2024-09-27 15:00:00,9992.0,9991.058304448929
2024-09-27 16:00:00,9798.0,9823.054470571165
2024-09-27 17:00:00,11141.0,11184.69828594064
2024-09-27 18:00:00,12206.0,12227.04703733008
2024-09-27 18:30:00,12181.0,12125.775020901761
2024-09-27 19:00:00,12248.0,12225.43746363646
2024-09-27 20:00:00,12343.0,12331.424901207709
2024-09-27 21:00:00,12430.0,12412.274426315853
2024-09-27 22:00:00,12415.0,12395.706840094075
2024-09-27 23:00:00,12271.0,12174.68711679182
2024-09-28 00:00:00,11741.0,11751.589347721992
2024-09-28 01:00:00,11258.0,11308.818780686885
2024-09-28 02:00:00,11016.0,11063.319672693106
2024-09-28 03:00:00,10704.0,10759.867376626868
2024-09-28 04:00:00,10629.0,10664.180603588746
2024-09-28 05:00:00,10428.0,10454.559840819062
2024-09-28 06:00:00,10626.0,10613.566503466021
2024-09-28 07:00:00,10684.0,10706.61155410895
2024-09-28 08:00:00,10799.0,10847.64640852629
2024-09-28 09:00:00,11192.0,11278.582004072045
2024-09-28 10:00:00,11564.0,11588.847342762267
2024-09-28 11:00:00,12299.0,12231.643675203337
2024-09-28 12:00:00,12469.0,12388.628687697856
2024-09-28 13:00:00,12607.0,12512.411212737235
2024-09-28 14:00:00,12740.0,12752.60896021603
2024-09-28 15:00:00,12611.0,12649.543459159477
2024-09-28 16:00:00,12243.0,12275.735847392403
2024-09-28 17:00:00,13071.0,12824.275993922976
2024-09-28 18:00:00,14126.0,13331.144135410745
2024-09-28 18:30:00,14293.0,13515.711230126752
2024-09-28 19:00:00,14513.0,13638.825135571295
2024-09-28 20:00:00,14154.0,13497.576601945291
2024-09-28 21:00:00,14065.0,13588.344325297621
2024-09-28 22:00:00,13878.0,13498.513344489074
2024-09-28 23:00:00,13836.0,13525.881462251153
2024-09-29 00:00:00,13258.0,12870.365778579915
2024-09-29 01:00:00,12846.0,12558.554408717619
2024-09-29 02:00:00,12359.0,12361.207956951273
2024-09-29 03:00:00,12106.0,12109.300529994543
2024-09-29 04:00:00,11978.0,11975.914671498986
2024-09-29 05:00:00,11659.0,11726.188455093004
2024-09-29 06:00:00,11671.0,11699.928562032654
2024-09-29 07:00:00,11776.0,11823.720365198436
2024-09-29 08:00:00,11806.0,11863.019447373861
2024-09-29 09:00:00,11899.0,11858.572773065465
2024-09-29 10:00:00,12341.0,12384.618348457596
2024-09-29 11:00:00,12678.0,12674.16652214819
2024-09-29 12:00:00,13074.0,12905.248663693994
2024-09-29 13:00:00,13150.0,12836.685626538727
2024-09-29 14:00:00,13063.0,12639.439068817746
2024-09-29 15:00:00,12831.0,12528.965906193547
2024-09-29 16:00:00,12641.0,12434.758874692514
2024-09-29 17:00:00,13859.0,12973.597164099498
2024-09-29 18:00:00,14791.0,13619.011885968559
2024-09-29 18:30:00,14751.0,13507.853933924122
2024-09-29 19:00:00,14896.0,13651.907999824125
2024-09-29 20:00:00,14767.0,13740.015803653992
2024-09-29 21:00:00,14734.0,13779.796989795834
2024-09-29 22:00:00,14511.0,13035.260852518331
2024-09-29 23:00:00,13895.0,12612.875136293802
2024-09-30 00:00:00,13104.0,12356.778671889977
2024-09-30 01:00:00,13007.0,12472.166762770128
2024-09-30 02:00:00,12914.0,12470.24018585571
2024-09-30 03:00:00,12794.0,12334.468135495461
2024-09-30 04:00:00,12520.0,12109.547537498258
2024-09-30 05:00:00,12206.0,12149.806955998716
2024-09-30 06:00:00,12432.0,12268.043887979875
2024-09-30 07:00:00,12189.0,12155.817666969744
2024-09-30 08:00:00,12514.0,12481.232083637084
2024-09-30 09:00:00,12782.0,12535.072121306843
2024-09-30 10:00:00,12996.0,12743.63928155028
2024-09-30 11:00:00,13176.0,12892.751880270056
2024-09-30 12:00:00,13266.0,12938.94104540552
2024-09-30 13:00:00,13289.0,12678.961599632288
2024-09-30 14:00:00,13071.0,12455.233123778751
2024-09-30 15:00:00,12937.0,12385.163094378864
2024-09-30 16:00:00,12824.0,12401.000326479621
2024-09-30 17:00:00,13647.0,12776.89272976542
2024-09-30 18:00:00,14707.0,13334.992343337992
2024-09-30 18:30:00,15037.0,13536.428829601642
2024-09-30 19:00:00,15064.0,13605.00395988269
2024-09-30 20:00:00,14835.0,13456.242281119206
2024-09-30 21:00:00,14709.0,13419.890934717103
2024-09-30 22:00:00,14176.0,12832.968148732127
2024-09-30 23:00:00,13419.0,12365.210532285177
2024-10-01 00:00:00,12589.0,12120.124021857027
2024-10-01 01:00:00,12304.0,11743.69289129862
2024-10-01 02:00:00,12452.0,11761.994898275698
2024-10-01 03:00:00,12263.0,12166.328988953503
2024-10-01 04:00:00,11972.0,11887.67810049893
2024-10-01 05:00:00,11845.0,11762.737592185951
2024-10-01 06:00:00,11747.0,11764.127930704884
2024-10-01 07:00:00,11677.0,11772.266857451314
2024-10-01 08:00:00,12018.0,12034.823469546853
2024-10-01 09:00:00,12371.0,12390.564310963802
2024-10-01 10:00:00,12738.0,12454.204565157297
2024-10-01 11:00:00,12629.0,12187.535789715801
2024-10-01 12:00:00,12946.0,12238.083026502889
2024-10-01 13:00:00,12759.0,12306.507471604466
2024-10-01 14:00:00,12896.0,12070.342612725326
2024-10-01 15:00:00,12727.0,12519.1022180008
2024-10-01 16:00:00,12847.0,12737.362526656565
2024-10-01 17:00:00,13625.0,13150.719133075769
2024-10-01 18:00:00,14337.0,13192.191151659503
2024-10-01 18:30:00,14541.0,13475.827513043045
2024-10-01 19:00:00,14677.0,13570.731635757658
2024-10-01 20:00:00,14459.0,13069.78830128786
2024-10-01 21:00:00,14251.0,13067.080828337343
2024-10-01 22:00:00,13959.0,12816.134186660538
2024-10-01 23:00:00,13673.0,12613.538217455869
2024-10-02 00:00:00,12658.0,12108.4973262797
2024-10-02 01:00:00,12475.0,11920.751410648916
2024-10-02 02:00:00,12349.0,11767.141909789
2024-10-02 03:00:00,12285.0,11896.741403224018
2024-10-02 04:00:00,12222.0,11844.555473159795
2024-10-02 05:00:00,12171.0,11833.12189290994
2024-10-02 06:00:00,12220.0,12151.54927294769
2024-10-02 07:00:00,12111.0,12026.836693246338
2024-10-02 08:00:00,12257.0,12310.203866008807
2024-10-02 09:00:00,12462.0,12257.361833146868
2024-10-02 10:00:00,12459.0,12073.27920132423
2024-10-02 11:00:00,12704.0,12134.3314877151
2024-10-02 12:00:00,12952.0,12439.716610752157
2024-10-02 13:00:00,13081.0,12909.406298711774
2024-10-02 14:00:00,12777.0,12280.196084940815
2024-10-02 15:00:00,12578.0,12347.353450819415
2024-10-02 16:00:00,12209.0,12265.232797741013
2024-10-02 17:00:00,13471.0,12815.531680523345
2024-10-02 18:00:00,14082.0,13879.934416516968
2024-10-02 18:30:00,14030.0,13808.844421951182
2024-10-02 19:00:00,13967.0,13847.86751426179
2024-10-02 20:00:00,13825.0,13701.884399491948
2024-10-02 21:00:00,13752.0,13555.169731099293
2024-10-02 22:00:00,13717.0,13523.908334076159
2024-10-02 23:00:00,13380.0,12988.533824550794
2024-10-03 00:00:00,12703.0,12232.826772783412
2024-10-03 01:00:00,12552.0,12207.808817352654
2024-10-03 02:00:00,12436.0,12231.624200979866
2024-10-03 03:00:00,11992.0,11988.169095167825
2024-10-03 04:00:00,11643.0,11694.965811829634
2024-10-03 05:00:00,11250.0,11165.206461270847
2024-10-03 06:00:00,10963.0,10873.01642687947
2024-10-03 07:00:00,11044.0,10944.123172908387
2024-10-03 08:00:00,11322.0,11361.198673661662
2024-10-03 09:00:00,11522.0,11568.242485013048
2024-10-03 10:00:00,11544.0,11580.033122154111
2024-10-03 11:00:00,12037.0,11970.081149781448
2024-10-03 12:00:00,12224.0,12154.445250118031
2024-10-03 13:00:00,12135.0,12068.958266766998
2024-10-03 14:00:00,11934.0,11965.7687386544
2024-10-03 15:00:00,11728.0,11758.976011796594
2024-10-03 16:00:00,11666.0,11735.62314400628
2024-10-03 17:00:00,12930.0,12858.609694242332
2024-10-03 18:00:00,13375.0,13380.656246201952
2024-10-03 18:30:00,13346.0,13343.144096029875
2024-10-03 19:00:00,13390.0,13394.982946594528
2024-10-03 20:00:00,13140.0,12961.48189747313
2024-10-03 21:00:00,13004.0,12873.913504028971
2024-10-03 22:00:00,12640.0,12543.754943936478
2024-10-03 23:00:00,12631.0,12577.482629713793
2024-10-04 00:00:00,12218.0,12217.74957194882
2024-10-04 01:00:00,11669.0,11705.354894825165
2024-10-04 02:00:00,11176.0,11169.265460310124
2024-10-04 03:00:00,10744.0,10767.050234489378
2024-10-04 04:00:00,10681.0,10646.908174418379
2024-10-04 05:00:00,10062.0,10057.509959113264
2024-10-04 06:00:00,9642.0,9625.260855041324
2024-10-04 07:00:00,9662.0,9643.331027607235
2024-10-04 08:00:00,9526.0,9533.107775040511
2024-10-04 09:00:00,9607.0,9608.82960934832
2024-10-04 10:00:00,9810.0,9846.264426118632
2024-10-04 11:00:00,10526.0,10503.96538800664
2024-10-04 12:00:00,10818.0,10841.895067996096
2024-10-04 13:00:00,9819.0,9820.338217279243
2024-10-04 14:00:00,9930.0,9953.40389733582
2024-10-04 15:00:00,9506.0,9554.409174210203
2024-10-04 16:00:00,9509.0,9423.312350708444
2024-10-04 17:00:00,10817.0,10827.073162216098
2024-10-04 18:00:00,11528.0,11605.46459787979
2024-10-04 18:30:00,11482.0,11546.307348381068
2024-10-04 19:00:00,11504.0,11599.512450925005
2024-10-04 20:00:00,11462.0,11551.143485677463
2024-10-04 21:00:00,11384.0,11414.906355358315
2024-10-04 22:00:00,11268.0,11294.387912223663
2024-10-04 23:00:00,11058.0,11050.145441172252
2024-10-05 00:00:00,10738.0,10728.903480672509
2024-10-05 01:00:00,10377.0,10382.772245212866
2024-10-05 02:00:00,10050.0,10051.050866907182
2024-10-05 03:00:00,9704.0,9715.56497271252
2024-10-05 04:00:00,9388.0,9414.77718656306
2024-10-05 05:00:00,9075.0,9032.669665983078
2024-10-05 06:00:00,9326.0,9333.512272179822
2024-10-05 07:00:00,9501.0,9549.867566473706
2024-10-05 08:00:00,9600.0,9566.661384831586
2024-10-05 09:00:00,9777.0,9799.02979233122
2024-10-05 10:00:00,10241.0,10269.807117659122
2024-10-05 11:00:00,10767.0,10736.821145353824
2024-10-05 12:00:00,11221.0,11281.86769816952
2024-10-05 13:00:00,11056.0,11072.501231810087
2024-10-05 14:00:00,11036.0,11048.291908809422
2024-10-05 15:00:00,10838.0,10874.230900749044
2024-10-05 16:00:00,10967.0,11012.530293096044
2024-10-05 17:00:00,12338.0,12291.424627152643
2024-10-05 18:00:00,13204.0,12965.869643561908
2024-10-05 18:30:00,12885.0,12825.19677032602
2024-10-05 19:00:00,12839.0,12792.611052951312
2024-10-05 20:00:00,12789.0,12734.690102477753
2024-10-05 21:00:00,12730.0,12704.00891924721
2024-10-05 22:00:00,12417.0,12345.417559760386
2024-10-05 23:00:00,12095.0,11999.29630001861
2024-10-06 00:00:00,11725.0,11733.544539075137
2024-10-06 01:00:00,11403.0,11393.010363692612
2024-10-06 02:00:00,10936.0,10927.804400858735
2024-10-06 03:00:00,10713.0,10706.14385698782
2024-10-06 04:00:00,10405.0,10405.83657926259
2024-10-06 05:00:00,10241.0,10224.250930208338
2024-10-06 06:00:00,10479.0,10479.344646178602
2024-10-06 07:00:00,10598.0,10647.588408397512
2024-10-06 08:00:00,10987.0,11111.424836245616
2024-10-06 09:00:00,11358.0,11414.152369476715
2024-10-06 10:00:00,11635.0,11657.233812822826
2024-10-06 11:00:00,12188.0,12174.092649427464
2024-10-06 12:00:00,12553.0,12544.241288884372
2024-10-06 13:00:00,12110.0,12032.882579760644
2024-10-06 14:00:00,12452.0,12409.720205490847
2024-10-06 15:00:00,12311.0,12251.128021934748
2024-10-06 16:00:00,12004.0,11989.457318056491
2024-10-06 17:00:00,13372.0,13041.06230108848
2024-10-06 18:00:00,13867.0,13749.227078898455
2024-10-06 18:30:00,13693.0,13557.527954816747
2024-10-06 19:00:00,13928.0,13643.088400597859
2024-10-06 20:00:00,13363.0,13150.033030015598
2024-10-06 21:00:00,13285.0,13160.078337807745
2024-10-06 22:00:00,13255.0,13176.847713503495
2024-10-06 23:00:00,13075.0,12947.179978883001
2024-10-07 00:00:00,12301.0,12335.58564945381
2024-10-07 01:00:00,11950.0,11977.681743429375
2024-10-07 02:00:00,11691.0,11731.559396597098
2024-10-07 03:00:00,11405.0,11427.190662305844
2024-10-07 04:00:00,11178.0,11248.386921817939
2024-10-07 05:00:00,10945.0,10964.067718542261
2024-10-07 06:00:00,11180.0,11257.950869102722
2024-10-07 07:00:00,11224.0,11269.90217077563
2024-10-07 08:00:00,11382.0,11389.978825899107
2024-10-07 09:00:00,11706.0,11725.719516438163
2024-10-07 10:00:00,12053.0,12037.772852126227
2024-10-07 11:00:00,12514.0,12487.543260728633
2024-10-07 12:00:00,12768.0,12705.526564851267
2024-10-07 13:00:00,12797.0,12749.568884882245
2024-10-07 14:00:00,12779.0,12734.093484457979
2024-10-07 15:00:00,12532.0,12497.633206742394
2024-10-07 16:00:00,12297.0,12214.332699126904
2024-10-07 17:00:00,13441.0,13258.316036727365
2024-10-07 18:00:00,14347.0,13869.852268471039
2024-10-07 18:30:00,14084.0,13612.415075152847
2024-10-07 19:00:00,14238.0,13727.344699975523
2024-10-07 20:00:00,13977.0,13709.9999126529
2024-10-07 21:00:00,14004.0,13808.751258915263
2024-10-07 22:00:00,13768.0,13655.037071522334
2024-10-07 23:00:00,13441.0,13085.528936789397
2024-10-08 00:00:00,12820.0,12555.409778897265
2024-10-08 01:00:00,12686.0,12724.82127423259
2024-10-08 02:00:00,12287.0,12379.745445615146
2024-10-08 03:00:00,12094.0,12132.429933046422
2024-10-08 04:00:00,11706.0,11731.348159313744
2024-10-08 05:00:00,11529.0,11540.827551685948
2024-10-08 06:00:00,11476.0,11553.435424558118
2024-10-08 07:00:00,11578.0,11588.2607704231
2024-10-08 08:00:00,11669.0,11669.18337126047
2024-10-08 09:00:00,11908.0,11907.042767002416
2024-10-08 10:00:00,12166.0,12138.507674223278
2024-10-08 11:00:00,12552.0,12493.84635522777
2024-10-08 12:00:00,12792.0,12707.375473750417
2024-10-08 13:00:00,12930.0,12800.958773290515
2024-10-08 14:00:00,12799.0,12758.384176696878
2024-10-08 15:00:00,12496.0,12515.632719954045
2024-10-08 16:00:00,12124.0,12079.427475984357
2024-10-08 17:00:00,13298.0,13222.016461999923
2024-10-08 18:00:00,13677.0,13888.923777618658
2024-10-08 18:30:00,13613.0,13867.814381765478
2024-10-08 19:00:00,13622.0,13895.2560004196
2024-10-08 20:00:00,13705.0,13856.458293942587
2024-10-08 21:00:00,13559.0,13686.096826808805
2024-10-08 22:00:00,13458.0,13320.52055264603
2024-10-08 23:00:00,13228.0,13108.408510438694
2024-10-09 00:00:00,12681.0,12581.78155075944
2024-10-09 01:00:00,12139.0,12248.655181145377
2024-10-09 02:00:00,11887.0,11920.570243524107
2024-10-09 03:00:00,11549.0,11564.505298354348
2024-10-09 04:00:00,11414.0,11358.993468860739
2024-10-09 05:00:00,11003.0,11014.021340962474
2024-10-09 06:00:00,11026.0,10947.77632539505
2024-10-09 07:00:00,11055.0,11081.741999620317
2024-10-09 08:00:00,11464.0,11515.31019320672
2024-10-09 09:00:00,11850.0,11852.909633426334
2024-10-09 10:00:00,12335.0,12299.945251522895
2024-10-09 11:00:00,12644.0,12621.017975723187
2024-10-09 12:00:00,12906.0,12797.245966230095
2024-10-09 13:00:00,12514.0,12548.68443965814
2024-10-09 14:00:00,12259.0,12259.691340273754
2024-10-09 15:00:00,11757.0,11801.25539063769
2024-10-09 16:00:00,11626.0,11659.298610753538
2024-10-09 17:00:00,12683.0,12763.081011718768
2024-10-09 18:00:00,13510.0,13482.146695385776
2024-10-09 18:30:00,13249.0,13311.864736171694
2024-10-09 19:00:00,13196.0,13143.73904442456
2024-10-09 20:00:00,13177.0,13138.786502858184
2024-10-09 21:00:00,13113.0,13133.083150029363
2024-10-09 22:00:00,12908.0,12842.005920268592
2024-10-09 23:00:00,12576.0,12652.081049524259
2024-10-10 00:00:00,11846.0,11915.222861135026
2024-10-10 01:00:00,11458.0,11424.036368320949
2024-10-10 02:00:00,11109.0,11087.192679642862
2024-10-10 03:00:00,10950.0,10883.187886620537
2024-10-10 04:00:00,10788.0,10786.861491997748
2024-10-10 05:00:00,10343.0,10374.460228443533
2024-10-10 06:00:00,10335.0,10322.909491460166
2024-10-10 07:00:00,10546.0,10498.43259261514
2024-10-10 08:00:00,10827.0,10875.881070523126
2024-10-10 09:00:00,10994.0,10997.92010914703
2024-10-10 10:00:00,11484.0,11456.49592496748
2024-10-10 11:00:00,11785.0,11751.382480890097
2024-10-10 12:00:00,12332.0,12279.851081891027
2024-10-10 13:00:00,12433.0,12392.33914922792
2024-10-10 14:00:00,12447.0,12379.371237544228
2024-10-10 15:00:00,12164.0,12148.99915874425
2024-10-10 16:00:00,11766.0,11811.72278253188
2024-10-10 17:00:00,13265.0,13143.90883056636
2024-10-10 18:00:00,13804.0,13802.680896341008
2024-10-10 18:30:00,13549.0,13686.385883631032
2024-10-10 19:00:00,13560.0,13795.330152164433
2024-10-10 20:00:00,13509.0,13403.525401009996
2024-10-10 21:00:00,13346.0,13270.2113882491
2024-10-10 22:00:00,13228.0,13016.633259126402
2024-10-10 23:00:00,13027.0,12886.752722765024
2024-10-11 00:00:00,12385.0,12268.190784224496
2024-10-11 01:00:00,12233.0,12219.386173460549
2024-10-11 02:00:00,11756.0,11844.36265750107
2024-10-11 03:00:00,11461.0,11397.479586961712
2024-10-11 04:00:00,11224.0,11179.033584984682
2024-10-11 05:00:00,10799.0,10828.208875226912
2024-10-11 06:00:00,10527.0,10522.858221875045
2024-10-11 07:00:00,10541.0,10539.579531986372
2024-10-11 08:00:00,10583.0,10602.683618714611
2024-10-11 09:00:00,10604.0,10562.534333574604
2024-10-11 10:00:00,10863.0,10880.944425097014
2024-10-11 11:00:00,11253.0,11233.471418805084
2024-10-11 12:00:00,12036.0,12022.809238570013
2024-10-11 13:00:00,11470.0,11468.266658267552
2024-10-11 14:00:00,11675.0,11695.516094692446
2024-10-11 15:00:00,11108.0,11117.100990937128
2024-10-11 16:00:00,10532.0,10592.86358613274
2024-10-11 17:00:00,11989.0,11968.660934717676
2024-10-11 18:00:00,12518.0,12435.27073864443
2024-10-11 18:30:00,12473.0,12428.433446498411
2024-10-11 19:00:00,12537.0,12445.474001263261
2024-10-11 20:00:00,12635.0,12525.020196048405
2024-10-11 21:00:00,12635.0,12583.381836879935
2024-10-11 22:00:00,12798.0,12698.047464553687
2024-10-11 23:00:00,12702.0,12650.239896738709
2024-10-12 00:00:00,12191.0,12271.14314222795
2024-10-12 01:00:00,11903.0,11976.860119350933
2024-10-12 02:00:00,11541.0,11623.072962205795
2024-10-12 03:00:00,11236.0,11268.763743688753
2024-10-12 04:00:00,10936.0,10970.000294063864
2024-10-12 05:00:00,10556.0,10633.061367198456
2024-10-12 06:00:00,10039.0,10056.416356905756
2024-10-12 07:00:00,10152.0,10154.673908560513
2024-10-12 08:00:00,10514.0,10507.662437063236
2024-10-12 09:00:00,10924.0,10932.643391731652
2024-10-12 10:00:00,11516.0,11552.197144014435
2024-10-12 11:00:00,12025.0,11975.116953553023
2024-10-12 12:00:00,12453.0,12399.89221458372
2024-10-12 13:00:00,12515.0,12477.453321089048
2024-10-12 14:00:00,12612.0,12525.326663207092
2024-10-12 15:00:00,12233.0,12242.686245765482
2024-10-12 16:00:00,11790.0,11814.639399363408
2024-10-12 17:00:00,13225.0,13007.162676574191
2024-10-12 18:00:00,13950.0,13825.290317281122
2024-10-12 18:30:00,13686.0,13607.944856927408
2024-10-12 19:00:00,13738.0,13642.872756477396
2024-10-12 20:00:00,13460.0,13182.92923513802
2024-10-12 21:00:00,13530.0,13274.134263786831
2024-10-12 22:00:00,13501.0,13282.433825922488
2024-10-12 23:00:00,13274.0,13057.998545409486
2024-10-13 00:00:00,12542.0,12499.690067579275
2024-10-13 01:00:00,12367.0,12333.663909954083
2024-10-13 02:00:00,11933.0,11983.381151977523
2024-10-13 03:00:00,11703.0,11805.03708072775
2024-10-13 04:00:00,11377.0,11382.564962773917
2024-10-13 05:00:00,10864.0,10895.766246572344
2024-10-13 06:00:00,10710.0,10750.285324215502
2024-10-13 07:00:00,10804.0,10811.231777350195
2024-10-13 08:00:00,11035.0,11082.669167303811
2024-10-13 09:00:00,11190.0,11168.791736128886
2024-10-13 10:00:00,11548.0,11531.00017920157
2024-10-13 11:00:00,11998.0,11974.999221192653
2024-10-13 12:00:00,12316.0,12204.008843833552
2024-10-13 13:00:00,12296.0,12279.698503887821
2024-10-13 14:00:00,12291.0,12283.140408025462
2024-10-13 15:00:00,12013.0,11981.586953743603
2024-10-13 16:00:00,11675.0,11693.677777320243
2024-10-13 17:00:00,13206.0,13012.833329040144
2024-10-13 18:00:00,13719.0,13740.685213451248
2024-10-13 18:30:00,13574.0,13644.579082511464
2024-10-13 19:00:00,13649.0,13649.97254841336
2024-10-13 20:00:00,13634.0,13653.61406644958
2024-10-13 21:00:00,13585.0,13295.096257255864
2024-10-13 22:00:00,13461.0,13219.96604359346
2024-10-13 23:00:00,13077.0,12937.346097096663
2024-10-14 00:00:00,12481.0,12323.976418232975
2024-10-14 01:00:00,12139.0,12092.953920718008
2024-10-14 02:00:00,11816.0,11864.996549201802
2024-10-14 03:00:00,11373.0,11358.091781517569
2024-10-14 04:00:00,11094.0,11073.656087046775
2024-10-14 05:00:00,10932.0,10894.745662062289
2024-10-14 06:00:00,10899.0,10867.7122218652
2024-10-14 07:00:00,11094.0,11184.234332128066
2024-10-14 08:00:00,11477.0,11563.685747774103
2024-10-14 09:00:00,11782.0,11777.467792289746
2024-10-14 10:00:00,12277.0,12165.770765123918
2024-10-14 11:00:00,12573.0,12517.69997684804
2024-10-14 12:00:00,12890.0,12773.417106503011
2024-10-14 13:00:00,12767.0,12643.671331867008
2024-10-14 14:00:00,12573.0,12465.356477313006
2024-10-14 15:00:00,12406.0,12160.833453628427
2024-10-14 16:00:00,12088.0,11972.49638737641
2024-10-14 17:00:00,13519.0,13217.327206922377
2024-10-14 18:00:00,14031.0,13700.978323570125
2024-10-14 18:30:00,14069.0,13782.27775540008
2024-10-14 19:00:00,14122.0,13745.692123048335
2024-10-14 20:00:00,13844.0,13702.157472472592
2024-10-14 21:00:00,13656.0,13723.18420139898
2024-10-14 22:00:00,13456.0,13496.152770693048
2024-10-14 23:00:00,13124.0,12847.379084455248
2024-10-15 00:00:00,12637.0,12549.181028752717
2024-10-15 01:00:00,12280.0,12197.885454478945
2024-10-15 02:00:00,11909.0,11854.84133334139
2024-10-15 03:00:00,11620.0,11793.658918201192
2024-10-15 04:00:00,11228.0,11212.58250444771
2024-10-15 05:00:00,10950.0,10943.293902442329
2024-10-15 06:00:00,11016.0,10947.014916974556
2024-10-15 07:00:00,11176.0,11124.74474574611
2024-10-15 08:00:00,11502.0,11429.85460244224
2024-10-15 09:00:00,11626.0,11714.84134688654
2024-10-15 10:00:00,11889.0,11910.768856079958
2024-10-15 11:00:00,12276.0,12242.118621417316
2024-10-15 12:00:00,12472.0,12420.055785945018
2024-10-15 13:00:00,12431.0,12315.941241640063
2024-10-15 14:00:00,12362.0,12171.162027038048
2024-10-15 15:00:00,12328.0,12239.436814911993
2024-10-15 16:00:00,12101.0,12046.959800941995
2024-10-15 17:00:00,13289.0,12411.904057762029
2024-10-15 18:00:00,13832.0,13669.82094582371
2024-10-15 18:30:00,13987.0,13750.485111515554
2024-10-15 19:00:00,14092.0,13816.547995509747
2024-10-15 20:00:00,13769.0,13678.484218593205
2024-10-15 21:00:00,13645.0,13504.5678501272
2024-10-15 22:00:00,13351.0,13121.370673286054
2024-10-15 23:00:00,12842.0,12672.426608336727
2024-10-16 00:00:00,12387.0,12242.208800698509
2024-10-16 01:00:00,12209.0,12213.719202206534
2024-10-16 02:00:00,12060.0,12090.858756407573
2024-10-16 03:00:00,11656.0,11771.116890226791
2024-10-16 04:00:00,11430.0,11516.940105520638
2024-10-16 05:00:00,11144.0,11103.648883365753
2024-10-16 06:00:00,11147.0,11056.854480148562
2024-10-16 07:00:00,11109.0,11088.148303344313
2024-10-16 08:00:00,11310.0,11314.29498915053
2024-10-16 09:00:00,11666.0,11773.646947508601
2024-10-16 10:00:00,11937.0,11918.752954427926
2024-10-16 11:00:00,11984.0,12015.962328903815
2024-10-16 12:00:00,12373.0,12174.454572446393
2024-10-16 13:00:00,12523.0,12298.547812012159
2024-10-16 14:00:00,12423.0,12101.739380049175
2024-10-16 15:00:00,12284.0,12206.674922050192
2024-10-16 16:00:00,12140.0,12159.081258669154
2024-10-16 17:00:00,13144.0,12374.324984798588
2024-10-16 18:00:00,13735.0,13347.176835795231
2024-10-16 18:30:00,13863.0,13389.81087042082
2024-10-16 19:00:00,13855.0,13412.758768296211
2024-10-16 20:00:00,13601.0,13248.136243879613
2024-10-16 21:00:00,13424.0,13140.286104263649
2024-10-16 22:00:00,13129.0,12949.6595636476
2024-10-16 23:00:00,12727.0,12376.406043693392
2024-10-17 00:00:00,12316.0,12089.240254819133
2024-10-17 01:00:00,12352.0,12147.686205754213
2024-10-17 02:00:00,12088.0,12083.110138095117
2024-10-17 03:00:00,11937.0,11956.531277173759
2024-10-17 04:00:00,11510.0,11566.515948225677
2024-10-17 05:00:00,11344.0,11284.484909480829
2024-10-17 06:00:00,11357.0,11282.762728008825
2024-10-17 07:00:00,11454.0,11357.65094939838
2024-10-17 08:00:00,11440.0,11417.89306370472
2024-10-17 09:00:00,11587.0,11637.408352194023
2024-10-17 10:00:00,11757.0,11773.52233456775
2024-10-17 11:00:00,11624.0,11620.598436019347
2024-10-17 12:00:00,11672.0,11701.01750908068
2024-10-17 13:00:00,11634.0,11649.482233517985
2024-10-17 14:00:00,11445.0,11445.474997796497
2024-10-17 15:00:00,9227.0,9264.170468205202
2024-10-17 16:00:00,8906.0,8700.181521744707
2024-10-17 17:00:00,10531.0,10536.819950037087
2024-10-17 18:00:00,13089.0,12864.189191859125
2024-10-17 18:30:00,13818.0,13751.247556038294
2024-10-17 19:00:00,13758.0,13825.058481511644
2024-10-17 20:00:00,13304.0,13225.319339273943
2024-10-17 21:00:00,13171.0,12963.462665070709
2024-10-17 22:00:00,12899.0,12836.34234622641
2024-10-17 23:00:00,12621.0,12658.392380972096
2024-10-18 00:00:00,12197.0,12189.620007763744
2024-10-18 01:00:00,11892.0,11928.92721931459
2024-10-18 02:00:00,11599.0,11649.242654062893
2024-10-18 03:00:00,11174.0,11190.382217356902
2024-10-18 04:00:00,11081.0,11113.309014573872
2024-10-18 05:00:00,10586.0,10603.54250430391
2024-10-18 06:00:00,10494.0,10502.589113572934
2024-10-18 07:00:00,10182.0,10241.5378645925
2024-10-18 08:00:00,10289.0,10327.906340072905
2024-10-18 09:00:00,10161.0,10154.432797013062
2024-10-18 10:00:00,10523.0,10495.218423164522
2024-10-18 11:00:00,10995.0,10980.821339183944
2024-10-18 12:00:00,11604.0,11605.043505213947
2024-10-18 13:00:00,10791.0,10776.628610765438
2024-10-18 14:00:00,10525.0,10546.013405832164
2024-10-18 15:00:00,9887.0,9907.325507490803
2024-10-18 16:00:00,9838.0,9874.33613596005
2024-10-18 17:00:00,11437.0,11430.584519046044
2024-10-18 18:00:00,11693.0,11762.74556772922
2024-10-18 18:30:00,11622.0,11689.195486485634
2024-10-18 19:00:00,11643.0,11643.836320376395
2024-10-18 20:00:00,11814.0,11830.545512505892
2024-10-18 21:00:00,11771.0,11813.34787152933
2024-10-18 22:00:00,11858.0,11838.798442236986
2024-10-18 23:00:00,11830.0,11848.30503272042
2024-10-19 00:00:00,11300.0,11323.986814306038
2024-10-19 01:00:00,11020.0,11033.907124039972
2024-10-19 02:00:00,10735.0,10755.840125788924
2024-10-19 03:00:00,10371.0,10351.922121038067
2024-10-19 04:00:00,10092.0,10104.632796980226
2024-10-19 05:00:00,9957.0,9955.019073142614
2024-10-19 06:00:00,10154.0,10175.21409252313
2024-10-19 07:00:00,10455.0,10464.87050130013
2024-10-19 08:00:00,10778.0,10834.771715488836
2024-10-19 09:00:00,11021.0,11086.097362761779
2024-10-19 10:00:00,11369.0,11354.75992302414
2024-10-19 11:00:00,11819.0,11827.028455580066
2024-10-19 12:00:00,12183.0,12217.036498901887
2024-10-19 13:00:00,11979.0,11999.003072076825
2024-10-19 14:00:00,11938.0,11995.962046962068
2024-10-19 15:00:00,11532.0,11560.529828935205
2024-10-19 16:00:00,11546.0,11535.819629005531
2024-10-19 17:00:00,12957.0,12812.410276015638
2024-10-19 18:00:00,13501.0,13359.452581243191
2024-10-19 18:30:00,13354.0,13256.257470186294
2024-10-19 19:00:00,13256.0,13249.184054500305
2024-10-19 20:00:00,13016.0,12909.271823304254
2024-10-19 21:00:00,12592.0,12530.574582508156
2024-10-19 22:00:00,12410.0,12365.383779512265
2024-10-19 23:00:00,12409.0,12285.722521290181
2024-10-20 00:00:00,11725.0,11733.7995226459
2024-10-20 01:00:00,11274.0,11327.450248275281
2024-10-20 02:00:00,10951.0,10976.83162265515
2024-10-20 03:00:00,10657.0,10671.540968438809
2024-10-20 04:00:00,10376.0,10378.273724752398
2024-10-20 05:00:00,10147.0,10151.96282085616
2024-10-20 06:00:00,10582.0,10581.854306328434
2024-10-20 07:00:00,10441.0,10439.2078094512
2024-10-20 08:00:00,10908.0,10878.279848709828
2024-10-20 09:00:00,11377.0,11410.950985490617
2024-10-20 10:00:00,11669.0,11691.495074298942
2024-10-20 11:00:00,12174.0,12124.262298826481
2024-10-20 12:00:00,12331.0,12298.98231093718
2024-10-20 13:00:00,12334.0,12264.51163504677
2024-10-20 14:00:00,12393.0,12378.862932872496
2024-10-20 15:00:00,12200.0,12156.501552494095
2024-10-20 16:00:00,11959.0,11977.416791155461
2024-10-20 17:00:00,13139.0,13027.562744275057
2024-10-20 18:00:00,13654.0,13719.553895374394
2024-10-20 18:30:00,13474.0,13252.09314451189
2024-10-20 19:00:00,13373.0,13254.346167321006
2024-10-20 20:00:00,13100.0,12933.859805198012
2024-10-20 21:00:00,12789.0,12736.112762270437
2024-10-20 22:00:00,12616.0,12545.07508993736
2024-10-20 23:00:00,12462.0,12453.960942631425
2024-10-21 00:00:00,11888.0,11877.797308457235
2024-10-21 01:00:00,11372.0,11422.487184915639
2024-10-21 02:00:00,10992.0,11052.574608795474
2024-10-21 03:00:00,10681.0,10660.952251329381
2024-10-21 04:00:00,10438.0,10474.388719763254
2024-10-21 05:00:00,10246.0,10232.45109799518
2024-10-21 06:00:00,10484.0,10486.516408079886
2024-10-21 07:00:00,10513.0,10525.551676226842
2024-10-21 08:00:00,10777.0,10782.181840041661
2024-10-21 09:00:00,11184.0,11189.489041787681
2024-10-21 10:00:00,11657.0,11672.860109264979
2024-10-21 11:00:00,12143.0,12045.003826890406
2024-10-21 12:00:00,12252.0,12196.31482429606
2024-10-21 13:00:00,12376.0,12301.011692646878
2024-10-21 14:00:00,12481.0,12408.367111900174
2024-10-21 15:00:00,12112.0,12083.158785073538
2024-10-21 16:00:00,11877.0,11775.33444553533
2024-10-21 17:00:00,13375.0,13005.065820384845
2024-10-21 18:00:00,13785.0,13653.33585488905
2024-10-21 18:30:00,13663.0,13547.747800583147
2024-10-21 19:00:00,13566.0,13553.195846332774
2024-10-21 20:00:00,13315.0,13241.026215080152
2024-10-21 21:00:00,13069.0,12995.14981919128
2024-10-21 22:00:00,12853.0,12768.134308956922
2024-10-21 23:00:00,12549.0,12410.535456139565
2024-10-22 00:00:00,12071.0,11999.20240323359
2024-10-22 01:00:00,11543.0,11564.913170455326
2024-10-22 02:00:00,11325.0,11333.36465611147
2024-10-22 03:00:00,10980.0,11040.032339088168
2024-10-22 04:00:00,10742.0,10771.97689556133
2024-10-22 05:00:00,10536.0,10556.088822432677
2024-10-22 06:00:00,10824.0,10847.115245051065
2024-10-22 07:00:00,10905.0,10888.28747466921
2024-10-22 08:00:00,11125.0,11180.550968623578
2024-10-22 09:00:00,11456.0,11502.907332232997
2024-10-22 10:00:00,11831.0,11839.035941127462
2024-10-22 11:00:00,12254.0,12174.761812242174
2024-10-22 12:00:00,12666.0,12529.333937058138
2024-10-22 13:00:00,12653.0,12564.780727684969
2024-10-22 14:00:00,12579.0,12362.984842541486
2024-10-22 15:00:00,12531.0,12440.488312277752
2024-10-22 16:00:00,12094.0,12114.55281514006
2024-10-22 17:00:00,13582.0,12995.002903001025
2024-10-22 18:00:00,13761.0,13173.901529840401
2024-10-22 18:30:00,13818.0,13424.337254106644
2024-10-22 19:00:00,13994.0,13661.073751997847
2024-10-22 20:00:00,13743.0,13555.877828527153
2024-10-22 21:00:00,13619.0,13596.615961715246
2024-10-22 22:00:00,13654.0,13591.759866618697
2024-10-22 23:00:00,13077.0,12787.64115553621
2024-10-23 00:00:00,12540.0,12252.353432522326
2024-10-23 01:00:00,12469.0,12427.50716819037
2024-10-23 02:00:00,11991.0,12008.4322457898
2024-10-23 03:00:00,11677.0,11729.539455498052
2024-10-23 04:00:00,11541.0,11510.766985823728
2024-10-23 05:00:00,11354.0,11289.602884812497
2024-10-23 06:00:00,11380.0,11365.073687373928
2024-10-23 07:00:00,11162.0,11197.314893787465
2024-10-23 08:00:00,11617.0,11640.73589354299
2024-10-23 09:00:00,11881.0,11898.095344518613
2024-10-23 10:00:00,12097.0,12103.940526230237
2024-10-23 11:00:00,12328.0,12213.982840087216
2024-10-23 12:00:00,12563.0,12567.01911582654
2024-10-23 13:00:00,12049.0,12058.398369614019
2024-10-23 14:00:00,11883.0,11874.439709490945
2024-10-23 15:00:00,11425.0,11442.129179862864
2024-10-23 16:00:00,11692.0,11737.234902010938
2024-10-23 17:00:00,13391.0,13164.542453111022
2024-10-23 18:00:00,13092.0,13049.051359511523
2024-10-23 18:30:00,12975.0,12939.945372220276
2024-10-23 19:00:00,12840.0,12821.336788278437
2024-10-23 20:00:00,12488.0,12398.806594311407
2024-10-23 21:00:00,12317.0,12294.090273620135
2024-10-23 22:00:00,12039.0,12017.18845089086
2024-10-23 23:00:00,12015.0,11969.7896355675
2024-10-24 00:00:00,11358.0,11389.274075662712
2024-10-24 01:00:00,11052.0,11090.79848447507
2024-10-24 02:00:00,10584.0,10609.89183008528
2024-10-24 03:00:00,10247.0,10307.915817227873
2024-10-24 04:00:00,9882.0,9938.193047439046
2024-10-24 05:00:00,9874.0,9860.660402217876
2024-10-24 06:00:00,10119.0,10153.413404632742
2024-10-24 07:00:00,10200.0,10211.769116855348
2024-10-24 08:00:00,10205.0,10233.399761128201
2024-10-24 09:00:00,10358.0,10390.135670039876
2024-10-24 10:00:00,10637.0,10685.555790920322
2024-10-24 11:00:00,10943.0,10968.459803385756
2024-10-24 12:00:00,11114.0,11110.465838360416
2024-10-24 13:00:00,10464.0,10476.813645158205
2024-10-24 14:00:00,9709.0,9761.677724146333
2024-10-24 15:00:00,9384.0,9450.860447944895
2024-10-24 16:00:00,9937.0,9784.419215914404
2024-10-24 17:00:00,11243.0,11227.883803465607
2024-10-24 18:00:00,10996.0,11042.188978424623
2024-10-24 18:30:00,11003.0,11055.422950195747
2024-10-24 19:00:00,11009.0,10985.205814735786
2024-10-24 20:00:00,10782.0,10783.32252799821
2024-10-24 21:00:00,10658.0,10670.004194723704
2024-10-24 22:00:00,10348.0,10378.194711748332
2024-10-24 23:00:00,10203.0,10185.92237028201
2024-10-25 00:00:00,9732.0,9749.866621998606
2024-10-25 01:00:00,9568.0,9593.08743023625
2024-10-25 02:00:00,9109.0,9141.433028651918
2024-10-25 03:00:00,8799.0,8781.394612349546
2024-10-25 04:00:00,8785.0,8788.320559789521
2024-10-25 05:00:00,8574.0,8596.302778712741
2024-10-25 06:00:00,8724.0,8748.168464249096
2024-10-25 07:00:00,8839.0,8872.513868460215
2024-10-25 08:00:00,8892.0,8900.27703713206
2024-10-25 09:00:00,8883.0,8882.732600525982
2024-10-25 10:00:00,9208.0,9226.270194552933
2024-10-25 11:00:00,9989.0,9921.252224061798
2024-10-25 12:00:00,10686.0,10667.158284933015
2024-10-25 13:00:00,9886.0,9866.94356108701
2024-10-25 14:00:00,9714.0,9717.892979494274
2024-10-25 15:00:00,9453.0,9518.601654179627
2024-10-25 16:00:00,9342.0,9412.83256161473
2024-10-25 17:00:00,11082.0,11092.444333246835
2024-10-25 18:00:00,11265.0,11359.566465426113
2024-10-25 18:30:00,11087.0,11142.280648070133
2024-10-25 19:00:00,11134.0,11172.749872361863
2024-10-25 20:00:00,11329.0,11357.092943200554
2024-10-25 21:00:00,11292.0,11266.105443596192
2024-10-25 22:00:00,11075.0,11100.000371448536
2024-10-25 23:00:00,11098.0,11099.676996344273
2024-10-26 00:00:00,10636.0,10669.137375800738
2024-10-26 01:00:00,10231.0,10242.755092003581
2024-10-26 02:00:00,10010.0,10002.598549545479
2024-10-26 03:00:00,9632.0,9624.065249979594
2024-10-26 04:00:00,9431.0,9418.98530776586
2024-10-26 05:00:00,9122.0,9135.286403239876
2024-10-26 06:00:00,9666.0,9664.926961461038
2024-10-26 07:00:00,9790.0,9784.677794899213
2024-10-26 08:00:00,9946.0,9937.61675366718
2024-10-26 09:00:00,10146.0,10162.415709245293
2024-10-26 10:00:00,10668.0,10645.842296402556
2024-10-26 11:00:00,11199.0,11227.630423912296
2024-10-26 12:00:00,11719.0,11676.974075306553
2024-10-26 13:00:00,11623.0,11594.270100711836
2024-10-26 14:00:00,11638.0,11598.357938964577
2024-10-26 15:00:00,11348.0,11327.67568634922
2024-10-26 16:00:00,11424.0,11374.068798282204
2024-10-26 17:00:00,12726.0,12435.402837924386
2024-10-26 18:00:00,13219.0,13106.451721829018
2024-10-26 18:30:00,13296.0,13102.976488268983
2024-10-26 19:00:00,13162.0,13085.893159595267
2024-10-26 20:00:00,12928.0,12808.243060475288
2024-10-26 21:00:00,12737.0,12727.717876016419
2024-10-26 22:00:00,12457.0,12407.250070458374
2024-10-26 23:00:00,12122.0,12066.725313921668
2024-10-27 00:00:00,11755.0,11719.482406012012
2024-10-27 01:00:00,11251.0,11281.3814713924
2024-10-27 02:00:00,10934.0,10984.123376250876
2024-10-27 03:00:00,10698.0,10710.06955309847
2024-10-27 04:00:00,10523.0,10516.458799865812
2024-10-27 05:00:00,10402.0,10413.763468155694
2024-10-27 06:00:00,10595.0,10579.369755022328
2024-10-27 07:00:00,10836.0,10891.125015981224
2024-10-27 08:00:00,10904.0,10921.357015224987
2024-10-27 09:00:00,11149.0,11199.33301910613
2024-10-27 10:00:00,11326.0,11394.13452766363
2024-10-27 11:00:00,11771.0,11795.829218357478
2024-10-27 12:00:00,11831.0,11789.02729233604
2024-10-27 13:00:00,11844.0,11874.850663667572
2024-10-27 14:00:00,11712.0,11482.130399310783
2024-10-27 15:00:00,11735.0,11496.75580539466
2024-10-27 16:00:00,11726.0,11666.664331860988
2024-10-27 17:00:00,12987.0,12244.5771391474
2024-10-27 18:00:00,13492.0,13252.434785245609
2024-10-27 18:30:00,13638.0,13572.298675509108
2024-10-27 19:00:00,13538.0,13576.00017543596
2024-10-27 20:00:00,13325.0,13122.523760595386
2024-10-27 21:00:00,13020.0,12993.551656490818
2024-10-27 22:00:00,12837.0,12833.193643624503
2024-10-27 23:00:00,12486.0,12479.295603681945
2024-10-28 00:00:00,12092.0,12099.450634730953
2024-10-28 01:00:00,11688.0,11705.695805481626
2024-10-28 02:00:00,11311.0,11342.989065054768
2024-10-28 03:00:00,11068.0,11034.372212608818
2024-10-28 04:00:00,10788.0,10776.464095927733
2024-10-28 05:00:00,10552.0,10556.209421591211
2024-10-28 06:00:00,10760.0,10752.35381084164
2024-10-28 07:00:00,10746.0,10780.722559453558
2024-10-28 08:00:00,11017.0,11003.763358128548
2024-10-28 09:00:00,11377.0,11348.698820698131
2024-10-28 10:00:00,11652.0,11707.679844330627
2024-10-28 11:00:00,11920.0,11836.410572588698
2024-10-28 12:00:00,12034.0,12031.367784936241
2024-10-28 13:00:00,11999.0,11882.606804995687
2024-10-28 14:00:00,11932.0,11695.53263310866
2024-10-28 15:00:00,11633.0,11435.68804438085
2024-10-28 16:00:00,11675.0,11466.76106979065
2024-10-28 17:00:00,12940.0,12187.028541120771
2024-10-28 18:00:00,13265.0,12778.896584434167
2024-10-28 18:30:00,13404.0,13067.440187371163
2024-10-28 19:00:00,13396.0,13017.138643216223
2024-10-28 20:00:00,13210.0,12990.31554143424
2024-10-28 21:00:00,13129.0,12901.190686046639
2024-10-28 22:00:00,12934.0,12830.844492275864
2024-10-28 23:00:00,12516.0,12527.788015600196
2024-10-29 00:00:00,12202.0,12184.539788097645
2024-10-29 01:00:00,11908.0,11983.724306217096
2024-10-29 02:00:00,11387.0,11501.243804042357
2024-10-29 03:00:00,11019.0,11050.913868270522
2024-10-29 04:00:00,10770.0,10766.157672212488
2024-10-29 05:00:00,10626.0,10624.241949364601
2024-10-29 06:00:00,10770.0,10826.986020569995
2024-10-29 07:00:00,10821.0,10834.335477482966
2024-10-29 08:00:00,11143.0,11152.236716985984
2024-10-29 09:00:00,11306.0,11323.914893430157
2024-10-29 10:00:00,11658.0,11755.733454558866
2024-10-29 11:00:00,11859.0,11838.261639467815
2024-10-29 12:00:00,12079.0,12144.294818122666
2024-10-29 13:00:00,12044.0,12012.43589319722
2024-10-29 14:00:00,11833.0,11594.810844642674
2024-10-29 15:00:00,11579.0,11407.566087930225
2024-10-29 16:00:00,11520.0,11416.295716574927
2024-10-29 17:00:00,12695.0,12201.526246688583
2024-10-29 18:00:00,13038.0,12436.728693895488
2024-10-29 18:30:00,13176.0,12720.444549124744
2024-10-29 19:00:00,13112.0,12712.83993642528
2024-10-29 20:00:00,12990.0,12638.756424968415
2024-10-29 21:00:00,12846.0,12574.149834444795
2024-10-29 22:00:00,12527.0,12203.899072203963
2024-10-29 23:00:00,12125.0,11844.706885736923
2024-10-30 00:00:00,11697.0,11441.964335271694
2024-10-30 01:00:00,11450.0,11361.026705420825
2024-10-30 02:00:00,11417.0,11434.15824301212
2024-10-30 03:00:00,11270.0,11076.849174201494
2024-10-30 04:00:00,11110.0,11080.174306741776
2024-10-30 05:00:00,10925.0,10929.366845473964
2024-10-30 06:00:00,10998.0,10933.63368659325
2024-10-30 07:00:00,11038.0,10963.849886076827
2024-10-30 08:00:00,11109.0,11010.1947477452
2024-10-30 09:00:00,11411.0,11522.724766166682
2024-10-30 10:00:00,11636.0,11666.462489656946
2024-10-30 11:00:00,11700.0,11582.788691073361
2024-10-30 12:00:00,11746.0,11563.606637817586
2024-10-30 13:00:00,11768.0,11610.832903623212
2024-10-30 14:00:00,11634.0,11439.426544699725
2024-10-30 15:00:00,11436.0,11306.443907723204
2024-10-30 16:00:00,11631.0,11496.421707960992
2024-10-30 17:00:00,12376.0,11884.412912426114
2024-10-30 18:00:00,12834.0,12075.869882262168
2024-10-30 18:30:00,12893.0,12226.01209641204
2024-10-30 19:00:00,12933.0,12603.109338861457
2024-10-30 20:00:00,12754.0,12485.026243112448
2024-10-30 21:00:00,12673.0,12186.550548526044
2024-10-30 22:00:00,12169.0,11795.539707642403
2024-10-30 23:00:00,11868.0,11649.710808572712
2024-10-31 00:00:00,11341.0,11244.714464551967
2024-10-31 01:00:00,11134.0,11083.203573485387
2024-10-31 02:00:00,10923.0,10934.5805521449
2024-10-31 03:00:00,10821.0,10734.231392229662
2024-10-31 04:00:00,10647.0,10605.648936833346
2024-10-31 05:00:00,10591.0,10584.49700298479
2024-10-31 06:00:00,10626.0,10585.730364880272
2024-10-31 07:00:00,10713.0,10666.662369492278
2024-10-31 08:00:00,10955.0,10927.535722527893
2024-10-31 09:00:00,11229.0,11329.175439439832
2024-10-31 10:00:00,11385.0,11236.217085972288
2024-10-31 11:00:00,11812.0,11699.19697929038
2024-10-31 12:00:00,11842.0,11676.376480958752
2024-10-31 13:00:00,11739.0,11679.150578310027
2024-10-31 14:00:00,11587.0,11394.985352117517
2024-10-31 15:00:00,11362.0,11176.522971605838
2024-10-31 16:00:00,11359.0,11154.203475289449
2024-10-31 17:00:00,11948.0,11546.150836731797
2024-10-31 18:00:00,12167.0,11766.246285042655
2024-10-31 18:30:00,12284.0,11799.373140733804
2024-10-31 19:00:00,12337.0,11742.359836163723
2024-10-31 20:00:00,12638.0,11901.39654929218
2024-10-31 21:00:00,12556.0,12047.736111578117
2024-10-31 22:00:00,12178.0,11764.753535755908
2024-10-31 23:00:00,11750.0,11528.875236920523
2024-11-01 00:00:00,11336.0,11200.840305113712
2024-11-01 01:00:00,11282.0,11182.149954784909
2024-11-01 02:00:00,11191.0,11218.75740522368
2024-11-01 03:00:00,11152.0,11149.115518860852
2024-11-01 04:00:00,11070.0,11078.975536719412
2024-11-01 05:00:00,10959.0,10946.27199641118
2024-11-01 06:00:00,10524.0,10554.647922331522
2024-11-01 07:00:00,10425.0,10464.308176965395
2024-11-01 08:00:00,10233.0,10252.908901211536
2024-11-01 09:00:00,10302.0,10296.338781983048
2024-11-01 10:00:00,10484.0,10485.964074230025
2024-11-01 11:00:00,11199.0,11177.827500347648
2024-11-01 12:00:00,11806.0,11783.218029238189
2024-11-01 13:00:00,11066.0,11054.355688900827
2024-11-01 14:00:00,10970.0,10938.072277175346
2024-11-01 15:00:00,10515.0,10498.625020418353
2024-11-01 16:00:00,10190.0,10236.17049613881
2024-11-01 17:00:00,12178.0,12068.297701586847
2024-11-01 18:00:00,12302.0,12189.9887650345
2024-11-01 18:30:00,12286.0,12170.507612457448
2024-11-01 19:00:00,12263.0,12169.800739296814
2024-11-01 20:00:00,12301.0,12184.602641503921
2024-11-01 21:00:00,12310.0,12181.616013998982
2024-11-01 22:00:00,12222.0,12158.281141392834
2024-11-01 23:00:00,11842.0,11857.723897068468
2024-11-02 00:00:00,11306.0,11312.202238791348
2024-11-02 01:00:00,11032.0,10945.306229407373
2024-11-02 02:00:00,10839.0,10789.59610030135
2024-11-02 03:00:00,10432.0,10441.977306262199
2024-11-02 04:00:00,10211.0,10187.13376869774
2024-11-02 05:00:00,9970.0,9970.44275367565
2024-11-02 06:00:00,9984.0,9976.807630431651
2024-11-02 07:00:00,10087.0,10082.857733467603
2024-11-02 08:00:00,10171.0,10167.820489235854
2024-11-02 09:00:00,10216.0,10227.003956233384
2024-11-02 10:00:00,10739.0,10718.522233431473
2024-11-02 11:00:00,11305.0,11256.398742504714
2024-11-02 12:00:00,11355.0,11331.258875231772
2024-11-02 13:00:00,11322.0,11211.639153873673
2024-11-02 14:00:00,11124.0,11031.665563158718
2024-11-02 15:00:00,10901.0,10874.79196081687
2024-11-02 16:00:00,11256.0,11329.560207784585
2024-11-02 17:00:00,12352.0,11942.779667747105
2024-11-02 18:00:00,12602.0,12387.254503532382
2024-11-02 18:30:00,12845.0,12717.700128407248
2024-11-02 19:00:00,13024.0,12943.990353497562
2024-11-02 20:00:00,13195.0,12983.332298726715
2024-11-02 21:00:00,12648.0,12688.324986281283
2024-11-02 22:00:00,12292.0,12235.894165170677
2024-11-02 23:00:00,11810.0,11770.582478740225
2024-11-03 00:00:00,11294.0,11240.0697927011
2024-11-03 01:00:00,11163.0,11114.350257240063
2024-11-03 02:00:00,11065.0,11120.136313218249
2024-11-03 03:00:00,10591.0,10569.717595631484
2024-11-03 04:00:00,10439.0,10439.890657804004
2024-11-03 05:00:00,10205.0,10204.403909549932
2024-11-03 06:00:00,10462.0,10453.58876663365
2024-11-03 07:00:00,10542.0,10558.46845412214
2024-11-03 08:00:00,10855.0,10899.548282708281
2024-11-03 09:00:00,11061.0,11077.009422332098
2024-11-03 10:00:00,11300.0,11211.228981095324
2024-11-03 11:00:00,11422.0,11465.520925559686
2024-11-03 12:00:00,11598.0,11629.714738579176
2024-11-03 13:00:00,11417.0,11461.458141400664
2024-11-03 14:00:00,11434.0,11498.398901403072
2024-11-03 15:00:00,11337.0,11451.306669406442
2024-11-03 16:00:00,11544.0,11590.292407850116
2024-11-03 17:00:00,12504.0,12175.963765132068
2024-11-03 18:00:00,13041.0,12849.015230778201
2024-11-03 18:30:00,13029.0,13018.73039119627
2024-11-03 19:00:00,13040.0,13052.35731955354
2024-11-03 20:00:00,12850.0,12759.290288604643
2024-11-03 21:00:00,12648.0,12509.66935697713
2024-11-03 22:00:00,12348.0,12250.321975970961
2024-11-03 23:00:00,11802.0,11797.061129076279
2024-11-04 00:00:00,11123.0,11017.727897983134
2024-11-04 01:00:00,10969.0,10879.819203037765
2024-11-04 02:00:00,10864.0,10870.78596214568
2024-11-04 03:00:00,10489.0,10495.594291626529
2024-11-04 04:00:00,10214.0,10215.465074752417
2024-11-04 05:00:00,9945.0,9914.811969717752
2024-11-04 06:00:00,10316.0,10302.711467283942
2024-11-04 07:00:00,10293.0,10283.129454442213
2024-11-04 08:00:00,10712.0,10683.886240750251
2024-11-04 09:00:00,10977.0,10975.8165455289
2024-11-04 10:00:00,11351.0,11336.17077093976
2024-11-04 11:00:00,11947.0,11925.81335599031
2024-11-04 12:00:00,11993.0,11927.874617635687
2024-11-04 13:00:00,11924.0,11859.471215239788
2024-11-04 14:00:00,11896.0,11838.769240513213
2024-11-04 15:00:00,11737.0,11703.9376596113
2024-11-04 16:00:00,11854.0,11775.884646773266
2024-11-04 17:00:00,12912.0,12748.726933904942
2024-11-04 18:00:00,13200.0,13141.614964949722
2024-11-04 18:30:00,13253.0,13183.216230914633
2024-11-04 19:00:00,13165.0,13224.747094010163
2024-11-04 20:00:00,12887.0,12829.606369759134
2024-11-04 21:00:00,12538.0,12329.956571459603
2024-11-04 22:00:00,12375.0,12210.314192002154
2024-11-04 23:00:00,12162.0,12042.368936503204
2024-11-05 00:00:00,11688.0,11691.071783319627
2024-11-05 01:00:00,11081.0,11069.204495340531
2024-11-05 02:00:00,10702.0,10726.85458060091
2024-11-05 03:00:00,10375.0,10372.304561884504
2024-11-05 04:00:00,10133.0,10125.386933934496
2024-11-05 05:00:00,10034.0,10019.342728722733
2024-11-05 06:00:00,10468.0,10449.790622199791
2024-11-05 07:00:00,10595.0,10636.054334774255
2024-11-05 08:00:00,10633.0,10639.392394834242
2024-11-05 09:00:00,10926.0,10932.3504733296
2024-11-05 10:00:00,11261.0,11261.357631609679
2024-11-05 11:00:00,11963.0,11917.015545886294
2024-11-05 12:00:00,12086.0,12037.842108408742
2024-11-05 13:00:00,12065.0,11956.332812528233
2024-11-05 14:00:00,12109.0,11965.134780163544
2024-11-05 15:00:00,11670.0,11619.345550845232
2024-11-05 16:00:00,11674.0,11646.711276395032
2024-11-05 17:00:00,12750.0,12736.748973049487
2024-11-05 18:00:00,12668.0,12707.589177897406
2024-11-05 18:30:00,12528.0,12519.40398752998
2024-11-05 19:00:00,12227.0,12094.300347573999
2024-11-05 20:00:00,11902.0,11851.67605592024
2024-11-05 21:00:00,11696.0,11661.250192799178
2024-11-05 22:00:00,11241.0,11204.083100432552
2024-11-05 23:00:00,11140.0,11136.026673059503
2024-11-06 00:00:00,10419.0,10426.730900090219
2024-11-06 01:00:00,9397.0,9404.615139807122
2024-11-06 02:00:00,8717.0,8709.05323331706
2024-11-06 03:00:00,8575.0,8584.697261340627
2024-11-06 04:00:00,8506.0,8499.285489376949
2024-11-06 05:00:00,8435.0,8469.711462507381
2024-11-06 06:00:00,8926.0,8905.753619205048
2024-11-06 07:00:00,9295.0,9278.682441474653
2024-11-06 08:00:00,9486.0,9453.359269392622
2024-11-06 09:00:00,9712.0,9737.232814190393
2024-11-06 10:00:00,10077.0,10074.279221384035
2024-11-06 11:00:00,10719.0,10681.816304286136
2024-11-06 12:00:00,11124.0,11099.988087091464
2024-11-06 13:00:00,11080.0,11082.080818410388
2024-11-06 14:00:00,11078.0,11076.156106363425
2024-11-06 15:00:00,10813.0,10804.915945603818
2024-11-06 16:00:00,10923.0,10960.63510867918
2024-11-06 17:00:00,12536.0,12481.874079551819
2024-11-06 18:00:00,12301.0,12205.488070568657
2024-11-06 18:30:00,12012.0,11980.645349815635
2024-11-06 19:00:00,11835.0,11807.364937810433
2024-11-06 20:00:00,11700.0,11704.257848453904
2024-11-06 21:00:00,11316.0,11327.141536741789
2024-11-06 22:00:00,11114.0,11086.675462639612
2024-11-06 23:00:00,10822.0,10814.78643812157
2024-11-07 00:00:00,10332.0,10342.099531465548
2024-11-07 01:00:00,9926.0,9917.845072655813
2024-11-07 02:00:00,9503.0,9518.102544761296
2024-11-07 03:00:00,9197.0,9173.252791817902
2024-11-07 04:00:00,8983.0,8963.665102619749
2024-11-07 05:00:00,9024.0,9013.929362010884
2024-11-07 06:00:00,9428.0,9413.92929465704
2024-11-07 07:00:00,9803.0,9810.035861771974
2024-11-07 08:00:00,9918.0,9914.271417702645
2024-11-07 09:00:00,10688.0,10664.459183756553
2024-11-07 10:00:00,10688.0,10710.261993746208
2024-11-07 11:00:00,11095.0,11098.246203453393
2024-11-07 12:00:00,11420.0,11408.241226359674
2024-11-07 13:00:00,11275.0,11262.968559110766
2024-11-07 14:00:00,11247.0,11206.306052377724
2024-11-07 15:00:00,11078.0,11107.682954018408
2024-11-07 16:00:00,11187.0,11216.77301353435
2024-11-07 17:00:00,12630.0,12564.694203689583
2024-11-07 18:00:00,12393.0,12359.884173663599
2024-11-07 18:30:00,12145.0,12073.502585487558
2024-11-07 19:00:00,12026.0,11997.735356054274
2024-11-07 20:00:00,11785.0,11743.671425874609
2024-11-07 21:00:00,11228.0,11231.875765632325
2024-11-07 22:00:00,11121.0,11104.13272125251
2024-11-07 23:00:00,10805.0,10809.292753743935
2024-11-08 00:00:00,10342.0,10344.925638522684
2024-11-08 01:00:00,9760.0,9753.625046732108
2024-11-08 02:00:00,9381.0,9374.864296580441
2024-11-08 03:00:00,9016.0,9000.396137754558
2024-11-08 04:00:00,8867.0,8874.950846981847
2024-11-08 05:00:00,8669.0,8674.851910963514
2024-11-08 06:00:00,8766.0,8771.247278365348
2024-11-08 07:00:00,8866.0,8890.304929204212
2024-11-08 08:00:00,8752.0,8756.398642773804
2024-11-08 09:00:00,8637.0,8647.112811022598
2024-11-08 10:00:00,9020.0,9055.624767264855
2024-11-08 11:00:00,9603.0,9580.54246407263
2024-11-08 12:00:00,10436.0,10459.207982340178
2024-11-08 13:00:00,9590.0,9538.36319566402
2024-11-08 14:00:00,9450.0,9478.743383157424
2024-11-08 15:00:00,9050.0,9068.193230963707
2024-11-08 16:00:00,8960.0,8744.967628523531
2024-11-08 17:00:00,10899.0,10880.65679023931
2024-11-08 18:00:00,10719.0,10753.554114869483
2024-11-08 18:30:00,10708.0,10734.292604978853
2024-11-08 19:00:00,10638.0,10645.151100796795
2024-11-08 20:00:00,10556.0,10546.326089080405
2024-11-08 21:00:00,10439.0,10436.41288897434
2024-11-08 22:00:00,10321.0,10287.268111059451
2024-11-08 23:00:00,10106.0,10122.203465419865
2024-11-09 00:00:00,9627.0,9643.694448250404
2024-11-09 01:00:00,9257.0,9242.727306324836
2024-11-09 02:00:00,8843.0,8847.17128653677
2024-11-09 03:00:00,8500.0,8502.91602804804
2024-11-09 04:00:00,8415.0,8430.973236102069
2024-11-09 05:00:00,8390.0,8360.98024659724
2024-11-09 06:00:00,8725.0,8689.971780276579
2024-11-09 07:00:00,8908.0,8910.523631469494
2024-11-09 08:00:00,8990.0,8996.541191046463
2024-11-09 09:00:00,9041.0,9016.735707339374
2024-11-09 10:00:00,9561.0,9560.832554154245
2024-11-09 11:00:00,10293.0,10294.02411460587
2024-11-09 12:00:00,10750.0,10751.186761188814
2024-11-09 13:00:00,10533.0,10563.638976076858
2024-11-09 14:00:00,10708.0,10711.379184337278
2024-11-09 15:00:00,10449.0,10457.28196439087
2024-11-09 16:00:00,10777.0,10734.400653599185
2024-11-09 17:00:00,12266.0,12234.7247506404
2024-11-09 18:00:00,12270.0,12253.443113161129
2024-11-09 18:30:00,11946.0,11917.02024934807
2024-11-09 19:00:00,11733.0,11750.293266519126
2024-11-09 20:00:00,11463.0,11486.407558373186
2024-11-09 21:00:00,11208.0,11211.623282020406
2024-11-09 22:00:00,11001.0,10982.014672073
2024-11-09 23:00:00,10662.0,10644.763044732355
2024-11-10 00:00:00,10097.0,10116.803685407769
2024-11-10 01:00:00,9726.0,9722.057998022661
2024-11-10 02:00:00,9304.0,9316.129389719306
2024-11-10 03:00:00,8970.0,8945.579583841884
2024-11-10 04:00:00,8759.0,8747.237353343162
2024-11-10 05:00:00,8857.0,8860.035779012764
2024-11-10 06:00:00,9371.0,9399.793891199532
2024-11-10 07:00:00,9740.0,9789.669681666031
2024-11-10 08:00:00,9914.0,9956.447865475964
2024-11-10 09:00:00,10131.0,10153.727455784237
2024-11-10 10:00:00,10556.0,10543.132465073237
2024-11-10 11:00:00,11126.0,11093.3219263569
2024-11-10 12:00:00,10975.0,10978.636163251418
2024-11-10 13:00:00,10627.0,10632.7461344968
2024-11-10 14:00:00,10708.0,10651.379189393592
2024-11-10 15:00:00,10788.0,10791.306929870343
2024-11-10 16:00:00,10977.0,10972.807393361385
2024-11-10 17:00:00,11916.0,11998.322811379958
2024-11-10 18:00:00,12177.0,12268.754811051756
2024-11-10 18:30:00,12195.0,12161.796416646119
2024-11-10 19:00:00,12073.0,12078.583892234996
2024-11-10 20:00:00,11790.0,11738.621447092326
2024-11-10 21:00:00,11524.0,11535.09933349791
2024-11-10 22:00:00,11087.0,11088.27319210753
2024-11-10 23:00:00,10820.0,10825.222391501593
2024-11-11 00:00:00,10246.0,10253.655866716736
2024-11-11 01:00:00,9882.0,9864.461509864694
2024-11-11 02:00:00,9486.0,9470.256563690966
2024-11-11 03:00:00,9128.0,9131.169503643521
2024-11-11 04:00:00,8891.0,8911.961734853487
2024-11-11 05:00:00,8908.0,8905.894547603886
2024-11-11 06:00:00,9378.0,9390.488037803541
2024-11-11 07:00:00,9658.0,9661.568820960481
2024-11-11 08:00:00,9826.0,9885.36501891634
2024-11-11 09:00:00,10156.0,10169.451713734374
2024-11-11 10:00:00,10732.0,10723.37710601154
2024-11-11 11:00:00,10878.0,10765.78473992856
2024-11-11 12:00:00,11029.0,10948.475886363221
2024-11-11 13:00:00,10809.0,10814.02886952754
2024-11-11 14:00:00,10702.0,10673.302226632224
2024-11-11 15:00:00,10679.0,10655.923769602372
2024-11-11 16:00:00,10961.0,10923.017667343065
2024-11-11 17:00:00,11815.0,11609.97335600969
2024-11-11 18:00:00,12151.0,12227.425590997884
2024-11-11 18:30:00,12305.0,12350.972553953392
2024-11-11 19:00:00,12314.0,12328.142056997973
2024-11-11 20:00:00,11993.0,11978.754021239865
2024-11-11 21:00:00,11709.0,11677.550341898826
2024-11-11 22:00:00,11292.0,11277.419063986606
2024-11-12 00:00:00,10475.0,10510.049150693874
2024-11-12 01:00:00,10082.0,10086.55933056138
2024-11-12 02:00:00,9559.0,9550.000379119954
2024-11-12 03:00:00,9362.0,9348.379359485272
2024-11-12 04:00:00,9198.0,9196.880826034065
2024-11-12 05:00:00,9238.0,9249.0442942573
2024-11-12 06:00:00,9821.0,9789.529593370633
2024-11-12 07:00:00,10011.0,10032.777304209261
2024-11-12 08:00:00,10152.0,10159.440529120826
2024-11-12 09:00:00,10271.0,10254.241182195557
2024-11-12 10:00:00,10694.0,10654.541506637252
2024-11-12 11:00:00,10768.0,10695.002981738156
2024-11-12 12:00:00,11001.0,10924.156138991117
2024-11-12 13:00:00,10775.0,10709.63711111165
2024-11-12 14:00:00,10797.0,10742.828096610534
2024-11-12 15:00:00,10671.0,10621.433851264645
2024-11-12 16:00:00,11040.0,10936.109710181463
2024-11-12 17:00:00,11948.0,11918.774153930024
2024-11-12 18:00:00,12505.0,12477.795122874422
2024-11-12 18:30:00,12139.0,12142.726054054709
2024-11-12 19:00:00,11876.0,11862.201000424608
2024-11-12 20:00:00,11518.0,11553.56184072181
2024-11-12 21:00:00,11310.0,11315.54709085503
2024-11-12 22:00:00,10881.0,10861.211838240615
2024-11-12 23:00:00,10576.0,10546.469185483764
2024-11-12 23:00:00,10911.0,10952.756256626666
2024-11-13 00:00:00,10229.0,10210.60310006833
2024-11-13 01:00:00,9663.0,9661.281486348398
2024-11-13 02:00:00,9379.0,9401.666317413998
2024-11-13 03:00:00,9117.0,9126.277537903556
2024-11-13 04:00:00,8836.0,8845.105993006295
2024-11-13 05:00:00,8870.0,8869.013726449899
2024-11-13 06:00:00,9516.0,9506.075695831943
2024-11-13 07:00:00,9760.0,9787.779992569865
2024-11-13 08:00:00,9874.0,9876.081740156784
2024-11-13 09:00:00,10016.0,10038.372557636936
2024-11-13 10:00:00,10501.0,10484.70579229631
2024-11-13 11:00:00,11037.0,11035.791018450858
2024-11-13 12:00:00,11102.0,11096.349385984844
2024-11-13 13:00:00,11022.0,11043.321423868472
2024-11-13 14:00:00,10999.0,10948.042672354923
2024-11-13 15:00:00,10888.0,10859.899741097357
2024-11-13 16:00:00,10925.0,10904.456138098149
2024-11-13 17:00:00,12414.0,12283.463794182771
2024-11-13 18:00:00,11968.0,11958.761061950107
2024-11-13 18:30:00,11857.0,11827.641092210528
2024-11-13 19:00:00,11670.0,11701.843212505086
2024-11-13 20:00:00,11422.0,11398.38831782968
2024-11-13 21:00:00,11050.0,11038.50778158635
2024-11-13 22:00:00,10647.0,10633.537805069636
2024-11-13 23:00:00,10496.0,10512.831678998678
2024-11-14 00:00:00,9914.0,9933.134543269523
2024-11-14 01:00:00,9506.0,9521.833272970078
2024-11-14 02:00:00,9123.0,9114.122063138302
2024-11-14 03:00:00,8748.0,8740.705303604791
2024-11-14 04:00:00,8778.0,8787.17011481806
2024-11-14 05:00:00,8893.0,8934.86838505465
2024-11-14 06:00:00,9276.0,9285.728885746365
2024-11-14 07:00:00,9616.0,9624.345630959937
2024-11-14 08:00:00,9783.0,9792.24512438528
2024-11-14 09:00:00,10025.0,10063.004780494617
2024-11-14 10:00:00,10340.0,10337.889466251916
2024-11-14 11:00:00,10905.0,10876.510026737384
2024-11-14 12:00:00,11146.0,11166.564981626845
2024-11-14 13:00:00,10968.0,10982.566202095068
2024-11-14 14:00:00,10789.0,10810.005546110984
2024-11-14 15:00:00,10618.0,10664.03348097005
2024-11-14 16:00:00,10798.0,10839.954304984632
2024-11-14 17:00:00,12251.0,12167.82524985093
2024-11-14 18:00:00,11705.0,11692.075507843307
2024-11-14 18:30:00,11533.0,11547.321985664423
2024-11-14 19:00:00,11449.0,11450.7818286888
2024-11-14 20:00:00,11060.0,11038.995141010217
2024-11-14 21:00:00,10735.0,10733.688501782406
2024-11-14 22:00:00,10379.0,10387.84352680331
2024-11-14 23:00:00,10099.0,10101.430791854751
2024-11-15 00:00:00,9627.0,9640.958792668145
2024-11-15 01:00:00,9215.0,9214.276710934371
2024-11-15 02:00:00,8955.0,8960.1018227101
2024-11-15 03:00:00,8679.0,8660.371766718346
2024-11-15 04:00:00,8400.0,8413.143880027279
2024-11-15 05:00:00,8351.0,8320.810728485636
2024-11-15 06:00:00,8370.0,8349.684767711564
2024-11-15 07:00:00,8624.0,8579.561269699878
2024-11-15 08:00:00,8413.0,8457.891390597379
2024-11-15 09:00:00,8329.0,8322.394571955576
2024-11-15 10:00:00,8628.0,8619.23241509282
2024-11-15 11:00:00,9308.0,9363.42376161158
2024-11-15 12:00:00,9912.0,9926.148727678958
2024-11-15 13:00:00,9119.0,9067.99390762376
2024-11-15 14:00:00,8810.0,8786.667669920998
2024-11-15 15:00:00,8562.0,8578.885375931024
2024-11-15 16:00:00,8783.0,8667.493581573199
2024-11-15 17:00:00,10277.0,10256.30759149518
2024-11-15 18:00:00,10055.0,10112.3719058167
2024-11-15 18:30:00,9873.0,9938.096466192605
2024-11-15 19:00:00,9853.0,9829.772181782537
2024-11-15 20:00:00,9892.0,9896.334125855485
2024-11-15 21:00:00,9671.0,9661.74083225018
2024-11-15 22:00:00,9392.0,9424.287339686372
2024-11-15 23:00:00,9121.0,9134.145855782892
2024-11-16 00:00:00,8719.0,8712.621120884114
2024-11-16 01:00:00,8347.0,8340.154688165389
2024-11-16 02:00:00,8093.0,8078.865274272771
2024-11-16 03:00:00,7926.0,7930.314844808147
2024-11-16 04:00:00,7630.0,7637.951883998003
2024-11-16 05:00:00,7799.0,7812.779737278201
2024-11-16 06:00:00,8395.0,8370.458644975519
2024-11-16 07:00:00,5897.0,7758.403084316354
2024-11-16 08:00:00,8552.0,8521.113685256598
2024-11-16 09:00:00,8293.0,8281.640969016747
2024-11-16 10:00:00,8741.0,8691.88278433461
2024-11-16 11:00:00,9431.0,9463.524204730544
2024-11-16 12:00:00,9663.0,9686.422574948834
2024-11-16 13:00:00,9585.0,9596.262663568137
2024-11-16 14:00:00,9188.0,9196.075508106527
2024-11-16 15:00:00,9265.0,9256.859090368007
2024-11-16 16:00:00,9894.0,9863.370526232988
2024-11-16 17:00:00,11246.0,11210.595698379926
2024-11-16 18:00:00,11009.0,11033.274868434093
2024-11-16 18:30:00,10736.0,10795.08958689163
2024-11-16 19:00:00,10638.0,10653.252119380202
2024-11-16 20:00:00,10411.0,10398.591418782204
2024-11-16 21:00:00,10068.0,10047.984224443002
2024-11-16 22:00:00,9646.0,9637.74808669513
2024-11-16 23:00:00,9358.0,9352.139446353569
2024-11-17 00:00:00,8753.0,8761.1941878147
2024-11-17 01:00:00,8489.0,8502.89210011051
2024-11-17 02:00:00,8203.0,8217.002333096085
2024-11-17 03:00:00,7931.0,7946.206076244401
2024-11-17 04:00:00,7794.0,7810.710945152823
2024-11-17 05:00:00,7938.0,7961.747027962517
2024-11-17 06:00:00,8397.0,8394.801661382293
2024-11-17 07:00:00,9104.0,9071.187199694332
2024-11-17 08:00:00,9105.0,9104.259854895716
2024-11-17 09:00:00,8997.0,9000.604450412164
2024-11-17 10:00:00,9306.0,9308.685206836364
2024-11-17 11:00:00,9858.0,9838.90801627832
2024-11-17 12:00:00,10173.0,10203.232914776772
2024-11-17 13:00:00,9777.0,9770.262779056331
2024-11-17 14:00:00,9643.0,9613.908711876447
2024-11-17 15:00:00,9500.0,9496.026353193949
2024-11-17 16:00:00,9727.0,9745.630634706173
2024-11-17 17:00:00,11186.0,11169.018825863996
2024-11-17 18:00:00,10727.0,10756.847911349856
2024-11-17 18:30:00,10571.0,10588.799071604286
2024-11-17 19:00:00,10462.0,10438.28769790687
2024-11-17 20:00:00,10126.0,10137.825265609226
2024-11-17 21:00:00,9733.0,9768.5535295329
2024-11-17 22:00:00,9282.0,9288.554781289145
2024-11-17 23:00:00,8961.0,8941.266720848933
2024-11-18 00:00:00,8495.0,8471.989866801534
2024-11-18 01:00:00,8033.0,8018.265167295222
2024-11-18 02:00:00,7868.0,7874.500785669705
2024-11-18 03:00:00,7537.0,7539.844878802839
2024-11-18 04:00:00,7425.0,7431.225106777564
2024-11-18 05:00:00,7724.0,7715.854915304027
2024-11-18 06:00:00,8376.0,8367.38972452047
2024-11-18 07:00:00,8604.0,8582.207769691884
2024-11-18 08:00:00,8735.0,8748.14136529032
2024-11-18 09:00:00,8728.0,8736.501995439414
2024-11-18 10:00:00,9213.0,9265.638526874976
2024-11-18 11:00:00,9704.0,9723.955273709978
2024-11-18 12:00:00,10045.0,10066.07303350413
2024-11-18 13:00:00,9649.0,9681.403381858774
2024-11-18 14:00:00,9593.0,9563.63673139027
2024-11-18 15:00:00,9378.0,9391.733516859013
2024-11-18 16:00:00,9652.0,9658.215900082363
2024-11-18 17:00:00,10934.0,10927.452605406143
2024-11-18 18:00:00,10690.0,10744.815471643662
2024-11-18 18:30:00,10531.0,10588.329408709495
2024-11-18 19:00:00,10433.0,10441.277669403653
2024-11-18 20:00:00,10125.0,10092.281122765477
2024-11-18 21:00:00,9687.0,9677.716164781357
2024-11-18 22:00:00,9228.0,9241.829351495071
2024-11-18 23:00:00,8917.0,8893.084752615614
2024-11-19 00:00:00,8431.0,8435.150057693305
2024-11-19 01:00:00,8088.0,8057.840609176143
2024-11-19 02:00:00,7869.0,7863.8664589465325
2024-11-19 03:00:00,7659.0,7656.500900310016
2024-11-19 04:00:00,7562.0,7568.199658960102
2024-11-19 05:00:00,7679.0,7668.434105089712
2024-11-19 06:00:00,8598.0,8682.786804085785
2024-11-19 07:00:00,8832.0,8840.919387928718
2024-11-19 08:00:00,8990.0,9006.19477661629
2024-11-19 09:00:00,8976.0,8970.69496963644
2024-11-19 10:00:00,9197.0,9182.096208160636
2024-11-19 11:00:00,9599.0,9603.111998151755
2024-11-19 12:00:00,10017.0,10012.587431047987
2024-11-19 13:00:00,9857.0,9846.993938866559
2024-11-19 14:00:00,9584.0,9593.010015405705
2024-11-19 15:00:00,9556.0,9544.33874914643
2024-11-19 16:00:00,9635.0,9609.092046037453
2024-11-19 17:00:00,11273.0,11263.367221836872
2024-11-19 18:00:00,10727.0,10757.156359087745
2024-11-19 18:30:00,10486.0,10547.639247151914
2024-11-19 19:00:00,10321.0,10312.316683973939
2024-11-19 20:00:00,10204.0,10194.243776749992
2024-11-19 21:00:00,9789.0,9796.19645134251
2024-11-19 22:00:00,9260.0,9263.79307188626
2024-11-19 23:00:00,8954.0,8941.828130018934
2024-11-20 00:00:00,8622.0,8605.62852540995
2024-11-20 01:00:00,8272.0,8289.582826499922
2024-11-20 02:00:00,7938.0,7931.8842258779905
2024-11-20 03:00:00,7721.0,7719.672671147086
2024-11-20 04:00:00,7657.0,7648.123896772007
2024-11-20 05:00:00,7761.0,7764.197522063936
2024-11-20 06:00:00,8435.0,8438.157624386504
2024-11-20 07:00:00,9023.0,8981.522982544913
2024-11-20 08:00:00,9039.0,9021.776765470178
2024-11-20 09:00:00,8925.0,8934.302845890941
2024-11-20 10:00:00,9310.0,9330.521202694255
2024-11-20 11:00:00,9693.0,9739.513043702253
2024-11-20 12:00:00,10139.0,10150.926675919782
2024-11-20 13:00:00,9728.0,9735.705053066577
2024-11-20 14:00:00,9681.0,9652.422954072767
2024-11-20 15:00:00,9516.0,9526.036451575432
2024-11-20 16:00:00,9911.0,9937.223865538634
2024-11-20 17:00:00,11087.0,11087.441669187037
2024-11-20 18:00:00,10734.0,10756.705830065312
2024-11-20 18:30:00,10684.0,10695.192390808164
2024-11-20 19:00:00,10577.0,10573.79825966422
2024-11-20 20:00:00,10121.0,10114.59857566207
2024-11-20 21:00:00,9819.0,9802.294761156394
2024-11-20 22:00:00,9273.0,9285.19853968545
2024-11-20 23:00:00,8938.0,8918.324671735902
2024-11-21 00:00:00,8586.0,8579.154668260226
2024-11-21 01:00:00,8263.0,8258.392794242187
2024-11-21 02:00:00,7922.0,7915.909541028307
2024-11-21 03:00:00,7637.0,7650.452552506503
2024-11-21 04:00:00,7499.0,7512.8991313701445
2024-11-21 05:00:00,7731.0,7727.583536909106
2024-11-21 06:00:00,8475.0,8477.388891763268
2024-11-21 07:00:00,8979.0,8973.313957434684
2024-11-21 08:00:00,8930.0,8936.812788640149
2024-11-21 09:00:00,8967.0,8965.909422561408
2024-11-21 10:00:00,9336.0,9320.848907239308
2024-11-21 11:00:00,9875.0,9902.68224090194
2024-11-21 12:00:00,10095.0,10141.920892451992
2024-11-21 13:00:00,9739.0,9771.005307572657
2024-11-21 14:00:00,9550.0,9546.970981603616
2024-11-21 15:00:00,9234.0,9247.958737951498
2024-11-21 16:00:00,9790.0,9784.260049941735
2024-11-21 17:00:00,11166.0,11166.435108457312
2024-11-21 18:00:00,10589.0,10653.829794352534
2024-11-21 18:30:00,10421.0,10428.743642732992
2024-11-21 19:00:00,9918.0,9900.440951447996
2024-11-21 20:00:00,10178.0,10166.625577441275
2024-11-21 21:00:00,9706.0,9709.058887432704
2024-11-21 22:00:00,9272.0,9294.274375560384
2024-11-21 23:00:00,9149.0,9143.338864537125
2024-11-22 00:00:00,8441.0,8401.57224866256
2024-11-22 01:00:00,8122.0,8102.055692072917
2024-11-22 02:00:00,7844.0,7866.57632310117
2024-11-22 03:00:00,7569.0,7575.315923928726
2024-11-22 04:00:00,7321.0,7304.412420547912
2024-11-22 05:00:00,7259.0,7274.085142652509
2024-11-22 06:00:00,7564.0,7555.733238250591
2024-11-22 07:00:00,8009.0,7981.714107576891
2024-11-22 08:00:00,7620.0,7629.541519900503
2024-11-22 09:00:00,7663.0,7674.376469327295
2024-11-22 10:00:00,7869.0,7898.153685702454
2024-11-22 11:00:00,8530.0,8515.29781540316
2024-11-22 12:00:00,9132.0,9121.551773433373
2024-11-22 13:00:00,8046.0,8078.86036323712
2024-11-22 14:00:00,7577.0,7592.8896462899365
2024-11-22 15:00:00,7395.0,7396.167642449164
2024-11-22 16:00:00,7836.0,7777.654867404726
2024-11-22 17:00:00,9183.0,9175.663104187297
2024-11-22 18:00:00,9036.0,9037.879991636406
2024-11-22 18:30:00,9006.0,8984.645691795311
2024-11-22 19:00:00,8945.0,8935.640002152004
2024-11-22 20:00:00,9015.0,8994.757114409307
2024-11-22 21:00:00,8683.0,8667.345293906108
2024-11-22 22:00:00,8451.0,8464.672409086474
2024-11-22 23:00:00,8291.0,8256.380701106722
2024-11-23 00:00:00,7996.0,7976.7599604596235
2024-11-23 01:00:00,7472.0,7472.192817283291
2024-11-23 02:00:00,7232.0,7235.4112961710925
2024-11-23 03:00:00,7017.0,7021.716988166088
2024-11-23 04:00:00,6915.0,6887.870584963851
2024-11-23 05:00:00,7161.0,7152.890986303071
2024-11-23 06:00:00,7773.0,7768.637427536788
2024-11-23 07:00:00,8324.0,8296.327089331811
2024-11-23 08:00:00,8325.0,8319.490396018806
2024-11-23 09:00:00,8136.0,8136.220432881001
2024-11-23 10:00:00,8541.0,8509.206394483183
2024-11-23 11:00:00,8993.0,9010.703373397306
2024-11-23 12:00:00,9437.0,9408.285003626339
2024-11-23 13:00:00,9091.0,9102.49910325152
2024-11-23 14:00:00,8933.0,8936.21541841444
2024-11-23 15:00:00,8735.0,8732.509696265608
2024-11-23 16:00:00,9350.0,9380.583827588702
2024-11-23 17:00:00,10353.0,10366.023784563426
2024-11-23 18:00:00,10471.0,10427.716247755488
2024-11-23 18:30:00,10318.0,10370.405733291602
2024-11-23 19:00:00,10148.0,10144.356162368078
2024-11-23 20:00:00,9947.0,9927.956112455924
2024-11-23 21:00:00,9522.0,9517.372409559322
2024-11-23 22:00:00,9008.0,8998.07709926209
2024-11-23 23:00:00,8768.0,8751.5431050835
2024-11-24 00:00:00,8374.0,8382.272638449036
2024-11-24 01:00:00,7892.0,7895.94683103945
2024-11-24 02:00:00,7704.0,7703.476025792136
2024-11-24 03:00:00,7452.0,7455.664720884802
2024-11-24 04:00:00,7309.0,7336.973488580627
2024-11-24 05:00:00,7549.0,7579.237397345946
2024-11-24 06:00:00,8178.0,8163.4810691720495
2024-11-24 07:00:00,8777.0,8748.408443411927
2024-11-24 08:00:00,8877.0,8904.562170781008
2024-11-24 09:00:00,8755.0,8766.757176291434
2024-11-24 10:00:00,9016.0,9028.8983735417
2024-11-24 11:00:00,9361.0,9357.393500300037
2024-11-24 12:00:00,9718.0,9750.75190408237
2024-11-24 13:00:00,9399.0,9406.512686155624
2024-11-24 14:00:00,9002.0,8985.516760884253
2024-11-24 15:00:00,9007.0,8992.208328395405
2024-11-24 16:00:00,9615.0,9616.16143619204
2024-11-24 17:00:00,10624.0,10646.021464991343
2024-11-24 18:00:00,10312.0,10353.819894110775
2024-11-24 18:30:00,10092.0,10166.284496980796
2024-11-24 19:00:00,10020.0,10019.850557696134
2024-11-24 20:00:00,9762.0,9759.874261304816
2024-11-24 21:00:00,9444.0,9421.485528977166
2024-11-24 22:00:00,8996.0,9014.94069533989
2024-11-24 23:00:00,8666.0,8659.921064803608
2024-11-25 00:00:00,8190.0,8211.986103062849
2024-11-25 01:00:00,7745.0,7746.259252190166
2024-11-25 02:00:00,7477.0,7478.723536823118
2024-11-25 03:00:00,7268.0,7261.839925799697
2024-11-25 04:00:00,7125.0,7131.980708321983
2024-11-25 05:00:00,7449.0,7447.524154238292
2024-11-25 06:00:00,8175.0,8130.503200825709
2024-11-25 07:00:00,8679.0,8640.198922841471
2024-11-25 08:00:00,8512.0,8526.9682657958
2024-11-25 09:00:00,8432.0,8474.915607592884
2024-11-25 10:00:00,8775.0,8736.607408981348
2024-11-25 11:00:00,9398.0,9434.958133715805
2024-11-25 12:00:00,9357.0,9338.695752005451
2024-11-25 13:00:00,9238.0,9254.951810845092
2024-11-25 14:00:00,8889.0,8875.819937707445
2024-11-25 15:00:00,8864.0,8873.643630909672
2024-11-25 16:00:00,9405.0,9421.172534216012
2024-11-25 17:00:00,10545.0,10529.082214742879
2024-11-25 18:00:00,10222.0,10258.681199521447
2024-11-25 18:30:00,10184.0,10235.232638614596
2024-11-25 19:00:00,10139.0,10146.980105083265
2024-11-25 20:00:00,9774.0,9763.777171348034
2024-11-25 21:00:00,9478.0,9460.134958163317
2024-11-25 22:00:00,9008.0,9013.560196139835
2024-11-25 23:00:00,8530.0,8511.11340138916
2024-11-26 00:00:00,8022.0,8032.747040873313
2024-11-26 01:00:00,7764.0,7750.482852492928
2024-11-26 02:00:00,7472.0,7477.118716795134
2024-11-26 03:00:00,7256.0,7263.838963607851
2024-11-26 04:00:00,7150.0,7167.685368735988
2024-11-26 05:00:00,7517.0,7495.730268890773
2024-11-26 06:00:00,8210.0,8152.859069937194
2024-11-26 07:00:00,8909.0,8867.819525808036
2024-11-26 08:00:00,8824.0,8805.469194237283
2024-11-26 09:00:00,8664.0,8666.962857664186
2024-11-26 10:00:00,9006.0,9021.82726055236
2024-11-26 11:00:00,9465.0,9450.411250903822
2024-11-26 12:00:00,9521.0,9492.825598502654
2024-11-26 13:00:00,9264.0,9273.774271848653
2024-11-26 14:00:00,9138.0,9155.609162786019
2024-11-26 15:00:00,9155.0,9138.490148019351
2024-11-26 16:00:00,9469.0,9432.67934739132
2024-11-26 17:00:00,10676.0,10645.99825507641
2024-11-26 18:00:00,10440.0,10523.979841427956
2024-11-26 18:30:00,10134.0,10181.622273650646
2024-11-26 19:00:00,10010.0,10021.951259827492
2024-11-26 20:00:00,9891.0,9887.789685190693
2024-11-26 21:00:00,9491.0,9495.355945228563
2024-11-26 22:00:00,8961.0,8973.737671442897
2024-11-26 23:00:00,8620.0,8602.202104733908
2024-11-27 00:00:00,8083.0,8100.464624618443
2024-11-27 01:00:00,7701.0,7707.746085672828
2024-11-27 02:00:00,7384.0,7370.145873672491
2024-11-27 03:00:00,7234.0,7240.5744630629915
2024-11-27 04:00:00,7131.0,7152.379357875603
2024-11-27 05:00:00,7439.0,7435.3228414330015
2024-11-27 06:00:00,8184.0,8130.503200825709
2024-11-27 07:00:00,8770.0,8718.841386734763
2024-11-27 08:00:00,8853.0,8855.252541616728
2024-11-27 09:00:00,8899.0,8908.815930485987
2024-11-27 10:00:00,9118.0,9125.134599582832
2024-11-27 11:00:00,9652.0,9648.371432450145
2024-11-27 12:00:00,9797.0,9777.949553500024
2024-11-27 13:00:00,9192.0,9172.335388805448
2024-11-27 14:00:00,9133.0,9129.860834958175
2024-11-27 15:00:00,9130.0,9117.294361058472
2024-11-27 16:00:00,9409.0,9375.304801365777
2024-11-27 17:00:00,10666.0,10629.09812128614
2024-11-27 18:00:00,10408.0,10472.030113540342
2024-11-27 18:30:00,10289.0,10334.595310541887
2024-11-27 19:00:00,10050.0,10077.41451571623
2024-11-27 20:00:00,9892.0,9887.90020676897
2024-11-27 21:00:00,9466.0,9462.976278236856
2024-11-27 22:00:00,9008.0,9014.085224830054
2024-11-27 23:00:00,8687.0,8686.39058877638
2024-11-28 00:00:00,8125.0,8129.804273573179
2024-11-28 01:00:00,7788.0,7791.197084091006
2024-11-28 02:00:00,7453.0,7461.024018662794
2024-11-28 03:00:00,7239.0,7242.450507554871
2024-11-28 04:00:00,7235.0,7260.9519691902315
2024-11-28 05:00:00,7480.0,7480.618211283258
2024-11-28 06:00:00,8203.0,8151.767239652523
2024-11-28 07:00:00,8880.0,8832.647370532108
2024-11-28 08:00:00,8823.0,8814.835039919095
2024-11-28 09:00:00,8708.0,8715.93476765827
2024-11-28 10:00:00,9092.0,9108.711515639869
2024-11-28 11:00:00,9675.0,9658.570449842051
2024-11-28 12:00:00,9988.0,9982.142648593785
2024-11-28 13:00:00,9576.0,9586.517057611918
2024-11-28 14:00:00,9408.0,9396.487741829906
2024-11-28 15:00:00,9192.0,9172.682861035802
2024-11-28 16:00:00,9631.0,9627.252344923683
2024-11-28 17:00:00,10800.0,10817.478791914644
2024-11-28 18:00:00,10497.0,10554.90168253499
2024-11-28 18:30:00,10399.0,10455.709346163549
2024-11-28 19:00:00,10212.0,10199.68635860025
2024-11-28 20:00:00,10031.0,10004.798062660388
2024-11-28 21:00:00,9496.0,9495.058674802352
2024-11-28 22:00:00,9216.0,9224.767443967923
2024-11-28 23:00:00,8889.0,8867.304920704752
2024-11-29 00:00:00,8384.0,8380.874262622701
2024-11-29 01:00:00,7995.0,7976.175706855093
2024-11-29 02:00:00,7585.0,7593.610430982964
2024-11-29 03:00:00,7437.0,7424.965711011158
2024-11-29 04:00:00,7303.0,7307.318151816581
2024-11-29 05:00:00,7319.0,7340.921793926156
2024-11-29 06:00:00,7605.0,7616.544931929
2024-11-29 07:00:00,8091.0,8087.444096213592
2024-11-29 08:00:00,7965.0,7957.811882434569
2024-11-29 09:00:00,7766.0,7768.747040327849
2024-11-29 10:00:00,8201.0,8219.658480519292
2024-11-29 11:00:00,8936.0,8896.805729827889
2024-11-29 12:00:00,9360.0,9359.842716265406
2024-11-29 13:00:00,8168.0,7983.9650512896205
2024-11-29 14:00:00,7769.0,7774.512200857028
2024-11-29 15:00:00,7640.0,7651.868563893897
2024-11-29 16:00:00,8099.0,8109.9223855225155
2024-11-29 17:00:00,9335.0,9321.199110812664
2024-11-29 18:00:00,9340.0,9397.724948933681
2024-11-29 18:30:00,9366.0,9397.724948933681
2024-11-29 19:00:00,9338.0,9333.169838726788
2024-11-29 20:00:00,9285.0,9283.782128950048
2024-11-29 21:00:00,8987.0,8975.179388495815
2024-11-29 22:00:00,8709.0,8705.777750779653
2024-11-29 23:00:00,8271.0,8260.981612547153
2024-11-30 00:00:00,7994.0,7995.68251265292
2024-11-30 01:00:00,7521.0,7518.199893208033
2024-11-30 02:00:00,7328.0,7304.2965578251105
2024-11-30 03:00:00,7064.0,7083.408555431665
2024-11-30 04:00:00,7121.0,7112.605502161234
2024-11-30 05:00:00,7367.0,7364.324778804461
2024-11-30 06:00:00,7980.0,7965.984869415042
2024-11-30 07:00:00,8537.0,8532.773032169354
2024-11-30 08:00:00,8353.0,8370.82186358042
2024-11-30 09:00:00,8328.0,8316.012735061198
2024-11-30 10:00:00,8765.0,8746.97301740362
2024-11-30 11:00:00,9424.0,9453.814561056804
2024-11-30 12:00:00,9743.0,9759.993121178408
2024-11-30 13:00:00,9337.0,9313.36090265953
2024-11-30 14:00:00,9078.0,9092.501924344933
2024-11-30 15:00:00,9001.0,8994.779715193314
2024-11-30 16:00:00,9497.0,9523.051863002445
2024-11-30 17:00:00,10812.0,10783.171061893949
2024-11-30 18:00:00,10227.0,10263.278388271588
2024-11-30 18:30:00,10136.0,10124.015412942981
2024-11-30 19:00:00,9945.0,9924.934618919644
2024-11-30 20:00:00,9872.0,9873.376963857092
2024-11-30 21:00:00,9557.0,9551.763328177629
2024-11-30 22:00:00,8971.0,8960.074721948531
2024-11-30 23:00:00,8648.0,8631.286431602775
2024-12-01 00:00:00,8221.0,8245.892395022549
2024-12-01 01:00:00,7867.0,7865.874702407019
2024-12-01 02:00:00,7524.0,7532.435005267997
2024-12-01 03:00:00,7244.0,7227.148199356847
2024-12-01 04:00:00,7262.0,7295.720148807636
2024-12-01 05:00:00,7668.0,7666.254020468059
2024-12-01 06:00:00,8612.0,8685.13305136262
2024-12-01 07:00:00,9036.0,9073.26808049163
2024-12-01 08:00:00,9094.0,9084.722138363142
2024-12-01 09:00:00,8972.0,8976.742627400445
2024-12-01 10:00:00,9327.0,9324.325240046684
2024-12-01 11:00:00,9875.0,9909.43266597617
2024-12-01 12:00:00,10054.0,10105.462206014554
2024-12-01 13:00:00,9631.0,9643.517713674422
2024-12-01 14:00:00,9575.0,9575.443198540544
2024-12-01 15:00:00,9303.0,9318.20918974176
2024-12-01 16:00:00,9716.0,9681.939854276872
2024-12-01 17:00:00,10745.0,10811.444421146207
2024-12-01 18:00:00,10695.0,10761.863045125405
2024-12-01 18:30:00,10341.0,10402.307965118061
2024-12-01 19:00:00,10306.0,10281.5772990555
2024-12-01 20:00:00,10093.0,10110.861097971125
2024-12-01 21:00:00,9579.0,9591.41564766106
2024-12-01 22:00:00,9079.0,9108.240770227598
2024-12-01 23:00:00,8691.0,8681.768387203601
2024-12-02 00:00:00,8301.0,8291.110830684078
2024-12-02 01:00:00,8046.0,8028.159661150556
2024-12-02 02:00:00,7777.0,7790.115043785141
2024-12-02 03:00:00,7552.0,7556.541923311088
2024-12-02 04:00:00,7433.0,7421.992249696985
2024-12-02 05:00:00,7617.0,7627.395930546196
2024-12-02 06:00:00,8441.0,8472.21446792755
2024-12-02 07:00:00,9026.0,8982.255780297623
2024-12-02 08:00:00,9074.0,9025.645156715129
2024-12-02 09:00:00,8824.0,8812.038825877158
2024-12-02 10:00:00,9052.0,9039.770081089993
2024-12-02 11:00:00,9603.0,9596.782417251921
2024-12-02 12:00:00,9964.0,9969.765084537394
2024-12-02 13:00:00,9461.0,9479.202337862249
2024-12-02 14:00:00,9134.0,9122.744416109897
2024-12-02 15:00:00,9117.0,9113.485572494325
2024-12-02 16:00:00,9474.0,9449.844495217229
2024-12-02 17:00:00,10749.0,10761.441974986541
2024-12-02 18:00:00,10554.0,10610.726955840055
2024-12-02 18:30:00,10391.0,10428.889303482987
2024-12-02 19:00:00,10274.0,10241.713145392121
2024-12-02 20:00:00,9960.0,9952.021216487785
2024-12-02 21:00:00,9372.0,9405.466708067179
2024-12-02 22:00:00,9099.0,9087.89362334589
2024-12-02 23:00:00,8758.0,8743.353786624592
2024-12-03 00:00:00,8274.0,8272.585112797931
2024-12-03 01:00:00,7849.0,7844.165979832916
2024-12-03 02:00:00,7565.0,7558.845012065776
2024-12-03 03:00:00,7394.0,7382.98936215608
2024-12-03 04:00:00,7279.0,7281.057766113782
2024-12-03 05:00:00,7307.0,7305.8151884926
2024-12-03 06:00:00,8296.0,8279.441205024264
2024-12-03 07:00:00,9010.0,8958.459579070652
2024-12-03 08:00:00,9105.0,9106.918645912489
2024-12-03 09:00:00,8938.0,8948.591995741417
2024-12-03 10:00:00,9265.0,9294.556534271298
2024-12-03 11:00:00,9920.0,9886.102319751193
2024-12-03 12:00:00,10029.0,10029.28748418484
2024-12-03 13:00:00,9553.0,9550.891535406565
2024-12-03 14:00:00,9136.0,9115.445287570821
2024-12-03 15:00:00,9292.0,9288.988259663933
2024-12-03 16:00:00,9450.0,9427.424584405588
2024-12-03 17:00:00,11049.0,11043.52283968574
2024-12-03 18:00:00,10494.0,10533.080724396435
2024-12-03 18:30:00,10329.0,10392.161646413317
2024-12-03 19:00:00,10226.0,10203.302248074033
2024-12-03 20:00:00,10182.0,10139.244163877787
2024-12-03 21:00:00,9574.0,9591.976871448738
2024-12-03 22:00:00,9103.0,9086.52803074783
2024-12-03 23:00:00,8719.0,8701.893847001202
2024-12-04 00:00:00,8283.0,8287.964634284885
2024-12-04 01:00:00,7835.0,7836.119460501783
2024-12-04 02:00:00,7594.0,7585.941095212667
2024-12-04 03:00:00,7416.0,7412.751393735556
2024-12-04 04:00:00,7375.0,7392.522488519983
2024-12-04 05:00:00,7660.0,7653.557322692218
2024-12-04 06:00:00,8356.0,8352.300546824044
2024-12-04 07:00:00,9074.0,9016.40768455398
2024-12-04 08:00:00,9051.0,9038.218927917995
2024-12-04 09:00:00,8878.0,8868.415650068107
2024-12-04 10:00:00,9100.0,9101.3337382019
2024-12-04 11:00:00,9595.0,9598.734360803388
2024-12-04 12:00:00,9968.0,9961.543665953368
2024-12-04 13:00:00,9392.0,9389.474549759636
2024-12-04 14:00:00,9192.0,9184.806636185866
2024-12-04 15:00:00,9183.0,9187.01335815076
2024-12-04 16:00:00,9423.0,9442.520902533379
2024-12-04 17:00:00,10889.0,10873.536184989489
2024-12-04 18:00:00,10381.0,10419.866769656492
2024-12-04 18:30:00,10245.0,10273.439862995403
2024-12-04 19:00:00,10230.0,10225.056989771216
2024-12-04 20:00:00,9960.0,9969.248781860102
2024-12-04 21:00:00,9495.0,9515.91451062621
2024-12-04 22:00:00,9059.0,9039.45848948731
2024-12-04 23:00:00,8633.0,8635.039420521842
2024-12-05 00:00:00,8213.0,8236.449612114984
2024-12-05 01:00:00,7760.0,7772.023425213046
2024-12-05 02:00:00,7509.0,7486.624941277417
2024-12-05 03:00:00,7306.0,7287.442274176589
2024-12-05 04:00:00,7202.0,7213.054296430097
2024-12-05 05:00:00,7546.0,7524.566883379172
2024-12-05 06:00:00,8192.0,8169.63549671938
2024-12-05 07:00:00,8843.0,8811.278710436232
2024-12-05 08:00:00,8959.0,9000.49563319661
2024-12-05 09:00:00,8853.0,8851.957971599444
2024-12-05 10:00:00,9143.0,9154.567805988409
2024-12-05 11:00:00,9596.0,9573.551398243526
2024-12-05 12:00:00,9973.0,9970.321077184664
2024-12-05 13:00:00,9517.0,9521.095392073716
2024-12-05 14:00:00,9147.0,9144.477303471267
2024-12-05 15:00:00,9147.0,9148.016116294726
2024-12-05 16:00:00,9538.0,9520.568535222654
2024-12-05 17:00:00,10745.0,10732.675401677823
2024-12-05 18:00:00,10423.0,10458.156105066628
2024-12-05 18:30:00,10265.0,10271.050239974225
2024-12-05 19:00:00,10201.0,10183.367196074994
2024-12-05 20:00:00,9820.0,9796.858037702916
2024-12-05 21:00:00,9466.0,9464.791586185214
2024-12-05 22:00:00,8938.0,8959.536320563106
2024-12-05 23:00:00,8571.0,8561.498689665355
2024-12-06 00:00:00,8252.0,8240.12886876404
2024-12-06 01:00:00,7908.0,7897.006907763314
2024-12-06 02:00:00,7422.0,7424.542810761488
2024-12-06 03:00:00,7163.0,7174.034284304771
2024-12-06 04:00:00,7194.0,7205.260283518263
2024-12-06 05:00:00,7217.0,7222.092833696068
2024-12-06 06:00:00,7468.0,7447.40989061545
2024-12-06 07:00:00,8073.0,8024.333079848126
2024-12-06 08:00:00,7953.0,7947.7135816029095
2024-12-06 09:00:00,7839.0,7838.555168173581
2024-12-06 10:00:00,7951.0,7935.266266258858
2024-12-06 11:00:00,8679.0,8655.199864801983
2024-12-06 12:00:00,9404.0,9426.82296936252
2024-12-06 13:00:00,7690.0,7718.925357112134
2024-12-06 14:00:00,7354.0,7425.220651927125
2024-12-06 15:00:00,7207.0,7209.91340587244
2024-12-06 16:00:00,7596.0,7574.554203126088
2024-12-06 17:00:00,8930.0,8926.913766583597
2024-12-06 18:00:00,8897.0,8898.94181949253
2024-12-06 18:30:00,8858.0,8844.553542635684
2024-12-06 19:00:00,8850.0,8839.939625414583
2024-12-06 20:00:00,8777.0,8784.255255552727
2024-12-06 21:00:00,8410.0,8432.749697119894
2024-12-06 22:00:00,8036.0,8011.700811389293
2024-12-06 23:00:00,7739.0,7757.902581245311
2024-12-07 00:00:00,7209.0,7224.333720177701
2024-12-07 01:00:00,6950.0,6962.672645298876
2024-12-07 02:00:00,6701.0,6685.093008796168
2024-12-07 03:00:00,6460.0,6470.402188724643
2024-12-07 04:00:00,6403.0,6374.373307237668
2024-12-07 05:00:00,6810.0,6792.06746869476
2024-12-07 06:00:00,7467.0,7443.816864192064
2024-12-07 07:00:00,8029.0,7982.720796003887
2024-12-07 08:00:00,7843.0,7849.097260997421
2024-12-07 09:00:00,7586.0,7594.900711569674
2024-12-07 10:00:00,7889.0,7883.754120201701
2024-12-07 11:00:00,8463.0,8460.74622297632
2024-12-07 12:00:00,8916.0,8872.547100373555
2024-12-07 13:00:00,8446.0,8450.677422131454
2024-12-07 14:00:00,8237.0,8214.78690367513
2024-12-07 15:00:00,8291.0,8279.538089591095
2024-12-07 16:00:00,8920.0,8871.807776021378
2024-12-07 17:00:00,10236.0,10253.099259074115
2024-12-07 18:00:00,10007.0,10003.672676689821
2024-12-07 18:30:00,9943.0,9915.668477872288
2024-12-07 19:00:00,9820.0,9810.43903483853
2024-12-07 20:00:00,9565.0,9550.991755814066
2024-12-07 21:00:00,9069.0,9024.529158348252
2024-12-07 22:00:00,8653.0,8656.821076770286
2024-12-07 23:00:00,8107.0,8119.887704636727
2024-12-08 00:00:00,7774.0,7790.920850900574
2024-12-08 01:00:00,7377.0,7385.615748201871
2024-12-08 02:00:00,7135.0,7155.14658237839
2024-12-08 03:00:00,6934.0,6957.4269357027915
2024-12-08 04:00:00,6833.0,6828.280196962717
2024-12-08 05:00:00,7148.0,7147.726950916793
2024-12-08 06:00:00,8019.0,8044.9439677474875
2024-12-08 07:00:00,8751.0,8756.272584053255
2024-12-08 08:00:00,8974.0,8992.247578350822
2024-12-08 09:00:00,8655.0,8675.039055450407
2024-12-08 10:00:00,8821.0,8836.691334325498
2024-12-08 11:00:00,9411.0,9467.510608811788
2024-12-08 12:00:00,9809.0,9802.22600503627
2024-12-08 13:00:00,9172.0,9159.38371455443
2024-12-08 14:00:00,8870.0,8856.825642505299
2024-12-08 15:00:00,8884.0,8882.300708634317
2024-12-08 16:00:00,9208.0,9224.950242391737
2024-12-08 17:00:00,10201.0,10219.415986460815
2024-12-08 18:00:00,10105.0,10153.927485103666
2024-12-08 18:30:00,10088.0,10081.700222999598
2024-12-08 19:00:00,9956.0,9979.17547100328
2024-12-08 20:00:00,9689.0,9675.53772431572
2024-12-08 21:00:00,9304.0,9321.767453765307
2024-12-08 22:00:00,8629.0,8581.593255888856
2024-12-08 23:00:00,8152.0,8170.751167444791
2024-12-09 00:00:00,7813.0,7821.584601139253
2024-12-09 01:00:00,7306.0,7303.035318228223
2024-12-09 02:00:00,6984.0,6996.167727542394
2024-12-09 03:00:00,6837.0,6829.489050611037
2024-12-09 04:00:00,6809.0,6831.294372939119
2024-12-09 05:00:00,7058.0,7044.564822147288
2024-12-09 06:00:00,7635.0,7616.846628303298
2024-12-09 07:00:00,8624.0,8682.915557995908
2024-12-09 08:00:00,8693.0,8721.530419109191
2024-12-09 09:00:00,8626.0,8666.205946637268
2024-12-09 10:00:00,8892.0,8925.24674185283
2024-12-09 11:00:00,9380.0,9428.37325449973
2024-12-09 12:00:00,9775.0,9780.190631269747
2024-12-09 13:00:00,9255.0,9250.320558957657
2024-12-09 14:00:00,8945.0,8939.282951405296
2024-12-09 15:00:00,8856.0,8857.32564114903
2024-12-09 16:00:00,9280.0,9279.194423528366
2024-12-09 17:00:00,10267.0,10243.954322669399
2024-12-09 18:00:00,10036.0,10049.561918847505
2024-12-09 18:30:00,10069.0,10133.712139648196
2024-12-09 19:00:00,9909.0,9927.543073948225
2024-12-09 20:00:00,9706.0,9703.674518292984
2024-12-09 21:00:00,9191.0,9190.29264055365
2024-12-09 22:00:00,8700.0,8703.34429509797
2024-12-09 23:00:00,8246.0,8248.06235345348
2024-12-10 00:00:00,7787.0,7789.138735782116
2024-12-10 01:00:00,7522.0,7521.538000009352
2024-12-10 02:00:00,7144.0,7116.469306872706
2024-12-10 03:00:00,6998.0,6993.121032650881
2024-12-10 04:00:00,6955.0,6945.5565656957815
2024-12-10 05:00:00,7384.0,7347.426395755051
2024-12-10 06:00:00,7992.0,7963.786907899642
2024-12-10 07:00:00,8792.0,8763.114249120788
2024-12-10 08:00:00,9014.0,9006.378494936514
2024-12-10 09:00:00,8804.0,8805.332020485057
2024-12-10 10:00:00,8978.0,8990.797945768543
2024-12-10 11:00:00,9549.0,9562.768915463854
2024-12-10 12:00:00,9734.0,9755.931923972412
2024-12-10 13:00:00,9236.0,9255.246730825631
2024-12-10 14:00:00,9029.0,9030.33690711277
2024-12-10 15:00:00,8836.0,8845.229411037075
2024-12-10 16:00:00,9281.0,9289.808421773962
2024-12-10 17:00:00,10406.0,10360.734417334323
2024-12-10 18:00:00,10312.0,10320.96094296848
2024-12-10 18:30:00,10107.0,10155.125816622025
2024-12-10 19:00:00,10028.0,10012.097291582799
2024-12-10 20:00:00,9874.0,9871.145436860228
2024-12-10 21:00:00,9350.0,9364.922026143622
2024-12-10 22:00:00,8712.0,8708.08208387968
2024-12-10 23:00:00,8249.0,8247.175793560235
2024-12-11 00:00:00,7914.0,7917.861580374059
2024-12-11 01:00:00,7485.0,7490.1404455759575
2024-12-11 02:00:00,7222.0,7221.021556170234
2024-12-11 03:00:00,6960.0,6970.245653174974
2024-12-11 04:00:00,6771.0,6756.56925712283
2024-12-11 05:00:00,7288.0,7277.421645751892
2024-12-11 06:00:00,7931.0,7879.934169447893
2024-12-11 07:00:00,8660.0,8655.064579946946
2024-12-11 08:00:00,8777.0,8808.079539517432
2024-12-11 09:00:00,8623.0,8638.478607337194
2024-12-11 10:00:00,8844.0,8872.513868460215
2024-12-11 11:00:00,9155.0,9146.972137901243
2024-12-11 12:00:00,9598.0,9567.120472857554
2024-12-11 13:00:00,8978.0,8980.879165808497
2024-12-11 14:00:00,8681.0,8670.929197009993
2024-12-11 15:00:00,8669.0,8685.451155650962
2024-12-11 16:00:00,9021.0,9047.181923629732
2024-12-11 17:00:00,10162.0,10118.678524115649
2024-12-11 18:00:00,10096.0,10138.341210950955
2024-12-11 18:30:00,9923.0,9997.676849535483
2024-12-11 19:00:00,9835.0,9852.39542472688
2024-12-11 21:00:00,9104.0,9075.21512683685
2024-12-11 22:00:00,8628.0,8618.655941992127
2024-12-11 23:00:00,8232.0,8247.544648296514
2024-12-12 00:00:00,7714.0,7733.609090235548
2024-12-12 01:00:00,7464.0,7458.075198312754
2024-12-12 02:00:00,6983.0,6980.977624225635
2024-12-12 03:00:00,6826.0,6817.198497897827
2024-12-12 04:00:00,6734.0,6728.572966589273
2024-12-12 05:00:00,7168.0,7155.087177390983
2024-12-12 06:00:00,7736.0,7715.142921214581
2024-12-12 07:00:00,8447.0,8458.230651550397
2024-12-12 08:00:00,8756.0,8719.9469557646
2024-12-12 09:00:00,8737.0,8729.466969739704
2024-12-12 10:00:00,8820.0,8820.581780943594
2024-12-12 11:00:00,9207.0,9231.857083605337
2024-12-12 12:00:00,9645.0,9635.246352230437
2024-12-12 13:00:00,9263.0,9269.023463752601
2024-12-12 14:00:00,8782.0,8767.016887503154
2024-12-12 15:00:00,8597.0,8618.875539295983
2024-12-12 16:00:00,9075.0,9044.974121081976
2024-12-12 17:00:00,10354.0,10334.343191385482
2024-12-12 18:00:00,10083.0,10113.232969206223
2024-12-12 18:30:00,10019.0,10066.768691087504
2024-12-12 19:00:00,9930.0,9920.512415031617
2024-12-12 20:00:00,9722.0,9723.524216327743
2024-12-12 21:00:00,9237.0,9251.108555037817
2024-12-12 22:00:00,8782.0,8778.289923058755
2024-12-12 23:00:00,8359.0,8369.136143252645
2024-12-13 00:00:00,7678.0,7667.278241403012
2024-12-13 01:00:00,7362.0,7366.401400465519
2024-12-13 02:00:00,6932.0,6937.9641162790695
2024-12-13 03:00:00,6835.0,6818.180307767015
2024-12-13 04:00:00,6590.0,6602.1930273072985
2024-12-13 05:00:00,6932.0,6942.096269010431
2024-12-13 06:00:00,7029.0,7020.16079009178
2024-12-13 07:00:00,7735.0,7712.758544879186
2024-12-13 08:00:00,8020.0,8064.767863462783
2024-12-13 09:00:00,7932.0,7933.374550939968
2024-12-13 10:00:00,8080.0,8063.578073613449
2024-12-13 11:00:00,8609.0,8600.212980575174
2024-12-13 12:00:00,9396.0,9371.180347508705
2024-12-13 13:00:00,7960.0,7937.651478740616
2024-12-13 14:00:00,7384.0,7426.8993385847825
2024-12-13 15:00:00,7299.0,7288.408323122553
2024-12-13 16:00:00,7653.0,7661.605969635942
2024-12-13 17:00:00,8931.0,8958.701890344102
2024-12-13 18:00:00,8879.0,8874.04369571756
2024-12-13 18:30:00,8869.0,8878.154434135735
2024-12-13 19:00:00,8876.0,8868.244275022811
2024-12-13 20:00:00,8753.0,8761.240104398075
2024-12-13 21:00:00,8405.0,8417.87463688688
2024-12-13 22:00:00,8142.0,8124.19734541814
2024-12-13 23:00:00,7669.0,7684.118188111745
2024-12-14 00:00:00,7325.0,7327.321277434581
2024-12-14 01:00:00,6858.0,6858.508259416183
2024-12-14 02:00:00,6565.0,6560.36155220962
2024-12-14 03:00:00,6325.0,6324.12473887365
2024-12-14 04:00:00,6258.0,6238.63339422628
2024-12-14 05:00:00,6724.0,6705.453457660432
2024-12-14 06:00:00,7389.0,7422.02147144952
2024-12-14 07:00:00,8283.0,8287.341562073103
2024-12-14 08:00:00,8375.0,8347.835264661791
2024-12-14 09:00:00,8245.0,8236.339975658953
2024-12-14 10:00:00,8360.0,8336.152322981467
2024-12-14 11:00:00,8976.0,8937.476822452176
2024-12-14 12:00:00,9382.0,9376.45809788691
2024-12-14 13:00:00,8999.0,8985.590912513906
2024-12-14 14:00:00,8590.0,8570.343627818027
2024-12-14 15:00:00,8370.0,8364.15558760407
2024-12-14 16:00:00,8968.0,8936.19583996261
2024-12-14 17:00:00,10123.0,10093.383241373629
2024-12-14 18:00:00,10043.0,10049.211753972104
2024-12-14 18:30:00,9933.0,9906.577276324062
2024-12-14 19:00:00,9875.0,9873.37355550712
2024-12-14 20:00:00,9596.0,9588.857906250476
2024-12-14 21:00:00,9140.0,9160.236870826946
2024-12-14 22:00:00,8649.0,8621.476920436982
2024-12-14 23:00:00,8283.0,8291.13047375502
2024-12-15 00:00:00,7643.0,7644.177216542279
2024-12-15 01:00:00,7295.0,7327.07636657223
2024-12-15 02:00:00,6930.0,6970.833390129867
2024-12-15 03:00:00,6709.0,6712.723693007421
2024-12-15 04:00:00,6617.0,6608.605251370043
2024-12-15 05:00:00,7055.0,7063.8359078252615
2024-12-15 06:00:00,7751.0,7761.082042447736
2024-12-15 07:00:00,8462.0,8490.115541680781
2024-12-15 08:00:00,8631.0,8624.566328400824
2024-12-15 09:00:00,8650.0,8674.786467664153
2024-12-15 10:00:00,8843.0,8887.646159347812
2024-12-15 11:00:00,9450.0,9491.74373074848
2024-12-15 12:00:00,9828.0,9865.901739231898
2024-12-15 13:00:00,9287.0,9317.110577109375
2024-12-15 14:00:00,8902.0,8887.168994914511
2024-12-15 15:00:00,8574.0,8597.415934810448
2024-12-15 16:00:00,8839.0,8855.347093610313
2024-12-15 17:00:00,10291.0,10295.772710029723
2024-12-15 18:00:00,10064.0,10114.747330941838
2024-12-15 18:30:00,9943.0,9941.486711492145
2024-12-15 19:00:00,9805.0,9809.083287885198
2024-12-15 20:00:00,9636.0,9622.49545050107
2024-12-15 21:00:00,9249.0,9246.650838968319
2024-12-15 22:00:00,8747.0,8742.653864931748
2024-12-15 23:00:00,8221.0,8223.170981988298
2024-12-16 00:00:00,7826.0,7824.0351106763865
2024-12-16 01:00:00,7413.0,7418.346144727518
2024-12-16 02:00:00,7208.0,7196.4588182687785
2024-12-16 03:00:00,6676.0,6680.76044252468
2024-12-16 04:00:00,6569.0,6570.7756828833235
2024-12-16 05:00:00,6620.0,6621.661973394492
2024-12-16 06:00:00,6940.0,6940.084541080569
2024-12-16 07:00:00,7354.0,7341.296075411702
2024-12-16 08:00:00,7355.0,7370.833604008914
2024-12-16 09:00:00,7293.0,7300.934747428556
2024-12-16 10:00:00,7542.0,7565.362946038271
2024-12-16 11:00:00,8054.0,8029.661162695064
2024-12-16 12:00:00,8573.0,8570.016421961607
2024-12-16 13:00:00,8078.0,8077.676036718791
2024-12-16 14:00:00,7356.0,7369.778281182702
2024-12-16 15:00:00,6964.0,6967.543954973204
2024-12-16 16:00:00,7296.0,7279.8272850785115
2024-12-16 17:00:00,8653.0,8672.627419749606
2024-12-16 18:00:00,8591.0,8611.329301129626
2024-12-16 18:30:00,8560.0,8567.104495434158
2024-12-16 19:00:00,8556.0,8565.69474020789
2024-12-16 20:00:00,8433.0,8448.242254403678
2024-12-16 21:00:00,8204.0,8175.61525531655
2024-12-16 22:00:00,7811.0,7829.948398208024
2024-12-16 23:00:00,7481.0,7477.256050079389
2024-12-17 00:00:00,6828.0,6831.204623941389
2024-12-17 01:00:00,6535.0,6537.133640099831
2024-12-17 02:00:00,6259.0,6264.247491295183
2024-12-17 03:00:00,6118.0,6112.607382532677
2024-12-17 04:00:00,6024.0,6009.24661878946
2024-12-17 05:00:00,6405.0,6402.942909288049
2024-12-17 06:00:00,7324.0,7303.25733141458
2024-12-17 07:00:00,8343.0,8329.531708108989
2024-12-17 08:00:00,8725.0,8703.993993094457
2024-12-17 09:00:00,8642.0,8656.520197010721
2024-12-17 10:00:00,8923.0,8944.979242069976
2024-12-17 11:00:00,9387.0,9382.046485293624
2024-12-17 12:00:00,9765.0,9749.759816684546
2024-12-17 13:00:00,9158.0,9132.500963754153
2024-12-17 14:00:00,8975.0,8953.856304730549
2024-12-17 15:00:00,8762.0,8747.474335143228
2024-12-17 16:00:00,9051.0,9035.384598581953
2024-12-17 17:00:00,10205.0,10154.125567146946
2024-12-17 18:00:00,10320.0,10282.0919897834
2024-12-17 18:30:00,10048.0,10054.217122553435
2024-12-17 19:00:00,9953.0,9968.150565718119
2024-12-17 20:00:00,9651.0,9672.069669193723
2024-12-17 21:00:00,9308.0,9303.222432356488
2024-12-17 22:00:00,8776.0,8790.368213742462
2024-12-17 23:00:00,8360.0,8370.340614948509
2024-12-18 00:00:00,7782.0,7773.390426856337
2024-12-18 01:00:00,7459.0,7468.949419309178
2024-12-18 02:00:00,7199.0,7191.370131805886
2024-12-18 03:00:00,7037.0,7035.0516341912235
2024-12-18 04:00:00,6975.0,6965.676311274767
2024-12-18 05:00:00,7411.0,7385.631645333417
2024-12-18 06:00:00,8012.0,7967.514176558474
2024-12-18 07:00:00,8785.0,8764.827568699142
2024-12-18 08:00:00,9007.0,9005.581292232539
2024-12-18 09:00:00,8780.0,8787.750176457464
2024-12-18 10:00:00,8924.0,8967.119866010158
2024-12-18 11:00:00,9480.0,9495.276499206291
2024-12-18 12:00:00,9807.0,9807.428153712866
2024-12-18 13:00:00,9312.0,9320.400654894764
2024-12-18 14:00:00,8898.0,8907.0145912369
2024-12-18 15:00:00,8788.0,8797.821500998098
2024-12-18 16:00:00,9243.0,9262.18721276648
2024-12-18 17:00:00,10422.0,10366.72041137491
2024-12-18 18:00:00,10454.0,10492.71603174341
2024-12-18 18:30:00,10213.0,10287.69748752844
2024-12-18 19:00:00,10111.0,10103.336362154401
2024-12-18 20:00:00,9806.0,9800.10768035375
2024-12-18 21:00:00,9520.0,9509.369882110632
2024-12-18 22:00:00,8862.0,8843.538715280303
2024-12-18 23:00:00,8505.0,8493.037776878953
2024-12-19 00:00:00,7981.0,7999.152267283004
2024-12-19 01:00:00,7600.0,7626.569814616161
2024-12-19 02:00:00,7327.0,7312.354553979967
2024-12-19 03:00:00,7143.0,7160.003495942842
2024-12-19 04:00:00,7031.0,7041.8764228795935
2024-12-19 05:00:00,7501.0,7455.102853221092
2024-12-19 06:00:00,7972.0,7925.218087794493
2024-12-19 07:00:00,8787.0,8754.679266396895
2024-12-19 08:00:00,9067.0,9034.395103257035
2024-12-19 09:00:00,8884.0,8890.187003952155
2024-12-19 10:00:00,9142.0,9150.493629516775
2024-12-19 11:00:00,9782.0,9756.16499256706
2024-12-19 12:00:00,9810.0,9783.980875791312
2024-12-19 13:00:00,9407.0,9389.069656328753
2024-12-19 14:00:00,9240.0,9226.560943764847
2024-12-19 15:00:00,9044.0,9029.394105346944
2024-12-19 16:00:00,9357.0,9319.330311971591
2024-12-19 17:00:00,10513.0,10488.655163297874
2024-12-19 18:00:00,10350.0,10405.437162698085
2024-12-19 18:30:00,10089.0,10116.850863394782
2024-12-19 19:00:00,9985.0,9970.362286288579
2024-12-19 20:00:00,9826.0,9828.18376317059
2024-12-19 21:00:00,9292.0,9284.197125021545
2024-12-19 22:00:00,8982.0,8941.440211422225
2024-12-19 23:00:00,8498.0,8466.876744743708
2024-12-20 00:00:00,8036.0,8036.481122393946
2024-12-20 01:00:00,7684.0,7689.520560019747
2024-12-20 02:00:00,7298.0,7301.654968960789
2024-12-20 03:00:00,7148.0,7164.153923615386
2024-12-20 04:00:00,6989.0,6992.663513728745
2024-12-20 05:00:00,7200.0,7175.586466267817
2024-12-20 06:00:00,7331.0,7346.790631832688
2024-12-20 07:00:00,7980.0,7963.786907899642
2024-12-20 08:00:00,7966.0,7947.780807191866
2024-12-20 09:00:00,7824.0,7821.567240369524
2024-12-20 10:00:00,8076.0,8067.924413166854
2024-12-20 11:00:00,8792.0,8769.436367330254
2024-12-20 12:00:00,9235.0,9264.879522406312
2024-12-20 13:00:00,7873.0,7839.30379576083
2024-12-20 14:00:00,7392.0,7430.416221372037
2024-12-20 15:00:00,7176.0,7193.20031786591
2024-12-20 16:00:00,7696.0,7668.795698186163
2024-12-20 17:00:00,9067.0,9041.52823181741
2024-12-20 18:00:00,9144.0,9153.832831487933
2024-12-20 18:30:00,9042.0,9028.366794679094
2024-12-20 19:00:00,9053.0,9019.282040036089
2024-12-20 20:00:00,8964.0,8960.390865800931
2024-12-20 21:00:00,8674.0,8664.245147795307
2024-12-20 22:00:00,8229.0,8224.491739146482
2024-12-20 23:00:00,7884.0,7888.108562187717
2024-12-21 00:00:00,7466.0,7457.957031782476
2024-12-21 01:00:00,7126.0,7115.704899201338
2024-12-21 02:00:00,6818.0,6828.591199593574
2024-12-21 03:00:00,6600.0,6607.160242922578
2024-12-21 04:00:00,6512.0,6524.56136348433
2024-12-21 05:00:00,6879.0,6899.053937496941
2024-12-21 06:00:00,7391.0,7392.637124997977
2024-12-21 07:00:00,8143.0,8108.925722345574
2024-12-21 08:00:00,8177.0,8167.090134909396
2024-12-21 09:00:00,8220.0,8208.772640316365
2024-12-21 10:00:00,8391.0,8354.087957755139
2024-12-21 11:00:00,8792.0,8755.91238529315
2024-12-21 12:00:00,9132.0,9135.479017068703
2024-12-21 13:00:00,8659.0,8651.092269107568
2024-12-21 14:00:00,8604.0,8632.027712512523
2024-12-21 15:00:00,8592.0,8583.342131981874
2024-12-21 16:00:00,9084.0,9096.018838152508
2024-12-21 17:00:00,10229.0,10179.995113500909
2024-12-21 18:00:00,10282.0,10287.503483583025
2024-12-21 18:30:00,10163.0,10149.36594498035
2024-12-21 19:00:00,9911.0,9911.34391189567
2024-12-21 20:00:00,9763.0,9763.52006961933
2024-12-21 21:00:00,9763.0,9731.227100251099
2024-12-21 22:00:00,8796.0,8736.092627586384
2024-12-21 23:00:00,8417.0,8425.469693024927
2024-12-22 00:00:00,7840.0,7828.125876128569
2024-12-22 01:00:00,7530.0,7555.6412969770445
2024-12-22 02:00:00,7340.0,7321.059241035771
2024-12-22 03:00:00,6981.0,7004.781861060714
2024-12-22 04:00:00,6909.0,6923.185725746076
2024-12-22 05:00:00,7328.0,7319.622188381597
2024-12-22 06:00:00,7778.0,7793.110422627545
2024-12-22 07:00:00,8696.0,8786.603989326108
2024-12-22 08:00:00,9127.0,9150.845399584623
2024-12-22 09:00:00,9070.0,9043.2485999075
2024-12-22 10:00:00,9222.0,9233.767134633314
2024-12-22 11:00:00,9688.0,9678.930145862329
2024-12-22 12:00:00,10073.0,10084.220989241527
2024-12-22 13:00:00,9556.0,9565.994791590549
2024-12-22 14:00:00,9009.0,8992.840265862647
2024-12-22 15:00:00,8935.0,8940.207457745988
2024-12-22 16:00:00,9265.0,9281.269967622069
2024-12-22 17:00:00,10614.0,10568.538853846068
2024-12-22 18:00:00,10285.0,10339.276194187792
2024-12-22 18:30:00,10195.0,10243.349309464475
2024-12-22 19:00:00,10169.0,10139.571155398904
2024-12-22 20:00:00,10055.0,10054.130481674298
2024-12-22 21:00:00,9329.0,9341.75078469747
2024-12-22 22:00:00,8880.0,8878.593406626136
2024-12-22 23:00:00,8337.0,8341.801238553
2024-12-23 00:00:00,7913.0,7922.992706309389
2024-12-23 01:00:00,7660.0,7653.222855430419
2024-12-23 02:00:00,6945.0,6956.544119445855
2024-12-23 03:00:00,7126.0,7107.936576741663
2024-12-23 04:00:00,6988.0,7000.942365319084
2024-12-23 05:00:00,7396.0,7363.445888531164
2024-12-23 06:00:00,7882.0,7871.807143615078
2024-12-23 07:00:00,8313.0,8327.48601311633
2024-12-23 08:00:00,8929.0,8881.474124220547
2024-12-23 09:00:00,8899.0,8905.262186549959
2024-12-23 10:00:00,9050.0,9049.757440094198
2024-12-23 11:00:00,9411.0,9407.439335263183
2024-12-23 12:00:00,9972.0,9973.65600271495
2024-12-23 13:00:00,9450.0,9474.824721918212
2024-12-23 14:00:00,8877.0,8872.367184731695
2024-12-23 15:00:00,8818.0,8809.523970092469
2024-12-23 16:00:00,9099.0,9086.81837069357
2024-12-23 17:00:00,10454.0,10418.652522444105
2024-12-23 18:00:00,10376.0,10399.108157108994
2024-12-23 18:30:00,10167.0,10187.16646928565
2024-12-23 19:00:00,10228.0,10217.830512865188
2024-12-23 20:00:00,9824.0,9823.944363299555
2024-12-23 21:00:00,9344.0,9357.821165529054
2024-12-23 22:00:00,8855.0,8851.061608955666
2024-12-23 23:00:00,8431.0,8439.526411482097
2024-12-24 00:00:00,8022.0,8001.536915229135
2024-12-24 01:00:00,7535.0,7525.933526734894
2024-12-24 02:00:00,7311.0,7314.446593234614
2024-12-24 03:00:00,7063.0,7087.2945213600515
2024-12-24 04:00:00,7010.0,7005.3443042318195
2024-12-24 05:00:00,7382.0,7339.178197470376
2024-12-24 06:00:00,7910.0,7900.487613032351
2024-12-24 07:00:00,8563.0,8562.410061970131
2024-12-24 08:00:00,8823.0,8821.088307151527
2024-12-24 09:00:00,8864.0,8879.00726130437
2024-12-24 10:00:00,9081.0,9098.188636431758
2024-12-24 11:00:00,9563.0,9571.122047166302
2024-12-24 12:00:00,9906.0,9874.510857750267
2024-12-24 13:00:00,9459.0,9466.16886411304
2024-12-24 14:00:00,8963.0,8983.741532867743
2024-12-24 15:00:00,8825.0,8812.305113356091
2024-12-24 16:00:00,9209.0,9222.948414745755
2024-12-24 17:00:00,10482.0,10476.238616945586
2024-12-24 18:00:00,10396.0,10436.92593807805
2024-12-24 18:30:00,10383.0,10406.569305287307
2024-12-24 19:00:00,10073.0,10067.264586612573
2024-12-24 20:00:00,9935.0,9921.628299811424
2024-12-24 21:00:00,9318.0,9338.128444696029
2024-12-24 22:00:00,8889.0,8878.996761394414
2024-12-24 23:00:00,8454.0,8444.492289652939
2024-12-25 00:00:00,7908.0,7866.89626452448
2024-12-25 01:00:00,7489.0,7493.034101355954
2024-12-25 02:00:00,7231.0,7235.904012464535
2024-12-25 03:00:00,7039.0,7044.232020678732
2024-12-25 04:00:00,6910.0,6884.320203122536
2024-12-25 05:00:00,7150.0,7148.292292934687
2024-12-25 06:00:00,7689.0,7669.069380683036
2024-12-25 07:00:00,8548.0,8571.384134558479
2024-12-25 08:00:00,8959.0,8978.173690286721
2024-12-25 09:00:00,8863.0,8878.382617348892
2024-12-25 10:00:00,9151.0,9154.567805988409
2024-12-25 11:00:00,9712.0,9695.656487330587
2024-12-25 12:00:00,10027.0,10018.52306247456
2024-12-25 13:00:00,9456.0,9463.179721407238
2024-12-25 14:00:00,9163.0,9158.63281489379
2024-12-25 15:00:00,8879.0,8872.645779441304
2024-12-25 16:00:00,9089.0,9101.3337382019
2024-12-25 17:00:00,10341.0,10320.768970833895
2024-12-25 18:00:00,10205.0,10242.703052349352
2024-12-25 18:30:00,10064.0,10106.84082837342
2024-12-25 19:00:00,10033.0,10029.321702313937
2024-12-25 20:00:00,9760.0,9747.855413256066
2024-12-25 21:00:00,9283.0,9278.177539905628
2024-12-25 22:00:00,8945.0,8911.6640837141
2024-12-25 23:00:00,8390.0,8375.66396246748
2024-12-26 00:00:00,7938.0,7927.664017886955
2024-12-26 01:00:00,7554.0,7562.057064552645
2024-12-26 02:00:00,7272.0,7255.333485055983
2024-12-26 03:00:00,7070.0,7068.730826833634
2024-12-26 04:00:00,6950.0,6947.211769367324
2024-12-26 05:00:00,7404.0,7371.55167755879
2024-12-26 06:00:00,8014.0,7967.040203212726
2024-12-26 07:00:00,8804.0,8782.53577130596
2024-12-26 08:00:00,9153.0,9177.125962768514
2024-12-26 09:00:00,9101.0,9087.53872117494
2024-12-26 10:00:00,9155.0,9139.182816896373
2024-12-26 11:00:00,9856.0,9793.90714958071
2024-12-26 12:00:00,10096.0,10129.530699766125
2024-12-26 13:00:00,9470.0,9482.589172741182
2024-12-26 14:00:00,9112.0,9124.662196577938
2024-12-26 15:00:00,8900.0,8906.497703667263
2024-12-26 16:00:00,9192.0,9167.7407590146
2024-12-26 17:00:00,10424.0,10405.95478753242
2024-12-26 18:00:00,10254.0,10284.855192258092
2024-12-26 18:30:00,10255.0,10278.785613414093
2024-12-26 19:00:00,10071.0,10058.672108871915
2024-12-26 20:00:00,9879.0,9881.02730430197
2024-12-26 21:00:00,9528.0,9543.803433250496
2024-12-26 22:00:00,9011.0,8998.07709926209
2024-12-26 23:00:00,8542.0,8548.452315765153
2024-12-27 00:00:00,8025.0,8032.994697050468
2024-12-27 01:00:00,7604.0,7639.985134304164
2024-12-27 02:00:00,7430.0,7429.937268871577
2024-12-27 03:00:00,7183.0,7194.602497577781
2024-12-27 04:00:00,6981.0,7000.2869078860795
2024-12-27 05:00:00,7256.0,7236.952427968839
2024-12-27 06:00:00,7329.0,7331.289174865827
2024-12-27 07:00:00,8280.0,8279.441205024264
2024-12-27 08:00:00,8145.0,8129.8819888523885
2024-12-27 09:00:00,7786.0,7791.389046206001
2024-12-27 10:00:00,8021.0,8034.050141724219
2024-12-27 11:00:00,8937.0,8991.205569619593
2024-12-27 12:00:00,9293.0,9281.734710906945
2024-12-27 13:00:00,7904.0,7852.648719128942
2024-12-27 14:00:00,7288.0,7307.704848515229
2024-12-27 15:00:00,7132.0,7144.496095818765
2024-12-27 16:00:00,7620.0,7604.80638744837
2024-12-27 17:00:00,9033.0,9025.671956680635
2024-12-27 18:00:00,9091.0,9073.851969609914
2024-12-27 18:30:00,9025.0,9029.739139917125
2024-12-27 19:00:00,9011.0,8988.900933770861
2024-12-27 20:00:00,8934.0,8937.778878148594
2024-12-27 21:00:00,8585.0,8589.64454893896
2024-12-27 22:00:00,8252.0,8224.552281716185
2024-12-27 23:00:00,7971.0,7968.230706283762
2024-12-28 00:00:00,7332.0,7341.441526912025
2024-12-28 01:00:00,7121.0,7135.15568692105
2024-12-28 02:00:00,6765.0,6784.0104460390985
2024-12-28 03:00:00,6547.0,6572.185099095197
2024-12-28 04:00:00,6518.0,6532.305496249992
2024-12-28 05:00:00,6884.0,6916.707275229633
2024-12-28 06:00:00,7381.0,7364.770557579017
2024-12-28 07:00:00,7888.0,7869.834963903353
2024-12-28 08:00:00,7975.0,7961.507858854574
2024-12-28 09:00:00,7835.0,7846.092186283496
2024-12-28 10:00:00,8191.0,8206.545963434679
2024-12-28 11:00:00,8685.0,8668.555016743578
2024-12-28 12:00:00,9169.0,9224.584265065676
2024-12-28 13:00:00,8799.0,8750.241663985105
2024-12-28 14:00:00,8490.0,8495.822956812379
2024-12-28 15:00:00,8648.0,8637.615744309223
2024-12-28 16:00:00,9032.0,9059.086367601618
2024-12-28 17:00:00,10220.0,10174.553125927965
2024-12-28 18:00:00,10411.0,10387.91174254261
2024-12-28 18:30:00,10206.0,10181.033254490842
2024-12-28 19:00:00,10072.0,10050.415013816155
2024-12-28 20:00:00,9914.0,9910.89270295257
2024-12-28 21:00:00,9296.0,9313.558598117628
2024-12-28 22:00:00,8946.0,8913.396219315484
2024-12-28 23:00:00,8415.0,8413.98122362736
2024-12-29 00:00:00,7930.0,7909.132068813837
2024-12-29 01:00:00,7492.0,7511.03283279839
2024-12-29 02:00:00,7264.0,7259.298098629628
2024-12-29 03:00:00,7028.0,7054.969741327249
2024-12-29 04:00:00,7009.0,7014.550713790419
2024-12-29 05:00:00,7340.0,7325.155587141659
2024-12-29 06:00:00,7785.0,7794.511647970869
2024-12-29 07:00:00,8889.0,8933.960298054451
2024-12-29 08:00:00,9178.0,9187.515479608996
2024-12-29 09:00:00,9152.0,9161.9772387326
2024-12-29 10:00:00,9262.0,9263.956744626292
2024-12-29 11:00:00,9900.0,9875.57953626785
2024-12-29 12:00:00,10154.0,10174.401372782791
2024-12-29 13:00:00,9633.0,9633.825448320391
2024-12-29 14:00:00,9359.0,9346.506446215715
2024-12-29 15:00:00,9079.0,9101.284419091493
2024-12-29 16:00:00,9391.0,9370.61084205819
2024-12-29 17:00:00,10424.0,10447.414333150484
2024-12-29 18:00:00,10501.0,10531.631289139119
2024-12-29 18:30:00,10286.0,10368.773605284809
2024-12-29 19:00:00,10175.0,10173.022624002047
2024-12-29 20:00:00,10000.0,10000.062283154011
2024-12-29 21:00:00,9657.0,9666.019885892727
2024-12-29 22:00:00,8998.0,8994.952848804625
2024-12-29 23:00:00,8666.0,8662.373479045302
2024-12-30 00:00:00,8006.0,8005.915947286515
2024-12-30 01:00:00,7663.0,7643.29957678095
2024-12-30 02:00:00,7370.0,7379.964745252781
2024-12-30 03:00:00,7180.0,7193.930367730107
2024-12-30 04:00:00,7106.0,7107.792028316169
2024-12-30 05:00:00,7581.0,7553.628901900299
2024-12-30 06:00:00,8064.0,8047.820873200856
2024-12-30 07:00:00,8916.0,8910.633215455407
2024-12-30 08:00:00,9395.0,9391.542206772507
2024-12-30 09:00:00,9141.0,9149.591961450618
2024-12-30 10:00:00,9339.0,9336.395499801913
2024-12-30 11:00:00,9932.0,9929.418184664395
2024-12-30 12:00:00,10094.0,10122.94459510986
2024-12-30 13:00:00,9812.0,9801.243718795562
2024-12-30 14:00:00,9367.0,9351.388582501586
2024-12-30 15:00:00,9152.0,9150.346384276012
2024-12-30 16:00:00,9380.0,9371.488705837579
2024-12-30 17:00:00,10613.0,10553.593507102225
2024-12-30 18:00:00,10486.0,10549.356519199655
2024-12-30 18:30:00,10463.0,10508.685162179983
2024-12-30 19:00:00,10283.0,10326.619356155697
2024-12-30 20:00:00,10001.0,10017.856720994567
2024-12-30 21:00:00,9652.0,9662.12675501343
2024-12-30 22:00:00,8980.0,8944.971202075612
2024-12-30 23:00:00,8552.0,8540.378118467564
2024-12-31 00:00:00,7978.0,7987.08148830891
2024-12-31 01:00:00,7617.0,7618.948185266846
2024-12-31 02:00:00,7364.0,7359.433442600767
2024-12-31 03:00:00,7152.0,7175.249515158371
2024-12-31 04:00:00,7101.0,7090.586180240829
2024-12-31 05:00:00,7485.0,7452.4089540189625
2024-12-31 06:00:00,7909.0,7889.603844426235
2024-12-31 07:00:00,8759.0,8751.86433305268
2024-12-31 08:00:00,9385.0,9425.903770666238
2024-12-31 09:00:00,9172.0,9172.867511361019
2024-12-31 10:00:00,9402.0,9367.697755974375
2024-12-31 11:00:00,9913.0,9924.000582782031
2024-12-31 12:00:00,10162.0,10167.33714535821
2024-12-31 13:00:00,9672.0,9668.254036089213
2024-12-31 14:00:00,9291.0,9294.276264804917
2024-12-31 15:00:00,9018.0,9013.824324586843
2024-12-31 16:00:00,9287.0,9261.83715159038
2024-12-31 17:00:00,10380.0,10361.713202718638
2024-12-31 18:00:00,10266.0,10283.181712542844
2024-12-31 18:30:00,10316.0,10338.171802533794
2024-12-31 19:00:00,10228.0,10213.019922541762
2024-12-31 20:00:00,9962.0,9963.040670440969
2024-12-31 21:00:00,9574.0,9593.17297575467
2024-12-31 22:00:00,9122.0,9109.695374261257
2024-12-31 23:00:00,8480.0,8460.96811069597
2025-01-01 00:00:00,8104.0,8103.100459531902
2025-01-01 01:00:00,7669.0,7672.883071255715
2025-01-01 02:00:00,7351.0,7365.189051727438
2025-01-01 03:00:00,7082.0,7075.606649443675
2025-01-01 04:00:00,6952.0,6934.125958465974
2025-01-01 05:00:00,7382.0,7346.585751523752
2025-01-01 06:00:00,8038.0,8000.28526181477
2025-01-01 07:00:00,8896.0,8908.21743973906
2025-01-01 08:00:00,9335.0,9323.747047060364
2025-01-01 09:00:00,9048.0,9029.721724762574
2025-01-01 10:00:00,9272.0,9258.60018958123
2025-01-01 11:00:00,9764.0,9756.832485880115
2025-01-01 12:00:00,10087.0,10060.939989299604
2025-01-01 13:00:00,9531.0,9546.925668695012
2025-01-01 14:00:00,9201.0,9197.313368854757
2025-01-01 15:00:00,8829.0,8807.952858629576
2025-01-01 16:00:00,9175.0,9182.44283456596
2025-01-01 17:00:00,10336.0,10286.57535855537
2025-01-01 18:00:00,10118.0,10162.64937432647
2025-01-01 18:30:00,10107.0,10169.110359902841
2025-01-01 19:00:00,9970.0,9989.761559671228
2025-01-01 20:00:00,9829.0,9839.284507815137
2025-01-01 21:00:00,9430.0,9434.552138767798
2025-01-01 22:00:00,8898.0,8925.382212636287
2025-01-01 23:00:00,8514.0,8514.209580887242
2025-01-02 00:00:00,7795.0,7812.730597016086
2025-01-02 01:00:00,7440.0,7445.743493797273
2025-01-02 02:00:00,7119.0,7119.686829527943
2025-01-02 03:00:00,6919.0,6935.536734670814
2025-01-02 04:00:00,6826.0,6824.674912112183
2025-01-02 05:00:00,7344.0,7336.0252054655
2025-01-02 06:00:00,7903.0,7880.082698669785
2025-01-02 07:00:00,8890.0,8926.169984378188
2025-01-02 08:00:00,9477.0,9488.2955082985
2025-01-02 09:00:00,9480.0,9459.007442287186
2025-01-02 10:00:00,9665.0,9683.055462460989
2025-01-02 11:00:00,9971.0,10010.133422773042
2025-01-02 12:00:00,10143.0,10164.73498661628
2025-01-02 13:00:00,9753.0,9756.661398900522
2025-01-02 14:00:00,9395.0,9383.681476823398
2025-01-02 15:00:00,9156.0,9152.474484801949
2025-01-02 16:00:00,9308.0,9307.939799075044
2025-01-02 17:00:00,10393.0,10409.636250664893
2025-01-02 18:00:00,10500.0,10531.053802692828
2025-01-02 18:30:00,10426.0,10500.350844658366
2025-01-02 19:00:00,10336.0,10338.030832371252
2025-01-02 20:00:00,10022.0,10026.921424683582
2025-01-02 21:00:00,9604.0,9586.639724699042
2025-01-02 22:00:00,8976.0,8989.61791522551
2025-01-02 23:00:00,8420.0,8412.649474185506
2025-01-03 00:00:00,7860.0,7831.355790472192
2025-01-03 01:00:00,7478.0,7483.181497335759
2025-01-03 02:00:00,7283.0,7255.555552074359
2025-01-03 03:00:00,7069.0,7070.162746101565
2025-01-03 04:00:00,6844.0,6846.693289814626
2025-01-03 05:00:00,7008.0,7019.369656322724
2025-01-03 06:00:00,7040.0,7020.668159122769
2025-01-03 07:00:00,7757.0,7726.590782633906
2025-01-03 08:00:00,7976.0,8008.701580247567
2025-01-03 09:00:00,8147.0,8126.48320105204
2025-01-03 10:00:00,8371.0,8336.134474764805
2025-01-03 11:00:00,9449.0,9472.14609217939
2025-01-03 12:00:00,9993.0,9998.493866160867
2025-01-03 13:00:00,8382.0,8444.598429042435
2025-01-03 14:00:00,7622.0,7659.950719440812
2025-01-03 15:00:00,7395.0,7405.935103203821
2025-01-03 16:00:00,7689.0,7688.503362121293
2025-01-03 17:00:00,9084.0,9093.104529925113
2025-01-03 18:00:00,9218.0,9230.213849892034
2025-01-03 18:30:00,9213.0,9264.53203678423
2025-01-03 19:00:00,9170.0,9166.373438559776
2025-01-03 20:00:00,9204.0,9203.333130956044
2025-01-03 21:00:00,8681.0,8687.924753274016
2025-01-03 22:00:00,8141.0,8132.406298462758
2025-01-03 23:00:00,7909.0,7934.416694201185
2025-01-04 00:00:00,7293.0,7316.663308750174
2025-01-04 01:00:00,6929.0,6969.4913770109815
2025-01-04 02:00:00,6716.0,6715.054892130913
2025-01-04 03:00:00,6407.0,6393.488844852007
2025-01-04 04:00:00,6330.0,6330.246132573401
2025-01-04 05:00:00,6776.0,6740.561757570377
2025-01-04 06:00:00,7271.0,7275.165378047591
2025-01-04 07:00:00,8210.0,8181.9234536530075
2025-01-04 08:00:00,8657.0,8650.777200256913
2025-01-04 09:00:00,8645.0,8659.082072462348
2025-01-04 10:00:00,8846.0,8872.513868460215
2025-01-04 11:00:00,9445.0,9450.114574979734
2025-01-04 12:00:00,9699.0,9717.40443890998
2025-01-04 13:00:00,9412.0,9460.406222264919
2025-01-04 14:00:00,8811.0,8824.938164937685
2025-01-04 15:00:00,8565.0,8609.339762962289
2025-01-04 16:00:00,9060.0,9046.234470668413
2025-01-04 17:00:00,10364.0,10358.038667493105
2025-01-04 18:00:00,10370.0,10401.124711005916
2025-01-04 18:30:00,10349.0,10346.073952114908
2025-01-04 19:00:00,10106.0,10138.303699406095
2025-01-04 20:00:00,9968.0,9972.56214629341
2025-01-04 21:00:00,9439.0,9434.614445459842
2025-01-04 22:00:00,9065.0,9050.316980948179
2025-01-04 23:00:00,8515.0,8522.129057009322
2025-01-05 00:00:00,7952.0,7970.542844400842
2025-01-05 01:00:00,7453.0,7466.779372048877
2025-01-05 02:00:00,7253.0,7261.47811857132
2025-01-05 03:00:00,6908.0,6927.916501184458
2025-01-05 04:00:00,6874.0,6883.8081696159115
2025-01-05 05:00:00,7378.0,7366.937279041686
2025-01-05 06:00:00,8001.0,7975.893445852753
2025-01-05 07:00:00,8952.0,9009.027530755398
2025-01-05 08:00:00,9311.0,9355.375440535492
2025-01-05 09:00:00,9364.0,9429.03665423424
2025-01-05 10:00:00,9366.0,9415.876781801566
2025-01-05 11:00:00,9983.0,10057.059496648302
2025-01-05 12:00:00,10178.0,10255.131702845007
2025-01-05 13:00:00,9795.0,9845.933031635359
2025-01-05 14:00:00,9257.0,9307.538636898336
2025-01-05 15:00:00,9110.0,9140.355924434874
2025-01-05 16:00:00,9267.0,9309.9796174171
2025-01-05 17:00:00,10807.0,10757.167444720884
2025-01-05 18:00:00,10547.0,10614.90785433108
2025-01-05 18:30:00,10586.0,10652.410825996889
2025-01-05 19:00:00,10427.0,10446.9993669565
2025-01-05 20:00:00,10309.0,10272.761320722508
2025-01-05 21:00:00,9761.0,9749.715309132122
2025-01-05 22:00:00,9023.0,9004.199030283196
2025-01-05 23:00:00,8756.0,8748.537098856332
2025-01-06 00:00:00,8321.0,8325.868669343583
2025-01-06 01:00:00,7666.0,7669.215269310917
2025-01-06 02:00:00,7355.0,7367.508494452883
2025-01-06 03:00:00,7143.0,7144.061512331616
2025-01-06 04:00:00,7081.0,7070.052367301348
2025-01-06 05:00:00,7533.0,7500.252859593429
2025-01-06 06:00:00,8381.0,8399.737780356616
2025-01-06 07:00:00,9339.0,9341.780839130792
2025-01-06 08:00:00,9531.0,9568.284545522592
2025-01-06 09:00:00,9296.0,9266.77375929334
2025-01-06 10:00:00,9424.0,9399.853642738435
2025-01-06 11:00:00,9975.0,10053.037579550562
2025-01-06 12:00:00,10292.0,10327.978426299922
2025-01-06 13:00:00,9772.0,9785.886421204083
2025-01-06 14:00:00,9511.0,9533.744588725987
2025-01-06 15:00:00,9262.0,9248.773590276858
2025-01-06 16:00:00,9443.0,9429.164368550646
2025-01-06 17:00:00,10786.0,10788.590703973488
2025-01-06 18:00:00,10752.0,10801.315310541378
2025-01-06 18:30:00,10510.0,10570.762372609115
2025-01-06 19:00:00,10554.0,10559.670600570173
2025-01-06 20:00:00,10155.0,10159.75695976116
2025-01-06 21:00:00,9655.0,9665.280782345157
2025-01-06 22:00:00,9158.0,9147.695032980535
2025-01-06 23:00:00,8638.0,8617.544812865746
2025-01-07 00:00:00,8154.0,8161.852580480373
2025-01-07 01:00:00,7589.0,7608.657421610188
2025-01-07 02:00:00,7567.0,7546.983250355977
2025-01-07 03:00:00,7320.0,7310.88540769062
2025-01-07 04:00:00,7151.0,7175.745093660677
2025-01-07 05:00:00,7778.0,7760.390815281822
2025-01-07 06:00:00,8366.0,8350.738949315146
2025-01-07 07:00:00,8934.0,8931.877898080842
2025-01-07 08:00:00,9519.0,9550.9530744365
2025-01-07 09:00:00,9146.0,9140.089095286336
2025-01-07 10:00:00,9507.0,9494.992169778807
2025-01-07 11:00:00,9991.0,10013.780043833522
2025-01-07 12:00:00,10354.0,10341.897826184362
2025-01-07 13:00:00,9813.0,9778.005904061107
2025-01-07 14:00:00,9382.0,9379.7590302685
2025-01-07 15:00:00,9213.0,9219.459648273716
2025-01-07 16:00:00,9512.0,9493.607064363907
2025-01-07 17:00:00,10508.0,10534.909515389292
2025-01-07 18:00:00,10731.0,10792.10963375301
2025-01-07 18:30:00,10587.0,10638.133220915854
2025-01-07 19:00:00,10498.0,10497.584007719333
2025-01-07 20:00:00,10267.0,10280.175947158465
2025-01-07 21:00:00,9764.0,9737.377080550561
2025-01-07 22:00:00,9163.0,9151.39857210468
2025-01-07 23:00:00,8697.0,8675.37216002744
2025-01-08 00:00:00,8228.0,8230.56046080804
2025-01-08 01:00:00,7832.0,7848.536087508289
2025-01-08 02:00:00,7526.0,7514.301356357291
2025-01-08 03:00:00,7267.0,7256.768560283907
2025-01-08 04:00:00,7238.0,7250.43013825789
2025-01-08 05:00:00,7572.0,7571.119860951183
2025-01-08 06:00:00,8179.0,8149.618323139208
2025-01-08 07:00:00,9368.0,9391.072267873435
2025-01-08 07:00:00,9126.0,9128.694334393498
2025-01-08 08:00:00,9715.0,9689.527472374304
2025-01-08 09:00:00,9473.0,9488.833648183607
2025-01-08 10:00:00,9498.0,9513.807316161749
2025-01-08 11:00:00,9980.0,9990.144979328477
2025-01-08 12:00:00,10042.0,10029.492120745503
2025-01-08 13:00:00,9452.0,9459.227588505153
2025-01-08 14:00:00,9355.0,9356.02265798021
2025-01-08 15:00:00,9119.0,9123.001070606035
2025-01-08 16:00:00,9359.0,9335.22779455862
2025-01-08 17:00:00,10508.0,10487.926342758752
2025-01-08 18:00:00,10707.0,10762.507248224776
2025-01-08 18:30:00,10488.0,10558.893163495399
2025-01-08 19:00:00,10454.0,10464.232910336306
2025-01-08 20:00:00,10167.0,10173.024988012598
2025-01-08 21:00:00,9895.0,9873.0592318432
2025-01-08 22:00:00,9182.0,9182.8664808826
2025-01-08 23:00:00,8741.0,8732.509411231105
2025-01-09 00:00:00,8024.0,8029.672202562545
2025-01-09 01:00:00,7581.0,7596.954804475742
2025-01-09 02:00:00,7367.0,7347.606411672256
2025-01-09 03:00:00,7266.0,7269.190927448183
2025-01-09 04:00:00,7157.0,7164.431532890857
2025-01-09 05:00:00,7669.0,7652.160196249158
2025-01-09 06:00:00,8352.0,8334.061644878697
2025-01-09 08:00:00,9498.0,9562.720641578853
2025-01-09 09:00:00,9322.0,9342.82361314879
2025-01-09 10:00:00,9582.0,9598.112835488373
2025-01-09 11:00:00,10170.0,10179.965326410756
2025-01-09 12:00:00,10431.0,10448.215163699597
2025-01-09 13:00:00,9955.0,9946.353695004842
2025-01-09 14:00:00,9439.0,9437.20669187456
2025-01-09 15:00:00,9075.0,9044.03106781443
2025-01-09 16:00:00,9284.0,9280.198905708736
2025-01-09 17:00:00,10483.0,10449.665433585224
2025-01-09 18:00:00,10689.0,10758.65609945792
2025-01-09 18:30:00,10480.0,10557.796099239295
2025-01-09 19:00:00,10427.0,10449.328374820068
2025-01-09 20:00:00,10239.0,10237.212205894306
2025-01-09 21:00:00,9956.0,9957.962162048387
2025-01-09 22:00:00,9322.0,9329.157432940097
2025-01-09 23:00:00,8880.0,8877.41253779139
2025-01-10 00:00:00,8303.0,8317.346388253867
2025-01-10 01:00:00,7988.0,7973.087936603395
2025-01-10 02:00:00,7575.0,7594.451406131427
2025-01-10 03:00:00,7190.0,7172.710546406725
2025-01-10 04:00:00,7119.0,7125.184502294579
2025-01-10 05:00:00,7366.0,7363.928061277452
2025-01-10 06:00:00,7423.0,7422.855807563428
2025-01-10 07:00:00,7797.0,7784.304559451604
2025-01-10 08:00:00,8380.0,8367.390762615401
2025-01-10 09:00:00,8212.0,8198.244248208384
2025-01-10 10:00:00,8450.0,8418.24155255994
2025-01-10 11:00:00,9017.0,8955.225031917904
2025-01-10 12:00:00,9685.0,9692.923535583584
2025-01-10 13:00:00,8252.0,8215.499001692595
2025-01-10 14:00:00,7528.0,7577.400177812113
2025-01-10 15:00:00,7283.0,7251.863038830299
2025-01-10 16:00:00,7697.0,7666.831011629897
2025-01-10 17:00:00,8914.0,8923.837267104273
2025-01-10 18:00:00,9185.0,9221.980403919986
2025-01-10 18:30:00,9352.0,9393.216142744328
2025-01-10 19:00:00,9305.0,9306.610014207787
2025-01-10 20:00:00,9204.0,9196.689808075615
2025-01-10 21:00:00,8912.0,8902.98600265764
2025-01-10 22:00:00,8543.0,8559.507986931427
2025-01-10 23:00:00,7999.0,7994.837535508567
2025-01-11 00:00:00,7544.0,7546.871546639616
2025-01-11 01:00:00,7183.0,7174.03104831292
2025-01-11 02:00:00,6974.0,6997.778327285095
2025-01-11 03:00:00,6748.0,6743.980775896313
2025-01-11 04:00:00,6594.0,6592.616660071578
2025-01-11 05:00:00,6970.0,6982.831920943927
2025-01-11 06:00:00,7531.0,7506.564113570311
2025-01-11 07:00:00,8576.0,8527.13365313513
2025-01-11 08:00:00,8856.0,8851.555988220938
2025-01-11 09:00:00,8651.0,8645.306161857397
2025-01-11 10:00:00,8800.0,8827.00216967991
2025-01-11 11:00:00,9404.0,9434.378781895872
2025-01-11 12:00:00,9782.0,9775.21125711943
2025-01-11 13:00:00,9607.0,9603.898463126205
2025-01-11 14:00:00,8966.0,8938.954503790352
2025-01-11 15:00:00,8739.0,8724.006549795055
2025-01-11 16:00:00,8937.0,8960.071802678505
2025-01-11 17:00:00,10600.0,10575.955616852203
2025-01-11 18:00:00,10725.0,10784.807425079383
2025-01-11 18:30:00,10472.0,10518.293304028806
2025-01-11 19:00:00,10410.0,10419.550474932264
2025-01-11 20:00:00,10280.0,10289.538546832506
2025-01-11 21:00:00,9681.0,9685.459840211315
2025-01-11 22:00:00,9298.0,9297.239449803987
2025-01-11 23:00:00,8762.0,8738.952746940044
2025-01-12 00:00:00,8190.0,8225.09230032731
2025-01-12 01:00:00,7771.0,7777.992534421237
2025-01-12 02:00:00,7458.0,7465.602974524199
2025-01-12 03:00:00,7177.0,7170.75032642437
2025-01-12 04:00:00,7217.0,7245.323460228742
2025-01-12 05:00:00,7536.0,7544.874771353167
2025-01-12 06:00:00,8324.0,8293.255109864183
2025-01-12 07:00:00,9279.0,9333.882018807335
2025-01-12 08:00:00,9744.0,9736.82745745492
2025-01-12 09:00:00,9513.0,9510.194001338621
2025-01-12 10:00:00,9651.0,9657.283355806328
2025-01-12 11:00:00,10040.0,10021.015875440073
2025-01-12 12:00:00,10452.0,10466.16535850049
2025-01-12 13:00:00,9955.0,9968.142707611609
2025-01-12 14:00:00,9531.0,9557.604063062627
2025-01-12 15:00:00,9398.0,9390.551980550668
2025-01-12 16:00:00,9510.0,9463.592431743213
2025-01-12 17:00:00,10735.0,10733.04589763789
2025-01-12 18:00:00,10975.0,11046.099823854112
2025-01-12 18:30:00,10657.0,10708.645390202098
2025-01-12 19:00:00,10599.0,10639.613978092892
2025-01-12 20:00:00,10460.0,10472.191512861384
2025-01-12 21:00:00,10043.0,10100.26407266344
2025-01-12 22:00:00,9429.0,9426.130679432212
2025-01-12 23:00:00,9005.0,9016.937786010269
2025-01-13 00:00:00,8491.0,8477.182482705126
2025-01-13 01:00:00,8008.0,7985.391767257999
2025-01-13 02:00:00,7776.0,7763.650908086399
2025-01-13 03:00:00,7505.0,7505.708465627836
2025-01-13 04:00:00,7495.0,7489.911137258179
2025-01-13 05:00:00,7784.0,7764.023805683422
2025-01-13 06:00:00,8668.0,8665.08797443622
2025-01-13 07:00:00,9384.0,9436.152973939257
2025-01-13 08:00:00,9778.0,9793.253949716394
2025-01-13 09:00:00,9634.0,9612.601035726799
2025-01-13 10:00:00,9743.0,9754.307883503636
2025-01-13 11:00:00,10182.0,10174.249624118469
2025-01-13 12:00:00,10418.0,10424.965188638633
2025-01-13 13:00:00,10130.0,10110.433929662084
2025-01-13 14:00:00,9738.0,9769.376300125554
2025-01-13 15:00:00,9527.0,9507.838391497473
2025-01-13 16:00:00,9713.0,9735.961723390894
2025-01-13 17:00:00,10767.0,10801.756558275632
2025-01-13 18:00:00,11155.0,11221.330792302688
2025-01-13 18:30:00,10765.0,10830.310690161381
2025-01-13 19:00:00,10715.0,10728.942316969571
2025-01-13 20:00:00,10640.0,10667.525627460784
2025-01-13 21:00:00,10065.0,10073.194707297369
2025-01-13 22:00:00,9480.0,9482.968203871951
2025-01-13 23:00:00,9093.0,9096.116467512064
2025-01-14 00:00:00,8508.0,8481.594145491852
2025-01-14 01:00:00,8069.0,8079.460939600144
2025-01-14 02:00:00,7674.0,7695.464586889128
2025-01-14 03:00:00,7517.0,7525.43092495864
2025-01-14 04:00:00,7469.0,7455.775900933044
2025-01-14 05:00:00,7854.0,7834.806146650573
2025-01-14 06:00:00,8664.0,8643.837219742014
2025-01-14 07:00:00,9358.0,9404.850717766794
2025-01-14 08:00:00,9854.0,9864.35545833102
2025-01-14 09:00:00,9644.0,9666.44339750086
2025-01-14 10:00:00,9681.0,9719.868623986169
2025-01-14 11:00:00,10242.0,10265.846728821558
2025-01-14 12:00:00,10426.0,10456.228138945728
2025-01-14 13:00:00,10163.0,10185.046003839412
2025-01-14 14:00:00,9699.0,9751.024159238092
2025-01-14 15:00:00,9513.0,9522.806603812202
2025-01-14 16:00:00,9714.0,9735.961723390894
2025-01-14 17:00:00,10701.0,10759.10411658848
2025-01-14 18:00:00,10901.0,10968.13342815381
2025-01-14 18:30:00,10772.0,10824.727567513508
2025-01-14 19:00:00,10725.0,10727.609373344601
2025-01-14 20:00:00,10458.0,10466.374860404994
2025-01-14 21:00:00,10125.0,10140.79605861669
2025-01-14 22:00:00,9427.0,9436.906901007982
2025-01-14 23:00:00,8966.0,8989.265364936413
2025-01-15 00:00:00,8415.0,8412.04784005755
2025-01-15 01:00:00,7967.0,7935.771063088439
2025-01-15 02:00:00,7687.0,7689.392729774172
2025-01-15 03:00:00,7426.0,7416.774318081727
2025-01-15 04:00:00,7365.0,7360.2871429117195
2025-01-15 05:00:00,7908.0,7880.082698669785
2025-01-15 06:00:00,8542.0,8551.69949953912
2025-01-15 07:00:00,9363.0,9348.745669350586
2025-01-15 08:00:00,9682.0,9667.953792402348
2025-01-15 09:00:00,9496.0,9516.80054026119
2025-01-15 10:00:00,9576.0,9571.576276836637
2025-01-15 11:00:00,10149.0,10176.247898676553
2025-01-15 12:00:00,10403.0,10446.755851557595
2025-01-15 13:00:00,10046.0,10067.344216167638
2025-01-15 14:00:00,9788.0,9806.687159758396
2025-01-15 15:00:00,9347.0,9362.84830550009
2025-01-15 16:00:00,9468.0,9432.699737933259
2025-01-15 17:00:00,10577.0,10572.295091915537
2025-01-15 18:00:00,10893.0,10923.140422934152
2025-01-15 18:30:00,10879.0,10895.212418987572
2025-01-15 19:00:00,10769.0,10780.62166660516
2025-01-15 20:00:00,10658.0,10690.96449680961
2025-01-15 21:00:00,10054.0,10070.929542358219
2025-01-15 22:00:00,9529.0,9550.53943366949
2025-01-15 23:00:00,9064.0,9035.601926529189
2025-01-16 00:00:00,8553.0,8556.506736743775
2025-01-16 01:00:00,8061.0,8064.863085449511
2025-01-16 02:00:00,7750.0,7754.776704191522
2025-01-16 03:00:00,7578.0,7585.357028465023
2025-01-16 04:00:00,7525.0,7519.6675535730565
2025-01-16 05:00:00,7927.0,7885.314282741135
2025-01-16 06:00:00,8704.0,8678.05645916302
2025-01-16 07:00:00,9539.0,9603.42273428099
2025-01-16 08:00:00,10025.0,10019.219419034063
2025-01-16 09:00:00,9795.0,9805.282111026823
2025-01-16 10:00:00,9890.0,9909.452208070514
2025-01-16 11:00:00,10341.0,10353.907215322964
2025-01-16 12:00:00,10662.0,10668.669355018063
2025-01-16 13:00:00,10328.0,10374.676665183915
2025-01-16 14:00:00,9999.0,10012.310937697608
2025-01-16 15:00:00,9603.0,9586.476367638856
2025-01-16 16:00:00,9746.0,9778.09698439367
2025-01-16 17:00:00,10790.0,10801.839148334228
2025-01-16 18:00:00,10940.0,10946.68325705037
2025-01-16 18:30:00,10888.0,10903.646066631767
2025-01-16 19:00:00,10828.0,10798.96143474386
2025-01-16 20:00:00,10510.0,10514.324182005557
2025-01-16 21:00:00,10131.0,10140.471545886016
2025-01-16 22:00:00,9482.0,9471.947523004563
2025-01-16 23:00:00,9002.0,9003.339516019303
2025-01-17 00:00:00,8446.0,8437.25172078434
2025-01-17 01:00:00,8111.0,8086.770532046994
2025-01-17 02:00:00,7861.0,7869.532945691044
2025-01-17 03:00:00,7623.0,7609.044490384553
2025-01-17 04:00:00,7469.0,7499.153375762429
2025-01-17 05:00:00,7748.0,7734.278708823624
2025-01-17 06:00:00,7881.0,7866.18455628436
2025-01-17 07:00:00,8469.0,8460.74622297632
2025-01-17 08:00:00,8792.0,8735.449402428143
2025-01-17 09:00:00,8589.0,8606.266763185744
2025-01-17 10:00:00,8751.0,8776.454752817064
2025-01-17 11:00:00,9463.0,9474.992315558398
2025-01-17 12:00:00,10194.0,10213.448145397138
2025-01-17 13:00:00,8653.0,8654.006980960428
2025-01-17 14:00:00,7983.0,8052.157378068186
2025-01-17 15:00:00,7523.0,7521.096622438824
2025-01-17 16:00:00,7820.0,7790.379412208216
2025-01-17 17:00:00,9419.0,9443.96842138654
2025-01-17 18:00:00,9583.0,9649.391254023918
2025-01-17 18:30:00,9601.0,9629.094377459953
2025-01-17 19:00:00,9553.0,9551.016965870962
2025-01-17 20:00:00,9566.0,9545.358801007646
2025-01-17 21:00:00,9246.0,9217.74231705079
2025-01-17 22:00:00,8814.0,8804.179667305949
2025-01-17 23:00:00,8363.0,8362.013058893348
2025-01-18 00:00:00,8052.0,8042.908492679895
2025-01-18 01:00:00,7410.0,7431.916464623348
2025-01-18 02:00:00,7219.0,7220.853822363411
2025-01-18 03:00:00,6991.0,6999.348570826416
2025-01-18 04:00:00,6992.0,6972.315965293339
2025-01-18 05:00:00,7443.0,7400.467833937115
2025-01-18 06:00:00,8184.0,8132.118490771062
2025-01-18 07:00:00,8889.0,8833.57806712258
2025-01-18 08:00:00,9123.0,9119.728346367274
2025-01-18 09:00:00,9143.0,9130.475630983383
2025-01-18 10:00:00,9094.0,9086.678112171527
2025-01-18 11:00:00,9767.0,9733.047047433593
2025-01-18 12:00:00,10141.0,10127.745178842002
2025-01-18 13:00:00,9681.0,9672.100529390775
2025-01-18 14:00:00,9179.0,9192.917714282836
2025-01-18 15:00:00,8910.0,8909.92382250717
2025-01-18 16:00:00,9394.0,9421.441801514877
2025-01-18 17:00:00,10505.0,10492.64519750422
2025-01-18 18:00:00,10776.0,10884.024066226495
2025-01-18 18:30:00,10654.0,10725.786608000692
2025-01-18 19:00:00,10567.0,10611.669964932114
2025-01-18 20:00:00,10423.0,10389.692680265252
2025-01-18 21:00:00,9970.0,9951.104133085413
2025-01-18 22:00:00,9514.0,9512.26967232037
2025-01-18 23:00:00,9050.0,9036.09879505477
2025-01-19 00:00:00,8445.0,8441.452786006546
2025-01-19 01:00:00,8085.0,8070.194568396979
2025-01-19 02:00:00,7785.0,7796.967998901697
2025-01-19 03:00:00,7595.0,7624.643535510642
2025-01-19 04:00:00,7429.0,7443.527562441885
2025-01-19 05:00:00,7960.0,7938.993924553395
2025-01-19 06:00:00,8798.0,8799.721877709735
2025-01-19 07:00:00,9769.0,9771.558008645423
2025-01-19 08:00:00,9827.0,9836.301264766069
2025-01-19 09:00:00,9730.0,9734.614215937034
2025-01-19 10:00:00,9773.0,9773.501732577966
2025-01-19 11:00:00,10060.0,10096.127153072632
2025-01-19 12:00:00,10590.0,10605.911405372064
2025-01-19 13:00:00,10183.0,10155.41997392477
2025-01-19 14:00:00,9888.0,9878.579537488355
2025-01-19 15:00:00,9600.0,9585.44085761222
2025-01-19 16:00:00,9614.0,9620.349105720123
2025-01-19 17:00:00,10653.0,10695.03403143047
2025-01-19 18:00:00,10985.0,11053.696047362284
2025-01-19 18:30:00,10824.0,10862.559039671263
2025-01-19 19:00:00,10794.0,10815.11887428
2025-01-19 20:00:00,10601.0,10615.451629178084
2025-01-19 21:00:00,9952.0,9963.571766280193
2025-01-19 22:00:00,9605.0,9598.340885222833
2025-01-20 00:00:00,8438.0,8468.828163391247
2025-01-20 01:00:00,8096.0,8065.21991531597
2025-01-20 02:00:00,7754.0,7765.519659327055
2025-01-20 03:00:00,7551.0,7561.8155840473
2025-01-20 04:00:00,7521.0,7512.161101840941
2025-01-20 05:00:00,7964.0,7918.8841025144475
2025-01-20 06:00:00,8748.0,8731.739093097476
2025-01-20 07:00:00,9613.0,9659.503549068306
2025-01-20 08:00:00,9557.0,9565.253009042215
2025-01-20 09:00:00,9725.0,9722.207465085457
2025-01-20 10:00:00,9761.0,9788.038812275214
2025-01-20 11:00:00,10376.0,10343.306710293238
2025-01-20 12:00:00,10543.0,10535.179958229563
2025-01-20 13:00:00,10227.0,10220.625354874293
2025-01-20 14:00:00,9749.0,9753.590171984477
2025-01-20 15:00:00,9573.0,9580.347129976033
2025-01-20 16:00:00,9759.0,9756.586550385668
2025-01-20 17:00:00,10585.0,10615.207916806636
2025-01-20 18:00:00,10956.0,10998.998823974098
2025-01-20 18:30:00,10827.0,10896.098235481148
2025-01-20 19:00:00,10711.0,10768.773774808471
2025-01-20 20:00:00,10454.0,10500.10260946508
2025-01-20 21:00:00,10086.0,10104.441932332535
2025-01-20 22:00:00,9608.0,9635.397683891013
2025-01-20 23:00:00,9015.0,9013.734454741869
2025-01-21 00:00:00,8412.0,8414.57601472714
2025-01-21 01:00:00,8134.0,8122.02570926742
2025-01-21 02:00:00,7717.0,7738.389399386602
2025-01-21 03:00:00,7554.0,7571.202284006584
2025-01-21 04:00:00,7357.0,7364.830765779802
2025-01-21 05:00:00,7713.0,7716.950703677639
2025-01-21 06:00:00,8696.0,8758.983468492472
2025-01-21 07:00:00,9570.0,9618.094298489
2025-01-21 08:00:00,10062.0,10061.532730802086
2025-01-21 09:00:00,9877.0,9884.658069737132
2025-01-21 10:00:00,9912.0,9932.50899558184
2025-01-21 11:00:00,10032.0,10030.032938167778
2025-01-21 12:00:00,10607.0,10578.746219433811
2025-01-21 13:00:00,10250.0,10263.56884819491
2025-01-21 14:00:00,9696.0,9700.838395695708
2025-01-21 15:00:00,9600.0,9620.804097355749
2025-01-21 16:00:00,9688.0,9701.299826192238
2025-01-21 17:00:00,10620.0,10643.177949532957
2025-01-21 18:00:00,11009.0,11067.409301332918
2025-01-21 18:30:00,10867.0,10909.80715288123
2025-01-21 19:00:00,10810.0,10830.162002355366
2025-01-21 20:00:00,10644.0,10667.07347130593
2025-01-21 21:00:00,10131.0,10161.061320300438
2025-01-21 22:00:00,9567.0,9582.65407258531
2025-01-21 23:00:00,9078.0,9094.228461613136
2025-01-21 23:00:00,9160.0,9150.334116224947
2025-01-22 00:00:00,8496.0,8496.337847223087
2025-01-22 01:00:00,7913.0,7932.742636495307
2025-01-22 02:00:00,7741.0,7782.845875327385
2025-01-22 03:00:00,7593.0,7586.024880673442
2025-01-22 04:00:00,7542.0,7559.683099028651
2025-01-22 05:00:00,7731.0,7782.706938369987
2025-01-22 06:00:00,8626.0,8664.211700969983
2025-01-22 07:00:00,9496.0,9598.182045649766
2025-01-22 08:00:00,10021.0,10085.882714352105
2025-01-22 09:00:00,9870.0,9909.277280339753
2025-01-22 10:00:00,10020.0,10066.784300499445
2025-01-22 11:00:00,10376.0,10379.377722944191
2025-01-22 12:00:00,10636.0,10656.731776357252
2025-01-22 13:00:00,10205.0,10239.95397851303
2025-01-22 14:00:00,9631.0,9699.3210845079
2025-01-22 15:00:00,9453.0,9497.006664038025
2025-01-22 16:00:00,9691.0,9759.021618678882
2025-01-22 17:00:00,10771.0,10838.753081673802
2025-01-22 18:00:00,10964.0,11023.441412564052
2025-01-22 18:30:00,11013.0,11080.19453561074
2025-01-22 19:00:00,10835.0,10872.842689485173
2025-01-22 20:00:00,10719.0,10748.955013152272
2025-01-22 21:00:00,9874.0,9917.95362284076
2025-01-22 22:00:00,9531.0,9557.552672331614
2025-01-22 23:00:00,9083.0,9084.444587576201
2025-01-23 00:00:00,8460.0,8468.510897255153
2025-01-23 01:00:00,7835.0,7805.027370591102
2025-01-23 02:00:00,7733.0,7737.569599340709
2025-01-23 03:00:00,7384.0,7381.100320906236
2025-01-23 04:00:00,7313.0,7323.410126336231
2025-01-23 05:00:00,7841.0,7834.125741429033
2025-01-23 06:00:00,8592.0,8575.653807544384
2025-01-23 07:00:00,9438.0,9461.23832064073
2025-01-23 08:00:00,10108.0,10175.767627113597
2025-01-23 09:00:00,10146.0,10234.582145757886
2025-01-23 10:00:00,10318.0,10339.528070565919
2025-01-23 11:00:00,10540.0,10578.478293161052
2025-01-23 12:00:00,10832.0,10897.185259033908
2025-01-23 13:00:00,10289.0,10321.093230575983
2025-01-23 14:00:00,10026.0,10032.891104954442
2025-01-23 15:00:00,9701.0,9718.828906656703
2025-01-23 16:00:00,9752.0,9782.112643542854
2025-01-23 17:00:00,10514.0,10493.660226748532
2025-01-23 18:00:00,10746.0,10803.276850838965
2025-01-23 18:30:00,10697.0,10793.558944575063
2025-01-23 19:00:00,10720.0,10732.684642392305
2025-01-23 20:00:00,10501.0,10551.623795990901
2025-01-23 21:00:00,10132.0,10136.410349418813
2025-01-23 22:00:00,9667.0,9666.688694595707
2025-01-23 23:00:00,9219.0,9239.745908323443
2025-01-24 00:00:00,8463.0,8479.919788064883
2025-01-24 01:00:00,8028.0,7988.788266317959
2025-01-24 02:00:00,7691.0,7705.957014788566
2025-01-24 03:00:00,7457.0,7445.498571346205
2025-01-24 04:00:00,7222.0,7211.292821429271
2025-01-24 05:00:00,7296.0,7291.690016158215
2025-01-24 06:00:00,7395.0,7410.221430074397
2025-01-24 07:00:00,8086.0,8107.6568781828055
2025-01-24 08:00:00,8646.0,8667.468629910467
2025-01-24 09:00:00,8975.0,9045.6026267818
2025-01-24 10:00:00,9156.0,9168.75812176918
2025-01-24 11:00:00,9695.0,9673.387458454374
2025-01-24 12:00:00,10392.0,10379.07771359966
2025-01-24 13:00:00,8826.0,8728.230107023479
2025-01-24 14:00:00,8217.0,8282.22446529923
2025-01-24 15:00:00,7787.0,7790.991315495999
2025-01-24 16:00:00,8125.0,8145.538127502486
2025-01-24 17:00:00,9225.0,9205.438512375371
2025-01-24 18:00:00,9734.0,9781.299705219364
2025-01-24 18:30:00,9657.0,9706.88583639724
2025-01-24 19:00:00,9613.0,9638.155469024581
2025-01-24 20:00:00,9592.0,9581.845882816364
2025-01-24 21:00:00,9353.0,9352.860892367065
2025-01-24 22:00:00,8985.0,8997.774690146347
2025-01-24 23:00:00,8407.0,8408.977355212572
2025-01-25 00:00:00,8062.0,8058.503356905256
2025-01-25 01:00:00,7521.0,7538.781161418891
2025-01-25 02:00:00,7266.0,7257.271213438695
2025-01-25 03:00:00,6993.0,6997.576800023777
2025-01-25 04:00:00,6968.0,6965.872176842818
2025-01-25 05:00:00,7452.0,7428.94003037369
2025-01-25 06:00:00,8080.0,8034.267127639376
2025-01-25 07:00:00,8967.0,8979.039605098127
2025-01-25 08:00:00,9397.0,9404.30068505094
2025-01-25 09:00:00,9409.0,9438.479427392927
2025-01-25 10:00:00,9461.0,9458.065528624591
2025-01-25 11:00:00,9821.0,9840.275519532435
2025-01-25 12:00:00,10352.0,10397.34548056443
2025-01-25 13:00:00,10050.0,10087.427825861285
2025-01-25 14:00:00,9341.0,9360.543214284115
2025-01-25 15:00:00,9208.0,9230.583406442334
2025-01-25 16:00:00,9351.0,9344.118994901455
2025-01-25 17:00:00,10590.0,10607.00819349234
2025-01-25 18:00:00,11028.0,11087.285586161424
2025-01-25 18:30:00,10844.0,10872.217144807542
2025-01-25 19:00:00,10748.0,10780.889859718918
2025-01-25 20:00:00,10536.0,10571.504722925525
2025-01-25 21:00:00,10007.0,10009.297050863894
2025-01-25 22:00:00,9605.0,9584.965933287645
2025-01-25 23:00:00,9053.0,9043.555546717973
2025-01-26 00:00:00,8455.0,8441.452786006546
2025-01-26 01:00:00,8079.0,8053.403008933258
2025-01-26 02:00:00,7722.0,7739.919983914751
2025-01-26 03:00:00,7606.0,7619.841217451952
2025-01-26 04:00:00,7447.0,7450.991010001791
2025-01-26 05:00:00,7858.0,7849.603066268776
2025-01-26 06:00:00,8749.0,8757.1663965065
2025-01-26 07:00:00,9756.0,9831.708975453867
2025-01-26 08:00:00,10273.0,10285.811569063855
2025-01-26 09:00:00,10048.0,10055.091260015733
2025-01-26 10:00:00,10062.0,10107.161993114438
2025-01-26 11:00:00,10536.0,10574.941608648223
2025-01-26 12:00:00,10723.0,10762.788784473687
2025-01-26 13:00:00,10199.0,10245.183828827736
2025-01-26 14:00:00,9854.0,9903.808465707507
2025-01-26 15:00:00,9422.0,9455.569007805074
2025-01-26 16:00:00,9386.0,9445.911434544183
2025-01-26 17:00:00,10652.0,10694.807791001049
2025-01-26 18:00:00,10895.0,11001.392981840781
2025-01-26 18:30:00,10864.0,10904.035614919507
2025-01-26 19:00:00,10774.0,10787.409084863153
2025-01-26 20:00:00,10552.0,10604.311440319312
2025-01-26 21:00:00,9993.0,10015.333622254948
2025-01-26 22:00:00,9524.0,9510.394612765795
2025-01-26 23:00:00,9008.0,8998.355971313795
2025-01-27 00:00:00,8481.0,8462.163920826168
2025-01-27 01:00:00,8159.0,8154.807698970179
2025-01-27 02:00:00,7917.0,7937.625696889792
2025-01-27 03:00:00,7633.0,7647.051311431786
2025-01-27 04:00:00,7600.0,7596.712534289039
2025-01-27 05:00:00,8029.0,8032.430357435767
2025-01-27 06:00:00,8840.0,8847.143444945863
2025-01-27 07:00:00,9830.0,9883.577315110613
2025-01-27 08:00:00,10220.0,10262.690453371923
2025-01-27 09:00:00,9956.0,10004.883157164706
2025-01-27 10:00:00,10171.0,10216.088913795202
2025-01-27 11:00:00,10554.0,10576.00916497164
2025-01-27 12:00:00,10941.0,10955.842195328432
2025-01-27 13:00:00,10505.0,10552.611776334965
2025-01-27 14:00:00,9963.0,10006.77037576443
2025-01-27 15:00:00,9635.0,9668.437035079962
2025-01-27 16:00:00,9864.0,9889.310465009276
2025-01-27 17:00:00,10589.0,10596.787654450502
2025-01-27 18:00:00,10965.0,11038.768608862638
2025-01-27 18:30:00,10938.0,10968.252626105055
2025-01-27 19:00:00,10752.0,10789.268260318786
2025-01-27 20:00:00,10624.0,10669.240653494951
2025-01-27 21:00:00,10086.0,10093.977911289423
2025-01-27 22:00:00,9657.0,9662.979950896231
2025-01-27 23:00:00,9300.0,9324.405733424155
2025-01-28 00:00:00,8600.0,8617.537222993236
2025-01-28 01:00:00,8288.0,8297.085268634311
2025-01-28 02:00:00,7802.0,7805.418410433016
2025-01-28 03:00:00,7671.0,7693.473085549325
2025-01-28 04:00:00,7642.0,7681.0759247112765
2025-01-28 05:00:00,8022.0,8094.524271494605
2025-01-28 06:00:00,8722.0,8700.393185571536
2025-01-28 07:00:00,9581.0,9632.04577099372
2025-01-28 08:00:00,10068.0,10146.353324358854
2025-01-28 09:00:00,10143.0,10223.704015430369
2025-01-28 10:00:00,10291.0,10340.744229986967
2025-01-28 11:00:00,10750.0,10770.489984323665
2025-01-28 12:00:00,11076.0,11159.988537709978
2025-01-28 13:00:00,10792.0,10848.772375216522
2025-01-28 14:00:00,10073.0,10111.910442210785
2025-01-28 15:00:00,9642.0,9676.63744350661
2025-01-28 16:00:00,9952.0,9972.511145647813
2025-01-28 17:00:00,10690.0,10685.204695631468
2025-01-28 18:00:00,11091.0,11180.253972223716
2025-01-28 18:30:00,10943.0,11035.397226480874
2025-01-28 19:00:00,10808.0,10824.702075055311
2025-01-28 20:00:00,10701.0,10756.405552671467
2025-01-28 21:00:00,10186.0,10207.189117356304
2025-01-28 22:00:00,9687.0,9671.606132197945
2025-01-28 23:00:00,9156.0,9168.876223074461
2025-01-29 00:00:00,8366.0,8389.432552416898
2025-01-29 01:00:00,8190.0,8212.933267931403
2025-01-29 02:00:00,7782.0,7818.520638760831
2025-01-29 03:00:00,7603.0,7626.103856211028
2025-01-29 04:00:00,7501.0,7508.276020868424
2025-01-29 05:00:00,8008.0,7951.658773968128
2025-01-29 06:00:00,8803.0,8818.088555720215
2025-01-29 07:00:00,9640.0,9707.478098838697
2025-01-29 08:00:00,10183.0,10230.38245624808
2025-01-29 09:00:00,10170.0,10224.772525224264
2025-01-29 10:00:00,10313.0,10361.701100280097
2025-01-29 11:00:00,10716.0,10744.563414828333
2025-01-29 12:00:00,10996.0,11027.865318683971
2025-01-29 13:00:00,10500.0,10553.434098698828
2025-01-29 14:00:00,10063.0,10146.74994832104
2025-01-29 15:00:00,9709.0,9795.891885151126
2025-01-29 16:00:00,9875.0,9928.088265341994
2025-01-29 17:00:00,10882.0,10948.066839946716
2025-01-29 18:00:00,11054.0,11124.790301309507
2025-01-29 18:30:00,11053.0,11101.466060104533
2025-01-29 19:00:00,10987.0,11025.122202185243
2025-01-29 20:00:00,10741.0,10770.366013640689
2025-01-29 21:00:00,10223.0,10243.844725470573
2025-01-29 22:00:00,9625.0,9616.693977634022
2025-01-29 23:00:00,9132.0,9125.098479611524
2025-01-30 00:00:00,8513.0,8539.706098399
2025-01-30 01:00:00,8148.0,8173.194836005646
2025-01-30 02:00:00,7901.0,7933.991296378194
2025-01-30 03:00:00,7668.0,7689.232284664234
2025-01-30 04:00:00,7569.0,7594.682723252275
2025-01-30 05:00:00,8114.0,8096.906317343144
2025-01-30 06:00:00,8913.0,8919.963085369352
2025-01-30 07:00:00,9752.0,9784.63004897923
2025-01-30 08:00:00,10339.0,10406.599076911854
2025-01-30 09:00:00,10151.0,10212.10971023014
2025-01-30 10:00:00,10247.0,10298.534270552287
2025-01-30 11:00:00,10738.0,10738.023568874267
2025-01-30 12:00:00,10918.0,10931.15308665102
2025-01-30 13:00:00,10428.0,10515.371606173014
2025-01-30 14:00:00,10161.0,10193.366052914236
2025-01-30 15:00:00,9820.0,9853.754876491012
2025-01-30 16:00:00,9959.0,10026.414714436574
2025-01-30 17:00:00,10716.0,10708.889137173168
2025-01-30 18:00:00,11138.0,11214.275165876881
2025-01-30 18:30:00,10958.0,11049.340646572295
2025-01-30 19:00:00,10806.0,10809.303126224444
2025-01-30 20:00:00,10665.0,10729.653322335304
2025-01-30 21:00:00,10246.0,10309.107220171623
2025-01-30 22:00:00,9702.0,9739.46816718004
2025-01-30 23:00:00,9341.0,9350.473869485588
2025-01-31 00:00:00,8794.0,8790.060483179164
2025-01-31 01:00:00,8366.0,8367.940034095182
2025-01-31 02:00:00,8043.0,8037.134613220507
2025-01-31 03:00:00,7758.0,7781.036568012914
2025-01-31 04:00:00,7654.0,7662.265199839242
2025-01-31 05:00:00,7789.0,7780.3278107397855
2025-01-31 06:00:00,8103.0,8133.3576049324565
2025-01-31 07:00:00,8717.0,8687.70153515188
2025-01-31 08:00:00,9142.0,9161.960297919279
2025-01-31 09:00:00,9176.0,9157.313863920243
2025-01-31 10:00:00,9372.0,9419.48725150758
2025-01-31 11:00:00,9890.0,9910.482572633297
2025-01-31 12:00:00,10561.0,10564.797705901834
2025-01-31 13:00:00,9006.0,8950.821071381884
2025-01-31 14:00:00,8542.0,8592.698913308666
2025-01-31 15:00:00,8184.0,8201.326412600276
2025-01-31 16:00:00,8310.0,8282.320454783581
2025-01-31 17:00:00,9302.0,9303.906774281775
2025-01-31 18:00:00,9682.0,9689.336962562438
2025-01-31 18:30:00,9805.0,9841.343945319517
2025-01-31 19:00:00,9769.0,9761.474147848703
2025-01-31 20:00:00,9665.0,9664.304704604005
2025-01-31 21:00:00,9434.0,9443.021632916232
2025-01-31 22:00:00,9038.0,9036.054593968147
2025-01-31 23:00:00,8614.0,8586.67759146723
2025-02-01 00:00:00,8150.0,8169.002948845404
2025-02-01 01:00:00,7726.0,7740.105709379151
2025-02-01 02:00:00,7390.0,7397.124655885709
2025-02-01 03:00:00,7208.0,7198.809090938123
2025-02-01 04:00:00,7076.0,7065.796746805009
2025-02-01 05:00:00,7444.0,7408.432761480831
2025-02-01 06:00:00,8180.0,8131.750066072351
2025-02-01 07:00:00,9013.0,9002.950259737405
2025-02-01 08:00:00,9507.0,9557.899610041084
2025-02-01 09:00:00,9603.0,9585.07300503624
2025-02-01 10:00:00,9764.0,9787.642395196597
2025-02-01 11:00:00,10278.0,10332.79840841182
2025-02-01 12:00:00,10464.0,10491.981540861434
2025-02-01 13:00:00,10292.0,10362.451440529558
2025-02-01 14:00:00,9994.0,9992.997462548445
2025-02-01 15:00:00,9718.0,9716.71257194542
2025-02-01 16:00:00,9661.0,9652.167652606538
2025-02-01 17:00:00,10720.0,10743.860899608837
2025-02-01 18:00:00,11385.0,11444.19379258807
2025-02-01 18:30:00,10994.0,11026.49431045129
2025-02-01 19:00:00,10894.0,10880.71605727895
2025-02-01 20:00:00,10738.0,10748.632237375006
2025-02-01 21:00:00,10312.0,10299.166248315334
2025-02-01 22:00:00,9800.0,9802.284129645235
2025-02-01 23:00:00,9214.0,9228.375705764298
2025-02-02 00:00:00,8676.0,8672.73298533935
2025-02-02 01:00:00,8348.0,8363.303132453004
2025-02-02 02:00:00,8091.0,8092.489479795543
2025-02-02 03:00:00,7849.0,7863.940095537452
2025-02-02 04:00:00,7652.0,7667.048708406533
2025-02-02 05:00:00,7989.0,8047.087560247271
2025-02-02 06:00:00,8870.0,8887.352997503425
2025-02-02 07:00:00,9637.0,9642.07291183311
2025-02-02 08:00:00,10176.0,10218.498569421456
2025-02-02 09:00:00,10165.0,10202.603104408578
2025-02-02 10:00:00,10328.0,10365.360417615135
2025-02-02 11:00:00,10728.0,10716.014889157697
2025-02-02 12:00:00,10989.0,11005.106279608885
2025-02-02 13:00:00,10725.0,10710.190199983046
2025-02-02 14:00:00,10363.0,10371.794300579275
2025-02-02 15:00:00,9917.0,9923.208723529418
2025-02-02 16:00:00,9852.0,9839.165821539336
2025-02-02 17:00:00,10535.0,10516.018770684055
2025-02-02 18:00:00,11229.0,11226.238589420625
2025-02-02 18:30:00,10878.0,10902.776147237857
2025-02-02 19:00:00,10844.0,10799.955545731413
2025-02-02 20:00:00,10483.0,10509.277758928642
2025-02-02 21:00:00,10138.0,10177.000040654444
2025-02-02 22:00:00,9776.0,9767.105604384204
2025-02-02 23:00:00,9350.0,9338.87337639021
2025-02-03 00:00:00,8863.0,8867.11713532215
2025-02-03 01:00:00,8308.0,8310.330375237334
2025-02-03 02:00:00,7948.0,7928.679194214229
2025-02-03 03:00:00,7722.0,7715.169445034093
2025-02-03 04:00:00,7525.0,7548.573637699161
2025-02-03 05:00:00,7702.0,7658.057092433717
2025-02-03 06:00:00,8043.0,8069.786130390396
2025-02-03 07:00:00,9052.0,9069.598683698314
2025-02-03 08:00:00,10127.0,10088.26265854784
2025-02-03 09:00:00,10200.0,10237.505948558262
2025-02-03 10:00:00,10256.0,10279.055453456542
2025-02-03 11:00:00,10727.0,10705.331201312476
2025-02-03 12:00:00,11207.0,11211.836568939694
2025-02-03 13:00:00,10893.0,10930.299407354678
2025-02-03 14:00:00,10472.0,10497.865330772273
2025-02-03 15:00:00,9975.0,10018.148386839453
2025-02-03 16:00:00,10003.0,10028.03269532954
2025-02-03 17:00:00,10745.0,10718.52034740695
2025-02-03 18:00:00,11348.0,11440.083050699099
2025-02-03 18:30:00,10967.0,10998.577361786143
2025-02-03 19:00:00,10960.0,10944.501706416413
2025-02-03 20:00:00,10675.0,10656.887232117933
2025-02-03 21:00:00,10321.0,10333.280647293803
2025-02-03 22:00:00,9741.0,9748.29697029171
2025-02-03 23:00:00,9359.0,9346.74190246905
2025-02-04 00:00:00,8746.0,8750.832880351221
2025-02-04 01:00:00,8259.0,8260.130963559739
2025-02-04 02:00:00,7948.0,7936.3839570597975
2025-02-04 03:00:00,7794.0,7804.326283815843
2025-02-04 04:00:00,7713.0,7721.093983353753
2025-02-04 05:00:00,8096.0,8115.151442427698
2025-02-04 06:00:00,9016.0,9046.782165421875
2025-02-04 07:00:00,9847.0,9897.040093023435
2025-02-04 08:00:00,10394.0,10390.079023312033
2025-02-04 09:00:00,10118.0,10182.729627886183
2025-02-04 10:00:00,10183.0,10245.758467801124
2025-02-04 11:00:00,10869.0,10845.163411374057
2025-02-04 12:00:00,10990.0,10982.611125878586
2025-02-04 13:00:00,10492.0,10537.870594731297
2025-02-04 14:00:00,10223.0,10270.560531019553
2025-02-04 15:00:00,10042.0,10064.845412734998
2025-02-04 16:00:00,9967.0,9979.035576987098
2025-02-04 17:00:00,10683.0,10669.726274005756
2025-02-04 18:00:00,11442.0,11517.477245488137
2025-02-04 18:30:00,11158.0,11190.549055016761
2025-02-04 19:00:00,10917.0,10933.429493361511
2025-02-04 20:00:00,10706.0,10722.433715687865
2025-02-04 21:00:00,10441.0,10470.750413518886
2025-02-04 22:00:00,9954.0,9943.200819357402
2025-02-04 23:00:00,9416.0,9434.765200124715
2025-02-05 00:00:00,8959.0,8950.762480552812
2025-02-05 01:00:00,8407.0,8412.295496234707
2025-02-05 02:00:00,8088.0,8064.877367249647
2025-02-05 03:00:00,7874.0,7887.753890137951
2025-02-05 04:00:00,7781.0,7793.806376526999
2025-02-05 05:00:00,8065.0,8097.9897535082855
2025-02-05 06:00:00,9058.0,9122.861570693554
2025-02-05 07:00:00,9528.0,9556.827892458588
2025-02-05 08:00:00,10355.0,10408.024901609224
2025-02-05 09:00:00,10417.0,10429.690839115667
2025-02-05 10:00:00,10552.0,10561.548761619344
2025-02-05 11:00:00,10973.0,10958.343134252704
2025-02-05 12:00:00,11321.0,11352.211873415905
2025-02-05 13:00:00,10789.0,10807.270254550436
2025-02-05 14:00:00,10509.0,10508.306213736818
2025-02-05 15:00:00,9993.0,9979.470164638638
2025-02-05 16:00:00,10092.0,10132.523895425385
2025-02-05 17:00:00,11001.0,11011.37600015405
2025-02-05 18:00:00,11541.0,11586.672119433502
2025-02-05 18:30:00,11405.0,11432.52692397199
2025-02-05 19:00:00,11268.0,11299.046468748755
2025-02-05 20:00:00,10874.0,10895.902689916476
2025-02-05 21:00:00,10456.0,10487.305023694274
2025-02-05 22:00:00,9827.0,9890.82263331321
2025-02-05 23:00:00,9257.0,9300.282582841104
2025-02-06 00:00:00,8813.0,8788.80763624342
2025-02-06 01:00:00,8282.0,8288.597179002467
2025-02-06 02:00:00,8231.0,8210.800404682177
2025-02-06 03:00:00,7985.0,7992.477371777902
2025-02-06 04:00:00,7825.0,7831.356927633516
2025-02-06 05:00:00,8258.0,8269.289935046922
2025-02-06 06:00:00,9163.0,9179.77764115967
2025-02-06 07:00:00,9535.0,9527.093243359268
2025-02-06 08:00:00,10532.0,10591.965013221552
2025-02-06 09:00:00,10468.0,10490.119172498442
2025-02-06 10:00:00,10708.0,10790.57149228833
2025-02-06 11:00:00,11217.0,11212.914709569182
2025-02-06 12:00:00,11382.0,11386.07637364117
2025-02-06 13:00:00,10911.0,10913.968179665413
2025-02-06 14:00:00,10671.0,10706.48637063378
2025-02-06 15:00:00,10159.0,10196.035556198261
2025-02-06 16:00:00,10134.0,10138.62031318683
2025-02-06 17:00:00,10915.0,10852.102750309283
2025-02-06 18:00:00,11542.0,11588.719053943065
2025-02-06 18:30:00,11480.0,11528.460515450553
2025-02-06 19:00:00,11257.0,11290.92533797614
2025-02-06 20:00:00,10866.0,10894.566808493448
2025-02-06 21:00:00,10503.0,10542.671280859091
2025-02-06 22:00:00,10067.0,10121.419786886909
2025-02-06 23:00:00,9524.0,9517.897474182824
2025-02-07 00:00:00,8848.0,8863.6982189435
2025-02-07 01:00:00,8455.0,8462.249203029067
2025-02-07 02:00:00,8160.0,8152.3673716181465
2025-02-07 03:00:00,7926.0,7961.839126613445
2025-02-07 04:00:00,7877.0,7900.441825524119
2025-02-07 05:00:00,8103.0,8135.596330581087
2025-02-07 06:00:00,8410.0,8434.79863215165
2025-02-07 07:00:00,9139.0,9165.400590606296
2025-02-07 08:00:00,9329.0,9367.498414865584
2025-02-07 09:00:00,9217.0,9271.638826567361
2025-02-07 10:00:00,9350.0,9366.130197409504
2025-02-07 11:00:00,9808.0,9818.592151920755
2025-02-07 12:00:00,10313.0,10347.636741656235
2025-02-07 13:00:00,8834.0,8792.601230609367
2025-02-07 14:00:00,8359.0,8423.78175218297
2025-02-07 15:00:00,8126.0,8141.942221296375
2025-02-07 16:00:00,8192.0,8194.099734284124
2025-02-07 17:00:00,8785.0,8746.818256701154
2025-02-07 18:00:00,9879.0,9929.514348736164
2025-02-07 18:30:00,9826.0,9854.289633416178
2025-02-07 19:00:00,9779.0,9778.966896130822
2025-02-07 20:00:00,9705.0,9741.489255116881
2025-02-07 21:00:00,9384.0,9414.540441563207
2025-02-07 22:00:00,8853.0,8853.24659171067
2025-02-07 23:00:00,8578.0,8604.167988976893
2025-02-08 00:00:00,7999.0,7983.719022786028
2025-02-08 01:00:00,7546.0,7541.242330990507
2025-02-08 02:00:00,7253.0,7263.884498555835
2025-02-08 03:00:00,7018.0,7030.336600381109
2025-02-08 04:00:00,6901.0,6867.2581732580975
2025-02-08 05:00:00,7281.0,7258.610783794283
2025-02-08 06:00:00,8282.0,8262.305189538954
2025-02-08 07:00:00,9006.0,8994.653296375804
2025-02-08 08:00:00,9305.0,9348.772044133932
2025-02-08 09:00:00,9600.0,9614.976043048731
2025-02-08 10:00:00,9793.0,9843.23098595838
2025-02-08 11:00:00,10091.0,10173.481149329606
2025-02-08 12:00:00,10493.0,10528.094408427307
2025-02-08 13:00:00,10048.0,10079.557471092621
2025-02-08 14:00:00,9718.0,9760.687939579313
2025-02-08 15:00:00,9518.0,9547.108944610221
2025-02-08 16:00:00,9483.0,9493.81918021447
2025-02-08 17:00:00,10369.0,10372.8900852729
2025-02-08 18:00:00,11202.0,11195.105832810472
2025-02-08 18:30:00,11033.0,11097.997942464925
2025-02-08 19:00:00,10820.0,10816.023921611775
2025-02-08 20:00:00,10725.0,10766.003195710482
2025-02-08 21:00:00,10145.0,10150.131421653148
2025-02-08 22:00:00,9649.0,9670.569111076926
2025-02-08 23:00:00,9125.0,9117.684292924394
2025-02-09 00:00:00,8495.0,8480.522390880766
2025-02-09 01:00:00,8179.0,8184.647074857844
2025-02-09 02:00:00,7768.0,7778.609673846784
2025-02-09 03:00:00,7502.0,7501.733559354227
2025-02-09 04:00:00,7519.0,7521.686743275648
2025-02-09 05:00:00,7901.0,7874.271289769897
2025-02-09 06:00:00,8900.0,8966.14936666576
2025-02-09 07:00:00,9847.0,9848.267931837063
2025-02-09 08:00:00,10290.0,10385.438220887017
2025-02-09 09:00:00,10238.0,10317.383265647355
2025-02-09 10:00:00,10340.0,10365.248821981415
2025-02-09 11:00:00,10740.0,10766.689148045427
2025-02-09 12:00:00,11016.0,11090.166348106015
2025-02-09 13:00:00,10593.0,10644.639643824103
2025-02-09 14:00:00,10106.0,10132.706647753732
2025-02-09 15:00:00,9748.0,9796.531607378887
2025-02-09 16:00:00,9763.0,9775.1272209268
2025-02-09 17:00:00,10545.0,10524.233581280463
2025-02-09 18:00:00,11280.0,11293.863668392043
2025-02-09 18:30:00,11024.0,11086.923764348287
2025-02-09 19:00:00,10919.0,10919.452303492006
2025-02-09 20:00:00,10658.0,10694.605940725949
2025-02-09 21:00:00,10279.0,10318.116243815466
2025-02-09 22:00:00,9653.0,9674.829984499926
2025-02-09 23:00:00,9237.0,9269.100340554427
2025-02-10 00:00:00,8502.0,8525.403508273414
2025-02-10 01:00:00,8180.0,8194.431065297505
2025-02-10 02:00:00,7906.0,7914.394370012983
2025-02-10 03:00:00,7755.0,7777.6693666856745
2025-02-10 04:00:00,7537.0,7552.359078268556
2025-02-10 05:00:00,7989.0,7982.845786847911
2025-02-10 06:00:00,8947.0,9034.408969070028
2025-02-10 07:00:00,9798.0,9816.385100188098
2025-02-10 08:00:00,10313.0,10379.922584889673
2025-02-10 09:00:00,10232.0,10284.08172480651
2025-02-10 10:00:00,10289.0,10338.596862258895
2025-02-10 11:00:00,10736.0,10761.977552557453
2025-02-10 12:00:00,11013.0,11033.9277746815
2025-02-10 13:00:00,10727.0,10765.410670983796
2025-02-10 14:00:00,10354.0,10371.16145057677
2025-02-10 15:00:00,10005.0,10015.759323999328
2025-02-10 16:00:00,9982.0,10000.48598758725
2025-02-10 17:00:00,10751.0,10700.345424536079
2025-02-10 18:00:00,11376.0,11412.715260593615
2025-02-10 18:30:00,11086.0,11100.961233256376
2025-02-10 19:00:00,10858.0,10906.63921370683
2025-02-10 20:00:00,10716.0,10748.577726932133
2025-02-10 21:00:00,10382.0,10411.924272264345
2025-02-10 22:00:00,9733.0,9732.207215100327
2025-02-10 23:00:00,9399.0,9392.579483147627
2025-02-11 00:00:00,8755.0,8743.332727711047
2025-02-11 01:00:00,8263.0,8272.468229363058
2025-02-11 02:00:00,7875.0,7880.719387881491
2025-02-11 03:00:00,7724.0,7721.26410645226
2025-02-11 04:00:00,7719.0,7736.61035168694
2025-02-11 05:00:00,8072.0,8097.391038085138
2025-02-11 06:00:00,9003.0,9068.74780283457
2025-02-11 07:00:00,9928.0,9963.472033945942
2025-02-11 08:00:00,10185.0,10242.601291607549
2025-02-11 09:00:00,10308.0,10344.262145418787
2025-02-11 10:00:00,10512.0,10529.071499206397
2025-02-11 11:00:00,10973.0,11003.091560555733
2025-02-11 12:00:00,11281.0,11322.443815038367
2025-02-11 13:00:00,10898.0,10925.55698238479
2025-02-11 14:00:00,10383.0,10484.411534922652
2025-02-11 15:00:00,10133.0,10186.329086840586
2025-02-11 16:00:00,10094.0,10108.32866936868
2025-02-11 17:00:00,10761.0,10755.965640362405
2025-02-11 18:00:00,11535.0,11585.759858235748
2025-02-11 18:30:00,11181.0,11243.604102356854
2025-02-11 19:00:00,11073.0,11129.16515324779
2025-02-11 20:00:00,10889.0,10896.785930804894
2025-02-11 21:00:00,10442.0,10440.763557869717
2025-02-11 22:00:00,9876.0,9852.03923580375
2025-02-11 23:00:00,9392.0,9407.256081375304
2025-02-12 00:00:00,8823.0,8794.567351444759
2025-02-12 01:00:00,8221.0,8228.64088890799
2025-02-12 02:00:00,7978.0,7994.813723746964
2025-02-12 03:00:00,7827.0,7830.603059311483
2025-02-12 04:00:00,7813.0,7827.579809378377
2025-02-12 05:00:00,8031.0,8034.295080508124
2025-02-12 06:00:00,9044.0,9121.174981806016
2025-02-12 07:00:00,9945.0,9956.380933135599
2025-02-12 08:00:00,10468.0,10492.500262551765
2025-02-12 09:00:00,10240.0,10331.882527883557
2025-02-12 10:00:00,10563.0,10557.103050499607
2025-02-12 11:00:00,10947.0,10936.985654902788
2025-02-12 12:00:00,11347.0,11355.066479767791
2025-02-12 13:00:00,10888.0,10921.535951929809
2025-02-12 14:00:00,10752.0,10756.011505326585
2025-02-12 15:00:00,10347.0,10399.206173090453
2025-02-12 16:00:00,10219.0,10218.377518941812
2025-02-12 17:00:00,11070.0,11068.531101684235
2025-02-12 18:00:00,11807.0,11825.011030150763
2025-02-12 18:30:00,11562.0,11614.548497002894
2025-02-12 19:00:00,11412.0,11408.923694887038
2025-02-12 20:00:00,11253.0,11247.192532547273
2025-02-12 21:00:00,10701.0,10721.043903704167
2025-02-12 22:00:00,10281.0,10299.24717160538
2025-02-12 23:00:00,9665.0,9673.91820341139
2025-02-13 00:00:00,9087.0,9115.43159659851
2025-02-13 01:00:00,8771.0,8751.39579378161
2025-02-13 02:00:00,8498.0,8506.659559862628
2025-02-13 03:00:00,8242.0,8239.977317968694
2025-02-13 04:00:00,8223.0,8218.946800236978
2025-02-13 05:00:00,8520.0,8510.21386399329
2025-02-13 06:00:00,9259.0,9288.546113826644
2025-02-13 07:00:00,10023.0,10035.06711674571
2025-02-13 08:00:00,10616.0,10630.1028467403
2025-02-13 09:00:00,10741.0,10771.576866460553
2025-02-13 10:00:00,10972.0,11012.322937764724
2025-02-13 11:00:00,11391.0,11402.659199914064
2025-02-13 12:00:00,11614.0,11679.345990492364
2025-02-13 13:00:00,11265.0,11279.228818850312
2025-02-13 14:00:00,10910.0,10931.229082243339
2025-02-13 15:00:00,10650.0,10711.748187614136
2025-02-13 16:00:00,10584.0,10649.542556362756
2025-02-13 17:00:00,11245.0,11267.803889634
2025-02-13 18:00:00,11942.0,11983.346882155298
2025-02-13 18:30:00,11539.0,11612.169522173035
2025-02-13 19:00:00,11399.0,11419.795643310166
2025-02-13 20:00:00,11257.0,11285.355115865726
2025-02-13 21:00:00,10867.0,10889.860645527559
2025-02-13 22:00:00,10489.0,10497.646588226606
2025-02-13 23:00:00,9994.0,9998.203572585868
2025-02-14 00:00:00,9254.0,9287.776260633662
2025-02-14 01:00:00,8797.0,8777.2366302784
2025-02-14 02:00:00,8685.0,8702.227007008523
2025-02-14 03:00:00,8529.0,8533.10466260791
2025-02-14 04:00:00,8391.0,8378.492081505408
2025-02-14 05:00:00,8246.0,8223.108698188073
2025-02-14 06:00:00,8710.0,8701.088117941395
2025-02-14 07:00:00,9330.0,9376.001585406817
2025-02-14 08:00:00,9381.0,9402.692998216624
2025-02-14 09:00:00,9290.0,9275.370136228892
2025-02-14 10:00:00,9511.0,9522.559768089883
2025-02-14 11:00:00,10172.0,10198.52676413421
2025-02-14 12:00:00,10559.0,10545.847031811143
2025-02-14 13:00:00,9145.0,9148.1072429327
2025-02-14 14:00:00,8786.0,8770.2143023095
2025-02-14 15:00:00,8676.0,8687.479732170399
2025-02-14 16:00:00,8698.0,8712.725703577395
2025-02-14 17:00:00,9150.0,9160.848463549399
2025-02-14 18:00:00,9865.0,9851.4172723114
2025-02-14 18:30:00,9666.0,9712.896294762757
2025-02-14 19:00:00,9569.0,9612.115971226656
2025-02-14 20:00:00,9217.0,9215.262556296277
2025-02-14 21:00:00,8919.0,8901.08880745185
2025-02-14 22:00:00,8574.0,8586.690214667293
2025-02-14 23:00:00,8145.0,8153.4566602551795
2025-02-15 00:00:00,7532.0,7555.026498534802
2025-02-15 01:00:00,7148.0,7128.8462539175625
2025-02-15 02:00:00,6988.0,6995.902935582438
2025-02-15 03:00:00,6952.0,6943.621043706387
2025-02-15 04:00:00,6920.0,6908.0401332900055
2025-02-15 05:00:00,6935.0,6933.630319329155
2025-02-15 06:00:00,7278.0,7260.685001302972
2025-02-15 07:00:00,8107.0,8104.191219065914
2025-02-15 08:00:00,8292.0,8277.538270095756
2025-02-15 09:00:00,8235.0,8217.723113904238
2025-02-15 10:00:00,8547.0,8538.452171791534
2025-02-15 11:00:00,9054.0,9042.405900743908
2025-02-15 12:00:00,9611.0,9617.080297718869
2025-02-15 13:00:00,9573.0,9563.751327028975
2025-02-15 14:00:00,8986.0,8965.219377274547
2025-02-15 15:00:00,8592.0,8560.523449142578
2025-02-15 16:00:00,8748.0,8778.186231557193
2025-02-15 17:00:00,9780.0,9824.214656637152
2025-02-15 18:00:00,10317.0,10264.926755554468
2025-02-15 18:30:00,10170.0,10138.085313611016
2025-02-15 19:00:00,10077.0,10057.728266758764
2025-02-15 20:00:00,10074.0,10053.702422618691
2025-02-15 21:00:00,9730.0,9720.674701200718
2025-02-15 22:00:00,9287.0,9285.567569868124
2025-02-15 23:00:00,8759.0,8739.594419632425
2025-02-16 00:00:00,8315.0,8336.916740618528
2025-02-16 01:00:00,7998.0,7984.972152332005
2025-02-16 02:00:00,7695.0,7691.739795155395
2025-02-16 03:00:00,7514.0,7531.166839661602
2025-02-16 04:00:00,7474.0,7478.638356239217
2025-02-16 05:00:00,7914.0,7919.960043828066
2025-02-16 06:00:00,8940.0,9000.490363252706
2025-02-16 07:00:00,9728.0,9683.707278579472
2025-02-16 08:00:00,10304.0,10291.325169788108
2025-02-16 09:00:00,10274.0,10264.995063593655
2025-02-16 10:00:00,10295.0,10310.07636914426
2025-02-16 11:00:00,10816.0,10841.809211415537
2025-02-16 12:00:00,11247.0,11285.767609366932
2025-02-16 13:00:00,10716.0,10772.028698458857
2025-02-16 14:00:00,10620.0,10611.137991366195
2025-02-16 15:00:00,10397.0,10397.845993787072
2025-02-16 16:00:00,10257.0,10228.156195431633
2025-02-16 17:00:00,10764.0,10718.405654120448
2025-02-16 18:00:00,11739.0,11817.282362632586
2025-02-16 18:30:00,11279.0,11340.89337720432
2025-02-16 19:00:00,11190.0,11165.968119544692
2025-02-16 20:00:00,11046.0,11051.225795962882
2025-02-16 21:00:00,10556.0,10539.067861484005
2025-02-16 22:00:00,10076.0,10065.064090721293
2025-02-16 23:00:00,9527.0,9513.653805561595
2025-02-17 00:00:00,9029.0,9027.567421214524
2025-02-17 01:00:00,8529.0,8510.18318350888
2025-02-17 02:00:00,8352.0,8346.915488315191
2025-02-17 03:00:00,8101.0,8086.78084094736
2025-02-17 04:00:00,8061.0,8071.331454883187
2025-02-17 05:00:00,8509.0,8502.988685160053
2025-02-17 06:00:00,9539.0,9616.336716606867
2025-02-17 07:00:00,10553.0,10619.544157205351
2025-02-17 08:00:00,10703.0,10732.771689674733
2025-02-17 09:00:00,10725.0,10724.514259125703
2025-02-17 10:00:00,10787.0,10781.3289211444
2025-02-17 11:00:00,11329.0,11363.264501152593
2025-02-17 12:00:00,11316.0,11326.535923205693
2025-02-17 13:00:00,11198.0,11206.88470525152
2025-02-17 14:00:00,11030.0,11048.332547635036
2025-02-17 15:00:00,10744.0,10750.027712923364
2025-02-17 16:00:00,10727.0,10696.376242955133
2025-02-17 17:00:00,11094.0,11110.684350701857
2025-02-17 18:00:00,12063.0,12172.340900759142
2025-02-17 18:30:00,11855.0,11869.284555563541
2025-02-17 19:00:00,11767.0,11822.151018214252
2025-02-17 20:00:00,11465.0,11510.237685548916
2025-02-17 21:00:00,10993.0,10971.76775577286
2025-02-17 22:00:00,10422.0,10397.736210509516
2025-02-17 23:00:00,9831.0,9814.649761349763
2025-02-18 00:00:00,9259.0,9275.274296527716
2025-02-18 01:00:00,8854.0,8835.968499476117
2025-02-18 02:00:00,8586.0,8590.707082213907
2025-02-18 03:00:00,8484.0,8470.567739038846
2025-02-18 04:00:00,8356.0,8346.235940623834
2025-02-18 05:00:00,8636.0,8608.443453257449
2025-02-18 06:00:00,9632.0,9711.77712257722
2025-02-18 07:00:00,10645.0,10750.943515533627
2025-02-18 08:00:00,10893.0,10917.302213923167
2025-02-18 09:00:00,10966.0,10915.433380900693
2025-02-18 10:00:00,11144.0,11147.210907290962
2025-02-18 11:00:00,11607.0,11598.391689927632
2025-02-18 12:00:00,11934.0,11938.426182848068
2025-02-18 13:00:00,11616.0,11602.000520606034
2025-02-18 14:00:00,11275.0,11256.75504771864
2025-02-18 15:00:00,10992.0,10981.58515157227
2025-02-18 16:00:00,10771.0,10758.390014473947
2025-02-18 17:00:00,11558.0,11656.001834031167
2025-02-18 18:00:00,12116.0,12141.803809262703
2025-02-18 18:30:00,12007.0,12012.496161633342
2025-02-18 19:00:00,11705.0,11715.933514189212
2025-02-18 20:00:00,11543.0,11557.06909715282
2025-02-18 21:00:00,11291.0,11315.520961667678
2025-02-18 22:00:00,10716.0,10772.684337054641
2025-02-18 23:00:00,10303.0,10300.951724441937
2025-02-19 00:00:00,9664.0,9664.148009445677
2025-02-19 01:00:00,9049.0,9068.621366471152
2025-02-19 02:00:00,8857.0,8835.81656873646
2025-02-19 03:00:00,8619.0,8616.455753344622
2025-02-19 04:00:00,8579.0,8598.170792221
2025-02-19 05:00:00,8765.0,8775.528693507156
2025-02-19 06:00:00,9906.0,9932.061713832525
2025-02-19 07:00:00,10786.0,10766.57409434846
2025-02-19 08:00:00,10806.0,10806.744146015568
2025-02-19 09:00:00,10773.0,10783.00733412311
2025-02-19 10:00:00,11052.0,11066.349923907406
2025-02-19 11:00:00,11118.0,11096.256143274017
2025-02-19 12:00:00,11578.0,11630.792216012915
2025-02-19 13:00:00,11217.0,11283.108953023591
2025-02-19 14:00:00,11027.0,11043.068477940229
2025-02-19 15:00:00,10795.0,10810.304213122845
2025-02-19 16:00:00,10752.0,10752.887581051513
2025-02-19 17:00:00,11219.0,11247.669953761244
2025-02-19 18:00:00,12249.0,12265.019897967413
2025-02-19 18:30:00,12005.0,12043.91929297131
2025-02-19 19:00:00,11856.0,11868.456952590293
2025-02-19 20:00:00,11662.0,11676.98836565854
2025-02-19 21:00:00,11120.0,11143.350758291841
2025-02-19 22:00:00,10809.0,10817.060606730398
2025-02-19 23:00:00,10185.0,10199.933893080435
2025-02-20 00:00:00,9694.0,9711.976145356093
2025-02-20 01:00:00,9105.0,9120.311667609209
2025-02-20 02:00:00,8753.0,8742.531101325414
2025-02-20 03:00:00,8533.0,8523.948724633252
2025-02-20 04:00:00,8520.0,8523.299077831245
2025-02-20 05:00:00,8844.0,8853.440795188028
2025-02-20 06:00:00,9607.0,9584.176776101805
2025-02-20 07:00:00,10584.0,10629.912306045677
2025-02-20 08:00:00,10897.0,10914.92099909385
2025-02-20 09:00:00,10950.0,10992.526734615545
2025-02-20 10:00:00,10982.0,10993.163994018068
2025-02-20 11:00:00,11508.0,11535.51635672207
2025-02-20 12:00:00,11792.0,11783.886439632588
2025-02-20 13:00:00,11385.0,11427.516991102962
2025-02-20 14:00:00,11088.0,11132.049515182955
2025-02-20 15:00:00,10969.0,11017.87985019017
2025-02-20 16:00:00,10793.0,10820.70064099728
2025-02-20 17:00:00,11404.0,11428.414391191805
2025-02-20 18:00:00,12219.0,12251.824318581448
2025-02-20 18:30:00,11845.0,11871.129859079
2025-02-20 19:00:00,11652.0,11715.623572941777
2025-02-20 20:00:00,11475.0,11466.186055937764
2025-02-20 21:00:00,11069.0,11081.715547162281
2025-02-20 23:00:00,10142.0,10112.240565557599
2025-02-21 00:00:00,9727.0,9734.605056189415
2025-02-21 01:00:00,9317.0,9317.973712256417
2025-02-21 02:00:00,8989.0,8990.754814632393
2025-02-21 03:00:00,8641.0,8622.017712224257
2025-02-21 04:00:00,8634.0,8651.564015853271
2025-02-21 05:00:00,8684.0,8719.99146363591
2025-02-21 06:00:00,9090.0,9153.85367302617
2025-02-21 07:00:00,9482.0,9522.198395856669
2025-02-21 08:00:00,9555.0,9597.047217792659
2025-02-21 09:00:00,9498.0,9533.737856953992
2025-02-21 10:00:00,9729.0,9768.424355997919
2025-02-21 11:00:00,10191.0,10202.993065862107
2025-02-21 12:00:00,10645.0,10609.937973919477
2025-02-21 13:00:00,9565.0,9630.662535038366
2025-02-21 14:00:00,9055.0,9039.159777811783
2025-02-21 15:00:00,8857.0,8851.975572438274
2025-02-21 16:00:00,8781.0,8782.634719297514
2025-02-21 17:00:00,9429.0,9437.549019963859
2025-02-21 18:00:00,10578.0,10624.386720472832
2025-02-21 18:30:00,10445.0,10466.692729789045
2025-02-21 19:00:00,10423.0,10360.891495367407
2025-02-21 20:00:00,10422.0,10366.025390442499
2025-02-21 21:00:00,10207.0,10186.607602748734
2025-02-21 22:00:00,9808.0,9807.386199488867
2025-02-21 22:00:00,10629.0,10564.142108797425
2025-02-21 23:00:00,9586.0,9592.37627011951
2025-02-22 00:00:00,9065.0,9049.774368342536
2025-02-22 01:00:00,8574.0,8591.693783759223
2025-02-22 02:00:00,8278.0,8268.269114178322
2025-02-22 03:00:00,8083.0,8061.750887688529
2025-02-22 04:00:00,8120.0,8092.9520141670255
2025-02-22 05:00:00,8344.0,8318.140511603362
2025-02-22 06:00:00,9153.0,9106.875242372034
2025-02-22 07:00:00,9749.0,9754.926596338733
2025-02-22 08:00:00,9599.0,9595.419993963813
2025-02-22 09:00:00,9445.0,9492.297610933523
2025-02-22 10:00:00,9899.0,9994.756347959594
2025-02-22 11:00:00,10511.0,10559.922377853645
2025-02-22 12:00:00,11001.0,11048.384730478361
2025-02-22 13:00:00,10551.0,10540.386259758894
2025-02-22 14:00:00,10291.0,10305.969183539008
2025-02-22 15:00:00,10002.0,10016.269891249773
2025-02-22 16:00:00,9838.0,9833.074108371384
2025-02-22 17:00:00,9983.0,10007.018902544723
2025-02-22 18:00:00,9200.0,9220.035992756579
2025-02-22 18:30:00,9269.0,9330.33962656493
2025-02-22 19:00:00,9654.0,9647.69755610013
2025-02-22 20:00:00,10297.0,10278.34769252903
2025-02-22 21:00:00,10316.0,10297.98635853605
2025-02-22 22:00:00,10071.0,10079.859503798638
2025-02-22 23:00:00,9813.0,9805.066378722266
2025-02-23 00:00:00,9353.0,9362.413612183225
2025-02-23 01:00:00,9066.0,9033.118562523465
2025-02-23 02:00:00,8731.0,8737.163201406416
2025-02-23 03:00:00,8503.0,8507.131621576716
2025-02-23 04:00:00,8391.0,8403.428266446565
2025-02-23 05:00:00,8682.0,8653.8281641923
2025-02-23 06:00:00,9712.0,9805.070969849063
2025-02-23 07:00:00,10309.0,10328.685622036899
2025-02-23 08:00:00,10226.0,10250.473476062558
2025-02-23 09:00:00,10058.0,10078.898271720862
2025-02-23 10:00:00,9888.0,9924.678670085805
2025-02-23 11:00:00,10226.0,10252.080659264042
2025-02-23 12:00:00,10665.0,10630.23141995113
2025-02-23 13:00:00,9963.0,10004.348305702384
2025-02-23 14:00:00,10251.0,10311.832585591228
2025-02-23 15:00:00,10263.0,10273.374508353607
2025-02-23 16:00:00,10303.0,10350.622092334701
2025-02-23 17:00:00,10945.0,10906.791582899501
2025-02-23 18:00:00,11841.0,11888.373570813852
2025-02-23 18:30:00,11754.0,11791.07753135365
2025-02-23 19:00:00,11599.0,11601.48953187033
2025-02-23 20:00:00,11307.0,11266.044633207046
2025-02-23 21:00:00,11010.0,11040.86724115954
2025-02-23 22:00:00,10361.0,10380.891609278846
2025-02-23 23:00:00,9990.0,9974.191818603575
2025-02-24 00:00:00,9394.0,9399.394883494306
2025-02-24 01:00:00,8821.0,8791.561853203171
2025-02-24 02:00:00,8609.0,8610.179501509108
2025-02-24 03:00:00,8405.0,8409.868301278984
2025-02-24 04:00:00,8336.0,8327.00747483037
2025-02-24 05:00:00,8623.0,8602.195718589624
2025-02-24 06:00:00,9576.0,9642.052657157159
2025-02-24 07:00:00,10257.0,10327.157061329886
2025-02-24 08:00:00,10626.0,10612.446107973372
2025-02-24 09:00:00,10544.0,10599.49103677464
2025-02-24 10:00:00,10815.0,10879.59316759011
2025-02-24 11:00:00,11343.0,11386.034726801327
2025-02-24 12:00:00,11486.0,11487.353420076037
2025-02-24 13:00:00,11341.0,11357.286307740671
2025-02-24 14:00:00,11063.0,11018.891327674495
2025-02-24 15:00:00,10816.0,10775.357913810529
2025-02-24 16:00:00,10708.0,10705.340278583348
2025-02-24 17:00:00,11164.0,11074.547808632164
2025-02-24 18:00:00,12073.0,12028.441460349695
2025-02-24 18:30:00,11907.0,11851.494662962516
2025-02-24 19:00:00,11762.0,11727.559466390041
2025-02-24 20:00:00,11408.0,11419.93977298648
2025-02-24 21:00:00,11041.0,11090.933582063228
2025-02-24 22:00:00,10629.0,10639.253746263556
2025-02-24 23:00:00,10112.0,10133.114509936593
2025-02-25 00:00:00,9542.0,9583.088973826156
2025-02-25 01:00:00,9128.0,9135.774321661995
2025-02-25 02:00:00,8831.0,8822.093777082846
2025-02-25 03:00:00,8626.0,8637.807172289893
2025-02-25 04:00:00,8489.0,8494.75371623791
2025-02-25 05:00:00,8938.0,8953.966941686449
2025-02-25 06:00:00,9867.0,9909.458631109339
2025-02-25 07:00:00,10320.0,10349.304451752423
2025-02-25 08:00:00,10735.0,10762.644130834893
2025-02-25 09:00:00,10654.0,10652.48046268194
2025-02-25 10:00:00,10836.0,10828.52246315069
2025-02-25 11:00:00,11270.0,11194.482274087397
2025-02-25 12:00:00,11604.0,11522.036771948407
2025-02-25 13:00:00,11338.0,11366.65506533798
2025-02-25 14:00:00,11341.0,11341.389828924195
2025-02-25 15:00:00,11017.0,11057.723662137487
2025-02-25 16:00:00,11028.0,11019.686780947286
2025-02-25 17:00:00,11680.0,11707.128392050088
2025-02-25 18:00:00,12658.0,12579.082517284427
2025-02-25 18:30:00,12328.0,12347.532017052328
2025-02-25 19:00:00,12187.0,12141.714026675283
2025-02-25 20:00:00,11822.0,11821.79426706704
2025-02-25 21:00:00,11250.0,11284.765689186808
2025-02-25 22:00:00,10752.0,10790.584326221393
2025-02-25 23:00:00,10378.0,10423.85193514773
2025-02-26 00:00:00,9772.0,9755.136868043488
2025-02-26 01:00:00,9316.0,9314.244311722385
2025-02-26 02:00:00,8859.0,8858.270626806701
2025-02-26 03:00:00,8729.0,8720.360052979517
2025-02-26 04:00:00,8547.0,8575.474167124185
2025-02-26 05:00:00,8832.0,8850.172155611828
2025-02-26 06:00:00,9746.0,9766.404367979098
2025-02-26 07:00:00,10449.0,10469.412505593666
2025-02-26 08:00:00,10763.0,10745.082337917358
2025-02-26 09:00:00,10742.0,10772.493731420138
2025-02-26 10:00:00,11051.0,11052.228158841557
2025-02-26 11:00:00,11427.0,11393.432716978039
2025-02-26 12:00:00,11812.0,11772.458695855341
2025-02-26 13:00:00,11528.0,11565.91462863619
2025-02-26 14:00:00,11295.0,11282.77078120812
2025-02-26 15:00:00,10924.0,10934.941210180787
2025-02-26 16:00:00,10952.0,10899.542457145895
2025-02-26 17:00:00,11468.0,11472.6662092317
2025-02-26 18:00:00,12341.0,12408.483693406808
2025-02-26 18:30:00,12276.0,12305.932369845377
2025-02-26 19:00:00,12089.0,12118.647095178492
2025-02-26 20:00:00,11916.0,11917.064701612602
2025-02-26 21:00:00,11499.0,11524.94555942518
2025-02-26 22:00:00,10804.0,10812.136315329908
2025-02-26 23:00:00,10213.0,10211.123585017507
2025-02-27 00:00:00,9614.0,9622.02205407442
2025-02-27 01:00:00,9235.0,9251.067784203637
2025-02-27 02:00:00,8807.0,8785.814700621837
2025-02-27 03:00:00,8544.0,8560.645171725591
2025-02-27 04:00:00,8431.0,8456.855002874841
2025-02-27 05:00:00,8969.0,8932.705931755803
2025-02-27 06:00:00,9978.0,10027.166319710721
2025-02-27 07:00:00,10520.0,10513.372622972536
2025-02-27 08:00:00,10744.0,10793.733200333243
2025-02-27 09:00:00,10765.0,10789.557092714162
2025-02-27 10:00:00,10883.0,10907.745570168758
2025-02-27 11:00:00,11481.0,11472.406286336554
2025-02-27 12:00:00,11670.0,11704.996317025816
2025-02-27 13:00:00,11307.0,11336.548958259023
2025-02-27 14:00:00,11292.0,11302.928748446655
2025-02-27 15:00:00,10977.0,11012.270779631244
2025-02-27 16:00:00,10691.0,10686.115284003185
2025-02-27 17:00:00,11566.0,11565.358103086764
2025-02-27 18:00:00,12335.0,12414.85391032562
2025-02-27 18:30:00,12019.0,12014.083845563462
2025-02-27 19:00:00,11799.0,11793.260358264852
2025-02-27 20:00:00,11603.0,11623.392311265514
2025-02-27 21:00:00,11235.0,11281.670175041138
2025-02-27 22:00:00,10916.0,10935.084867667993
2025-02-27 23:00:00,10301.0,10350.922760913625
2025-02-28 00:00:00,9784.0,9791.494332809028
2025-02-28 01:00:00,9352.0,9376.355065078811
2025-02-28 02:00:00,9028.0,9016.688833663833
2025-02-28 03:00:00,8758.0,8768.658032512445
2025-02-28 04:00:00,8654.0,8684.766915565853
2025-02-28 05:00:00,8926.0,8945.93795680149
2025-02-28 06:00:00,9443.0,9489.660875741307
2025-02-28 07:00:00,9840.0,9878.692536868462
2025-02-28 08:00:00,9860.0,9850.862035086142
2025-02-28 09:00:00,9988.0,10087.873417275403
2025-02-28 10:00:00,10213.0,10264.640057993682
2025-02-28 11:00:00,10817.0,10785.110767211363
2025-02-28 12:00:00,11397.0,11418.641757103283
2025-02-28 13:00:00,10181.0,10261.26847101226
2025-02-28 14:00:00,9995.0,10039.696619821605
2025-02-28 15:00:00,9837.0,9855.00984732524
2025-02-28 16:00:00,9624.0,9661.987686802242
2025-02-28 17:00:00,10301.0,10322.00408735699
2025-02-28 18:00:00,11280.0,11313.22885597952
2025-02-28 18:30:00,11207.0,11250.618458469782
2025-02-28 19:00:00,11103.0,11129.845890610559
2025-02-28 20:00:00,11035.0,11043.23480133467
2025-02-28 21:00:00,10794.0,10802.993103373043
2025-02-28 22:00:00,10299.0,10310.775482465431
2025-02-28 23:00:00,9898.0,9884.258664332872
2025-03-01 00:00:00,9469.0,9456.36375965553
2025-03-01 01:00:00,9053.0,9038.562658611956
2025-03-01 02:00:00,8878.0,8856.216926261051
2025-03-01 03:00:00,8547.0,8558.658651574106
2025-03-01 04:00:00,8392.0,8392.544693807635
2025-03-01 05:00:00,8839.0,8818.77844275896
2025-03-01 06:00:00,9825.0,9852.277154126792
2025-03-01 07:00:00,10405.0,10370.873372223261
2025-03-01 08:00:00,10348.0,10336.218339688052
2025-03-01 09:00:00,10337.0,10338.234121810601
2025-03-01 10:00:00,10634.0,10656.443702364159
2025-03-01 11:00:00,11341.0,11323.056234859745
2025-03-01 12:00:00,12025.0,11930.786072224391
2025-03-01 13:00:00,11913.0,11870.881739478196
2025-03-01 14:00:00,11929.0,11896.14912241514
2025-03-01 15:00:00,11726.0,11739.46133355015
2025-03-01 16:00:00,11482.0,11438.360501100324
2025-03-01 17:00:00,12056.0,11990.012494729712
2025-03-01 18:00:00,13454.0,13076.564443854944
2025-03-01 18:30:00,13258.0,13170.268455441248
2025-03-01 19:00:00,13062.0,12967.142328098898
2025-03-01 20:00:00,12744.0,12647.3209653556
2025-03-01 21:00:00,12649.0,12537.622825892808
2025-03-01 22:00:00,12098.0,12031.372585101537
2025-03-01 23:00:00,11457.0,11421.332010573831
2025-03-02 00:00:00,10769.0,10777.02086334046
2025-03-02 01:00:00,10495.0,10518.71967020213
2025-03-02 02:00:00,10897.0,10927.474069246304
2025-03-02 03:00:00,10919.0,10907.949906712774
2025-03-02 04:00:00,10070.0,10060.283055428941
2025-03-02 05:00:00,9388.0,9415.858655112239
2025-03-02 06:00:00,9370.0,9359.85924878037
2025-03-02 07:00:00,9978.0,9986.922952283974
2025-03-02 08:00:00,10736.0,10733.787993753233
2025-03-02 09:00:00,11250.0,11265.744824198828
2025-03-02 10:00:00,11894.0,11864.725131043395
2025-03-02 11:00:00,12459.0,12399.479095350618
2025-03-02 12:00:00,12617.0,12529.812647033115
2025-03-02 13:00:00,12529.0,12456.342524884969
2025-03-02 14:00:00,12249.0,12132.746719648501
2025-03-02 15:00:00,12251.0,12186.375028031216
2025-03-02 16:00:00,12250.0,12196.966376521317
2025-03-02 17:00:00,12139.0,12121.949773631004
2025-03-02 18:00:00,12827.0,12795.489856581997
2025-03-02 18:30:00,12527.0,12496.898987952814
2025-03-02 19:00:00,12754.0,12671.104475823553
2025-03-02 20:00:00,12670.0,12713.25942868895
2025-03-02 21:00:00,12569.0,12563.53119062422
2025-03-02 22:00:00,11910.0,11856.709843877592
2025-03-02 23:00:00,11292.0,11312.051505547295
2025-03-03 00:00:00,11023.0,11053.260236340853
2025-03-03 01:00:00,10636.0,10651.959051135153
2025-03-03 02:00:00,10931.0,10938.71524514487
2025-03-03 03:00:00,11314.0,11378.41049391978
2025-03-03 04:00:00,10355.0,10356.172592323974
2025-03-03 05:00:00,9611.0,9617.591788443377
2025-03-03 06:00:00,9925.0,9946.979334182943
2025-03-03 07:00:00,10380.0,10389.096280755612
2025-03-03 08:00:00,11101.0,11048.79131225444
2025-03-03 09:00:00,11750.0,11765.702166572584
2025-03-03 10:00:00,11936.0,11858.771620122363
2025-03-03 11:00:00,12349.0,12307.355768946964
2025-03-03 12:00:00,12746.0,12673.511078548863
2025-03-03 13:00:00,12521.0,12452.040115211877
2025-03-03 14:00:00,12241.0,12189.981807226395
2025-03-03 15:00:00,12149.0,12123.134965753801
2025-03-03 16:00:00,12213.0,12218.684420546564
2025-03-03 17:00:00,12191.0,12152.178915632296
2025-03-03 18:00:00,12887.0,12774.800008844675
2025-03-03 18:30:00,12667.0,12568.14261017019
2025-03-03 19:00:00,12651.0,12599.692196162254
2025-03-03 20:00:00,12533.0,12485.078728668843
2025-03-03 21:00:00,12398.0,12319.401586428681
2025-03-03 22:00:00,11964.0,11956.496858450348
2025-03-03 23:00:00,11468.0,11481.61514925423
2025-03-04 00:00:00,10965.0,10971.603943956577
2025-03-04 01:00:00,10503.0,10508.070623354004
2025-03-04 02:00:00,10704.0,10709.404855435188
2025-03-04 03:00:00,11354.0,11384.54791405162
2025-03-04 04:00:00,10163.0,10161.21169512232
2025-03-04 05:00:00,9305.0,9342.743977641141
2025-03-04 06:00:00,9568.0,9550.287968793575
2025-03-04 07:00:00,10256.0,10239.937548960128
2025-03-04 08:00:00,10992.0,10897.970715441312
2025-03-04 09:00:00,11508.0,11506.907496300526
2025-03-04 10:00:00,11746.0,11754.102817633864
2025-03-04 11:00:00,12028.0,11972.059939551133
2025-03-04 12:00:00,12418.0,12302.149800543073
2025-03-04 13:00:00,12452.0,12408.31068471252
2025-03-04 14:00:00,12371.0,12304.867623713728
2025-03-04 15:00:00,12250.0,12223.766981872635
2025-03-04 16:00:00,12336.0,12342.049530071252
2025-03-04 17:00:00,11986.0,11967.917537924177
2025-03-04 18:00:00,12565.0,12526.699053119097
2025-03-04 18:30:00,12518.0,12437.641471188717
2025-03-04 19:00:00,12360.0,12317.408065296057
2025-03-04 20:00:00,12315.0,12229.3725176824
2025-03-04 21:00:00,12146.0,12118.142725405463
2025-03-04 22:00:00,11661.0,11723.352484558864
2025-03-04 23:00:00,11138.0,11165.04736276241
2025-03-05 00:00:00,10636.0,10680.727893119132
2025-03-05 01:00:00,10297.0,10294.672735304503
2025-03-05 02:00:00,10601.0,10599.520829648354
2025-03-05 03:00:00,11059.0,11098.058202254566
2025-03-05 04:00:00,9950.0,9963.254105849186
2025-03-05 05:00:00,9171.0,9198.972290303229
2025-03-05 06:00:00,9433.0,9395.679539779141
2025-03-05 07:00:00,10064.0,10083.851788389356
2025-03-05 08:00:00,10823.0,10756.429283324622
2025-03-05 09:00:00,11236.0,11225.011807120118
2025-03-05 10:00:00,11306.0,11276.178805501926
2025-03-05 11:00:00,11689.0,11653.53704209522
2025-03-05 12:00:00,11656.0,11670.377811437329
2025-03-05 13:00:00,11776.0,11752.719610666854
2025-03-05 14:00:00,11647.0,11610.651373490384
2025-03-05 15:00:00,11900.0,11865.466432430101
2025-03-05 16:00:00,12099.0,12046.119887553716
2025-03-05 17:00:00,11737.0,11724.135962219969
2025-03-05 18:00:00,12391.0,12330.119296392342
2025-03-05 18:30:00,12434.0,12413.096190196093
2025-03-05 19:00:00,12292.0,12199.917960400317
2025-03-05 20:00:00,12299.0,12210.460716495747
2025-03-05 21:00:00,12178.0,12122.320622674248
2025-03-05 22:00:00,11625.0,11652.56120935169
2025-03-05 23:00:00,11064.0,11042.136913398477
2025-03-06 00:00:00,10549.0,10538.37359875713
2025-03-06 01:00:00,10250.0,10254.951928252696
2025-03-06 02:00:00,10448.0,10434.128464441623
2025-03-06 03:00:00,11152.0,11132.291582326401
2025-03-06 04:00:00,9916.0,10009.91502906504
2025-03-06 05:00:00,9120.0,9151.92374348054
2025-03-06 06:00:00,9376.0,9367.359539332221
2025-03-06 07:00:00,10147.0,10108.910999183467
2025-03-06 08:00:00,10810.0,10778.362758725074
2025-03-06 09:00:00,11111.0,11115.81478836243
2025-03-06 10:00:00,11298.0,11361.354713185028
2025-03-06 11:00:00,11483.0,11514.752250015492
2025-03-06 12:00:00,11884.0,11851.01159200299
2025-03-06 13:00:00,12105.0,12049.649859275338
2025-03-06 14:00:00,11885.0,11872.557605539667
2025-03-06 15:00:00,11985.0,12005.188975575615
2025-03-06 16:00:00,12054.0,12042.505880453122
2025-03-06 17:00:00,11686.0,11666.079623998998
2025-03-06 18:00:00,12245.0,12205.041454174974
2025-03-06 18:30:00,12224.0,12211.154510764085
2025-03-06 19:00:00,12168.0,12119.350481969883
2025-03-06 20:00:00,12026.0,12025.445520867292
2025-03-06 21:00:00,11894.0,11882.976382557606
2025-03-06 22:00:00,11535.0,11566.48580480543
2025-03-06 23:00:00,11038.0,11046.875444532132
2025-03-07 00:00:00,10554.0,10547.512635920259
2025-03-07 01:00:00,10117.0,10117.512111657737
2025-03-07 02:00:00,10234.0,10244.84917785384
2025-03-07 03:00:00,10934.0,10906.303937339333
2025-03-07 04:00:00,9720.0,9811.303034635832
2025-03-07 05:00:00,8860.0,8856.718810879549
2025-03-07 06:00:00,8665.0,8676.16290604929
2025-03-07 07:00:00,8897.0,8915.73950984831
2025-03-07 08:00:00,9284.0,9276.254931267098
2025-03-07 09:00:00,9716.0,9678.592935409819
2025-03-07 10:00:00,9950.0,9987.493784832131
2025-03-07 11:00:00,10514.0,10466.853893907719
2025-03-07 12:00:00,10878.0,10872.141358286628
2025-03-07 13:00:00,9741.0,9707.743094092755
2025-03-07 14:00:00,9926.0,9959.100210590088
2025-03-07 15:00:00,10136.0,10160.95586353478
2025-03-07 16:00:00,10639.0,10625.034998731433
2025-03-07 17:00:00,10696.0,10709.242145781001
2025-03-07 18:00:00,10810.0,10857.17595740215
2025-03-07 18:30:00,10970.0,10996.500239714274
2025-03-07 19:00:00,10884.0,10874.044966700798
2025-03-07 20:00:00,10968.0,10923.105790604423
2025-03-07 21:00:00,10930.0,10906.935826830088
2025-03-07 22:00:00,10509.0,10501.223788215093
2025-03-07 23:00:00,9990.0,9973.445380705358
2025-03-08 00:00:00,9424.0,9430.788294358814
2025-03-08 01:00:00,9087.0,9125.927116128514
2025-03-08 02:00:00,9397.0,9371.967089533813
2025-03-08 03:00:00,10082.0,10062.32876464504
2025-03-08 04:00:00,9083.0,9061.480686636249
2025-03-08 05:00:00,8359.0,8364.77649008927
2025-03-08 06:00:00,8540.0,8519.105890354742
2025-03-08 07:00:00,9236.0,9235.659084245464
2025-03-08 08:00:00,9959.0,9941.190860126235
2025-03-08 09:00:00,10260.0,10265.53014200936
2025-03-08 10:00:00,10743.0,10721.778566590927
2025-03-08 11:00:00,11075.0,11099.480796471125
2025-03-08 12:00:00,11463.0,11498.403219828408
2025-03-08 13:00:00,11734.0,11768.161059018998
2025-03-08 14:00:00,11677.0,11720.301770127004
2025-03-08 15:00:00,11541.0,11536.453773721672
2025-03-08 16:00:00,11886.0,11911.09060008688
2025-03-08 17:00:00,11849.0,11869.25948662425
2025-03-08 18:00:00,12293.0,12264.188838450847
2025-03-08 18:30:00,12267.0,12205.220768599695
2025-03-08 19:00:00,12280.0,12219.162700108476
2025-03-08 20:00:00,12270.0,12216.023810051025
2025-03-08 21:00:00,11735.0,11772.365548129565
2025-03-08 22:00:00,11461.0,11504.06614618789
2025-03-08 23:00:00,10963.0,10962.117176040929
2025-03-09 00:00:00,10588.0,10596.705694240625
2025-03-09 01:00:00,10162.0,10143.570096729478
2025-03-09 02:00:00,10468.0,10462.622545354729
2025-03-09 03:00:00,11129.0,11134.53270505049
2025-03-09 04:00:00,10103.0,10145.031041905499
2025-03-09 05:00:00,9195.0,9273.870369439504
2025-03-09 06:00:00,9473.0,9482.015584635878
2025-03-09 07:00:00,10097.0,10146.502011546549
2025-03-09 08:00:00,10891.0,10849.050054924033
2025-03-09 09:00:00,11449.0,11495.653094404384
2025-03-09 10:00:00,11851.0,11844.18002507186
2025-03-09 11:00:00,12219.0,12211.038096677286
2025-03-09 12:00:00,12528.0,12448.791082847616
2025-03-09 13:00:00,12659.0,12554.32715297537
2025-03-09 14:00:00,12593.0,12588.075382833185
2025-03-09 15:00:00,12441.0,12468.485885334672
2025-03-09 16:00:00,12535.0,12426.338017610795
2025-03-09 17:00:00,12099.0,12027.63517299198
2025-03-09 18:00:00,12604.0,12515.034634313932
2025-03-09 18:30:00,12763.0,12742.62987603488
2025-03-09 19:00:00,12758.0,12708.888189001265
2025-03-09 20:00:00,12738.0,12720.818645918604
2025-03-09 21:00:00,12575.0,12578.993361532086
2025-03-09 22:00:00,12141.0,12071.194846305882
2025-03-09 23:00:00,11660.0,11725.913367513722
2025-03-10 00:00:00,11057.0,11052.913832343313
2025-03-10 01:00:00,10610.0,10596.608083934074
2025-03-10 02:00:00,10807.0,10811.948048020171
2025-03-10 03:00:00,11396.0,11443.653198890464
2025-03-10 04:00:00,10128.0,10160.00843060248
2025-03-10 05:00:00,9467.0,9470.053173402117
2025-03-10 06:00:00,9858.0,9880.571538808288
2025-03-10 07:00:00,10462.0,10449.283807753438
2025-03-10 08:00:00,11201.0,11208.328294882998
2025-03-10 09:00:00,11604.0,11587.881612969015
2025-03-10 10:00:00,11950.0,11885.523033364827
2025-03-10 11:00:00,12350.0,12295.781972447681
2025-03-10 12:00:00,12747.0,12653.822949215655
2025-03-10 13:00:00,13047.0,12957.581189133529
2025-03-10 14:00:00,12909.0,12811.511317019169
2025-03-10 15:00:00,12696.0,12725.936603249509
2025-03-10 16:00:00,12881.0,12836.499268202071
2025-03-10 17:00:00,12585.0,12538.450551592627
2025-03-10 18:00:00,13034.0,12992.298427761158
2025-03-10 18:30:00,13138.0,12985.3310090894
2025-03-10 19:00:00,13088.0,13032.363198672694
2025-03-10 20:00:00,13102.0,12977.56869218472
2025-03-10 21:00:00,12830.0,12843.143842200092
2025-03-10 22:00:00,12377.0,12342.330623877062
2025-03-10 23:00:00,11859.0,11836.984727988018
2025-03-11 00:00:00,11303.0,11333.92560791174
2025-03-11 01:00:00,10864.0,10867.644430229173
2025-03-11 02:00:00,11070.0,11045.515145713647
2025-03-11 03:00:00,11521.0,11587.6058856034
2025-03-11 04:00:00,10653.0,10669.669629170989
2025-03-11 05:00:00,9717.0,9756.266538923928
2025-03-11 06:00:00,9964.0,10010.698397765002
2025-03-11 07:00:00,10415.0,10382.878269285653
2025-03-11 08:00:00,11039.0,10998.508371672246
2025-03-11 09:00:00,11624.0,11636.730514936911
2025-03-11 10:00:00,11895.0,11838.651431793929
2025-03-11 11:00:00,12097.0,12068.462836889827
2025-03-11 12:00:00,12652.0,12633.462274943266
2025-03-11 13:00:00,12939.0,12825.316166296836
2025-03-11 14:00:00,12907.0,12820.935792468837
2025-03-11 15:00:00,12770.0,12800.17951761788
2025-03-11 16:00:00,12846.0,12790.949013115323
2025-03-11 17:00:00,12600.0,12515.687491669585
2025-03-11 18:00:00,13216.0,12976.09999108253
2025-03-11 18:30:00,13245.0,13193.48088175128
2025-03-11 19:00:00,13229.0,13188.03831502719
2025-03-11 20:00:00,13283.0,13198.051493499504
2025-03-11 21:00:00,13079.0,12944.402051563606
2025-03-11 22:00:00,12621.0,12537.1225158096
2025-03-11 23:00:00,12050.0,12120.104903544174
2025-03-12 00:00:00,11590.0,11594.917081122027
2025-03-12 01:00:00,11291.0,11274.861459193982
2025-03-12 02:00:00,11348.0,11336.04797111349
2025-03-12 03:00:00,11747.0,11766.686138375435
2025-03-12 04:00:00,10711.0,10723.413955130607
2025-03-12 05:00:00,9836.0,9847.058973956364
2025-03-12 06:00:00,9863.0,9894.520214372595
2025-03-12 07:00:00,10590.0,10567.939032989858
2025-03-12 08:00:00,11349.0,11348.558596913253
2025-03-12 09:00:00,11942.0,11938.75800410396
2025-03-12 10:00:00,12090.0,12040.516807248823
2025-03-12 11:00:00,12578.0,12513.600011204919
2025-03-12 12:00:00,12926.0,12846.07798673037
2025-03-12 13:00:00,13070.0,12964.030297066187
2025-03-12 14:00:00,13024.0,12942.142194824102
2025-03-12 15:00:00,12952.0,12933.092941695195
2025-03-12 16:00:00,12971.0,12940.365960662231
2025-03-12 17:00:00,13064.0,12959.863599651717
2025-03-12 18:00:00,13507.0,13206.549270098145
2025-03-12 18:30:00,13594.0,13623.871865966732
2025-03-12 19:00:00,13440.0,13218.935377131173
2025-03-12 20:00:00,13628.0,13669.138085778612
2025-03-12 21:00:00,13401.0,13209.698992783693
2025-03-12 22:00:00,12833.0,12788.385895367093
2025-03-12 23:00:00,12391.0,12350.67225810878
2025-03-13 00:00:00,11930.0,11888.466090649705
2025-03-13 01:00:00,11634.0,11634.955669895146
2025-03-13 02:00:00,11810.0,11811.171918210926
2025-03-13 03:00:00,12033.0,12051.930646898798
2025-03-13 04:00:00,11133.0,11114.536586299106
2025-03-13 05:00:00,10221.0,10261.27349433101
2025-03-13 06:00:00,10498.0,10490.700228657846
2025-03-13 07:00:00,11055.0,11055.633274452066
2025-03-13 08:00:00,11659.0,11667.034746818872
2025-03-13 09:00:00,12160.0,12044.115644390136
2025-03-13 10:00:00,12415.0,12424.93769368486
2025-03-13 11:00:00,12893.0,12779.069413477915
2025-03-13 12:00:00,13349.0,13208.803496639066
2025-03-13 13:00:00,13430.0,13212.97103952758
2025-03-13 14:00:00,13543.0,13573.83082976394
2025-03-13 15:00:00,13473.0,13197.623405742723
2025-03-13 16:00:00,13589.0,13853.039567314334
2025-03-13 17:00:00,13659.0,13916.908299584215
2025-03-13 18:00:00,13841.0,14015.188275320668
2025-03-13 18:30:00,14156.0,13990.237984496855
2025-03-13 19:00:00,14332.0,13961.549594400827
2025-03-13 20:00:00,14420.0,13850.581276863182
2025-03-13 21:00:00,14021.0,13654.679500747938
2025-03-13 22:00:00,13684.0,13605.66138039914
2025-03-13 23:00:00,13395.0,13140.999767226713
2025-03-14 00:00:00,12823.0,12744.451786829724
2025-03-14 01:00:00,12501.0,12394.79403032901
2025-03-14 02:00:00,12680.0,12658.264517273823
2025-03-14 03:00:00,12605.0,12574.114697443063
2025-03-14 04:00:00,11709.0,11749.65467024618
2025-03-14 05:00:00,11066.0,11049.669461871852
2025-03-14 06:00:00,10671.0,10641.986470347156
2025-03-14 07:00:00,10875.0,10882.294436912609
2025-03-14 08:00:00,11152.0,11185.65749512837
2025-03-14 09:00:00,11218.0,11255.365975884322
2025-03-14 10:00:00,11529.0,11550.301499687801
2025-03-14 11:00:00,12175.0,12153.930361928016
2025-03-14 12:00:00,12770.0,12671.528693163245
2025-03-14 13:00:00,12097.0,12085.690663523295
2025-03-14 14:00:00,12228.0,12206.165933175607
2025-03-14 15:00:00,12523.0,12439.16976595661
2025-03-14 16:00:00,12627.0,12570.724683393903
2025-03-14 17:00:00,12730.0,12804.444560015709
2025-03-14 18:00:00,13642.0,13669.892973035838
2025-03-14 18:30:00,13658.0,13664.479614527238
2025-03-14 19:00:00,13739.0,13686.164051428595
2025-03-14 20:00:00,13902.0,13718.869742899786
2025-03-14 21:00:00,13897.0,13736.479167155645
2025-03-14 22:00:00,13633.0,13525.865008453124
2025-03-14 23:00:00,13178.0,12936.885535059631
2025-03-15 00:00:00,12505.0,12471.8921738177
2025-03-15 01:00:00,12372.0,12316.80718695426
2025-03-15 02:00:00,12433.0,12406.099115231931
2025-03-15 03:00:00,12794.0,12726.88963400915
2025-03-15 04:00:00,11873.0,11810.34906859339
2025-03-15 05:00:00,11195.0,11260.332808914478
2025-03-15 06:00:00,11222.0,11215.446974687391
2025-03-15 07:00:00,11634.0,11599.016180409166
2025-03-15 08:00:00,11779.0,11764.685500152344
2025-03-15 09:00:00,11972.0,11969.173293201353
2025-03-15 10:00:00,12243.0,12226.737124311323
2025-03-15 11:00:00,12738.0,12691.56788017505
2025-03-15 12:00:00,13295.0,13255.702763942085
2025-03-15 13:00:00,13816.0,13755.351093245054
2025-03-15 14:00:00,13837.0,13722.919379707952
2025-03-15 15:00:00,13796.0,13827.465188754199
2025-03-15 16:00:00,13876.0,13907.82006939167
2025-03-15 17:00:00,14047.0,14054.184664084076
2025-03-15 18:00:00,15044.0,14344.017722967075
2025-03-15 18:30:00,14954.0,14206.538986487076
2025-03-15 19:00:00,15023.0,14128.809655548863
2025-03-15 20:00:00,15335.0,14175.67481362291
2025-03-15 21:00:00,15155.0,14002.677169897273
2025-03-15 22:00:00,14794.0,13779.225684942861
2025-03-16 00:00:00,13539.0,13263.933129357507
2025-03-16 01:00:00,13131.0,13077.224790161705
2025-03-16 02:00:00,13172.0,13139.455661724558
2025-03-16 03:00:00,13439.0,13295.489453321168
2025-03-16 04:00:00,12467.0,12433.368575109635
2025-03-16 05:00:00,11907.0,11893.983086019338
2025-03-16 06:00:00,11817.0,11853.72979715848
2025-03-16 07:00:00,12275.0,12266.093062862328
2025-03-16 08:00:00,12794.0,12819.785408916327
2025-03-16 09:00:00,13211.0,13215.725167719567
2025-03-16 10:00:00,13005.0,13002.253345848345
2025-03-16 11:00:00,13588.0,13768.171150146178
2025-03-16 12:00:00,14299.0,13930.721720388565
2025-03-16 13:00:00,14562.0,13887.718848968527
2025-03-16 14:00:00,14155.0,13737.217918249546
2025-03-16 15:00:00,14211.0,13931.41239139418
2025-03-16 16:00:00,14379.0,14048.90851642722
2025-03-16 17:00:00,14307.0,13974.103121427324
2025-03-16 18:00:00,14917.0,14102.297107401891
2025-03-16 18:30:00,14640.0,13870.581431109107
2025-03-16 19:00:00,14260.0,13743.08502849591
2025-03-16 20:00:00,14571.0,14077.606656448641
2025-03-16 21:00:00,14509.0,14034.557063681345
2025-03-16 22:00:00,14075.0,13707.308305811523
2025-03-16 23:00:00,14377.0,13944.979121169195
2025-03-16 23:00:00,13599.0,13495.77874442446
2025-03-17 00:00:00,13273.0,13053.145920837793
2025-03-17 01:00:00,12864.0,12847.23353610254
2025-03-17 02:00:00,13096.0,13084.668786227789
2025-03-17 03:00:00,13108.0,13102.407161318652
2025-03-17 04:00:00,12366.0,12434.632627586892
2025-03-17 05:00:00,11723.0,11689.052455827865
2025-03-17 06:00:00,11721.0,11678.867177051561
2025-03-17 07:00:00,12088.0,11992.040463568463
2025-03-17 08:00:00,12566.0,12502.797348701635
2025-03-17 09:00:00,13110.0,13105.463383869985
2025-03-17 10:00:00,13276.0,13288.971929901494
2025-03-17 11:00:00,13428.0,13380.556602165898
2025-03-17 12:00:00,13719.0,13815.196164143867
2025-03-17 13:00:00,14070.0,13862.596035972972
2025-03-17 14:00:00,13427.0,13185.810748522694
2025-03-17 15:00:00,13218.0,13442.063255646173
2025-03-17 16:00:00,13291.0,13559.463392209569
2025-03-17 17:00:00,13423.0,13550.422203151342
2025-03-17 18:00:00,14272.0,14099.221987694018
2025-03-17 18:30:00,14236.0,14023.882825856172
2025-03-17 19:00:00,13991.0,13908.258428634383
2025-03-17 20:00:00,14492.0,14120.895036569624
2025-03-17 21:00:00,14228.0,13816.045189165368
2025-03-17 22:00:00,14304.0,14000.714962348844
2025-03-17 23:00:00,13825.0,13610.982159902036
2025-03-18 00:00:00,13224.0,13112.967645714083
2025-03-18 01:00:00,12769.0,12763.495395015192
2025-03-18 02:00:00,13026.0,12877.805277737043
2025-03-18 03:00:00,12869.0,12809.811312906137
2025-03-18 04:00:00,12120.0,12115.789326029848
2025-03-18 05:00:00,11366.0,11343.579159491535
2025-03-18 06:00:00,11409.0,11397.516154454657
2025-03-18 07:00:00,11962.0,11967.996373118223
2025-03-18 08:00:00,12398.0,12417.667451232914
2025-03-18 09:00:00,12771.0,12794.015115714918
2025-03-18 10:00:00,12742.0,12821.678071469538
2025-03-18 11:00:00,13274.0,13246.843060001425
2025-03-18 12:00:00,13340.0,13355.865680585299
2025-03-18 13:00:00,13577.0,13910.382315587362
2025-03-18 14:00:00,13712.0,13894.860788813316
2025-03-18 15:00:00,13875.0,13991.797935321934
2025-03-18 16:00:00,13740.0,14017.433099738637
2025-03-18 17:00:00,13841.0,14052.926011572688
2025-03-18 18:00:00,14390.0,14118.703801730302
2025-03-18 18:30:00,14411.0,14122.1908909863
2025-03-18 19:00:00,14400.0,14077.155113603132
2025-03-18 20:00:00,14568.0,14146.727173703828
2025-03-18 21:00:00,14320.0,13955.003582748166
2025-03-18 22:00:00,13862.0,13873.695559206297
2025-03-18 23:00:00,13452.0,13220.374817500628
2025-03-19 00:00:00,13041.0,12929.19420739112
2025-03-19 01:00:00,12675.0,12672.967751694687
2025-03-19 02:00:00,12811.0,12826.91104686758
2025-03-19 03:00:00,12881.0,12807.400317801801
2025-03-19 04:00:00,11978.0,11994.166069448338
2025-03-19 05:00:00,11151.0,11203.83089375754
2025-03-19 06:00:00,11161.0,11167.142910442482
2025-03-19 07:00:00,11756.0,11789.771367038795
2025-03-19 08:00:00,12394.0,12346.521875325927
2025-03-19 09:00:00,12902.0,12850.618433824686
2025-03-19 10:00:00,13032.0,12984.43565625803
2025-03-19 11:00:00,13328.0,13245.609518669715
2025-03-19 12:00:00,13710.0,13911.80004463821
2025-03-19 13:00:00,13967.0,13965.885350300548
2025-03-19 14:00:00,13883.0,13772.18083574486
2025-03-19 15:00:00,13985.0,14038.00913324809
2025-03-19 16:00:00,14091.0,14045.726374529491
2025-03-19 17:00:00,14187.0,14022.121074055502
2025-03-19 18:00:00,14683.0,14116.235260000138
2025-03-19 18:30:00,14702.0,14120.915421990447
2025-03-19 19:00:00,14678.0,14089.602859923698
2025-03-19 20:00:00,14535.0,14023.674176263035
2025-03-19 21:00:00,14490.0,14089.03587326917
2025-03-19 22:00:00,14242.0,13817.474621008212
2025-03-19 23:00:00,13935.0,13781.092952635443
2025-03-20 00:00:00,13513.0,13703.270131325668
2025-03-20 01:00:00,13160.0,13129.414176451608
2025-03-20 02:00:00,13265.0,13209.666987610464
2025-03-20 03:00:00,13447.0,13214.820517565016
2025-03-20 04:00:00,12582.0,12549.629617001006
2025-03-20 05:00:00,11919.0,11948.140541884135
2025-03-20 06:00:00,11972.0,12027.327875657058
2025-03-20 07:00:00,12414.0,12438.314407234911
2025-03-20 08:00:00,12730.0,12711.13006866011
2025-03-20 09:00:00,13076.0,13002.453451974727
2025-03-20 10:00:00,13078.0,13196.649030180919
2025-03-20 11:00:00,13322.0,13230.73683240681
2025-03-20 12:00:00,13534.0,13703.359406703088
2025-03-20 13:00:00,13475.0,13613.30068479057
2025-03-20 14:00:00,13192.0,13215.535739364492
2025-03-20 15:00:00,13169.0,13376.971107153711
2025-03-20 16:00:00,13310.0,13417.12849348285
2025-03-20 17:00:00,13422.0,13494.320624224736
2025-03-20 18:00:00,13495.0,13588.909475195152
2025-03-20 18:30:00,13599.0,14063.584114593288
2025-03-20 19:00:00,13565.0,13573.5474811873
2025-03-20 20:00:00,13807.0,14079.935515473991
2025-03-20 21:00:00,13639.0,13924.311126664392
2025-03-20 22:00:00,13394.0,13282.43357908667
2025-03-20 23:00:00,13092.0,12982.69127837678
2025-03-21 00:00:00,12526.0,12467.50018632692
2025-03-21 01:00:00,12248.0,12158.8923316326
2025-03-21 02:00:00,12382.0,12277.082703328657
2025-03-21 03:00:00,12504.0,12414.276974377253
2025-03-21 04:00:00,11418.0,11420.077033802874
2025-03-21 05:00:00,10735.0,10773.9974441142
2025-03-21 06:00:00,10490.0,10522.842981479846
2025-03-21 07:00:00,10500.0,10534.863514487182
2025-03-21 08:00:00,10846.0,10929.277106639765
2025-03-21 09:00:00,10988.0,11022.405422398795
2025-03-21 10:00:00,11065.0,11114.387149797383
2025-03-21 11:00:00,11539.0,11587.476764842842
2025-03-21 12:00:00,12088.0,12066.723317792734
2025-03-21 13:00:00,10684.0,10567.95248857582
2025-03-21 14:00:00,10943.0,11032.610087100893
2025-03-21 15:00:00,10768.0,10784.184708338787
2025-03-21 16:00:00,11055.0,11154.79173713067
2025-03-21 17:00:00,11365.0,11384.350047771482
2025-03-21 18:00:00,11711.0,11756.173413964932
2025-03-21 18:30:00,11619.0,11677.964078385594
2025-03-21 19:00:00,11716.0,11733.350383252777
2025-03-21 20:00:00,11948.0,11933.225919966622
2025-03-21 21:00:00,12002.0,12026.535197167465
2025-03-21 22:00:00,11837.0,11836.494522969017
2025-03-21 23:00:00,11526.0,11570.711828742009
2025-03-22 00:00:00,11004.0,10983.31903400194
2025-03-22 01:00:00,10603.0,10617.218491195446
2025-03-22 02:00:00,10874.0,10919.343037570656
2025-03-22 03:00:00,11151.0,11169.197401972266
2025-03-22 04:00:00,10161.0,10180.494009987595
2025-03-22 05:00:00,9361.0,9353.322967212247
2025-03-22 06:00:00,9559.0,9564.87820354324
2025-03-22 07:00:00,10216.0,10208.8426864641
2025-03-22 08:00:00,10735.0,10745.016981290357
2025-03-22 09:00:00,10654.0,10686.639756090815
2025-03-22 10:00:00,10746.0,10834.428058782427
2025-03-22 11:00:00,10994.0,11116.860851198833
2025-03-22 12:00:00,11277.0,11342.24286851122
2025-03-22 13:00:00,11532.0,11566.560029756312
2025-03-22 14:00:00,11314.0,11362.356024174922
2025-03-22 15:00:00,11422.0,11509.979275475547
2025-03-22 16:00:00,11693.0,11749.859524371688
2025-03-22 17:00:00,12009.0,12003.768142897452
2025-03-22 18:00:00,12334.0,12376.715896433623
2025-03-22 18:30:00,12451.0,12492.269493856726
2025-03-22 19:00:00,12491.0,12463.105620389411
2025-03-22 20:00:00,12568.0,12574.73139799221
2025-03-22 21:00:00,12483.0,12460.053985844997
2025-03-22 22:00:00,11881.0,11887.506103702823
2025-03-22 23:00:00,11621.0,11667.04941478221
2025-03-23 00:00:00,11111.0,11103.812226578313
2025-03-23 01:00:00,10765.0,10780.538775351077
2025-03-23 02:00:00,10929.0,10925.553379328167
2025-03-23 03:00:00,11223.0,11300.169331065608
2025-03-23 04:00:00,10116.0,10118.601526589504
2025-03-23 05:00:00,9314.0,9338.128960423168
2025-03-23 06:00:00,9476.0,9471.428690221555
2025-03-23 07:00:00,9955.0,9989.445016975447
2025-03-23 08:00:00,10755.0,10732.808548454499
2025-03-23 09:00:00,11502.0,11505.1227788704
2025-03-23 10:00:00,11754.0,11799.656384798081
2025-03-23 11:00:00,12300.0,12251.630249108073
2025-03-23 12:00:00,12498.0,12462.931687996397
2025-03-23 13:00:00,12665.0,12582.465310986157
2025-03-23 14:00:00,12578.0,12633.957936132821
2025-03-23 15:00:00,12471.0,12506.220556074413
2025-03-23 16:00:00,12519.0,12479.693125698768
2025-03-23 17:00:00,12685.0,12670.755390881219
2025-03-23 18:00:00,12872.0,12841.76946794316
2025-03-23 18:30:00,12859.0,12848.369847761207
2025-03-23 19:00:00,12922.0,12856.387676970477
2025-03-23 20:00:00,12962.0,12897.299503613622
2025-03-23 21:00:00,12844.0,12838.88016250555
2025-03-23 22:00:00,12616.0,12556.85980869101
2025-03-23 23:00:00,12047.0,12070.745719750867
2025-03-24 00:00:00,11456.0,11465.41460478645
2025-03-24 01:00:00,10990.0,10979.362454761314
2025-03-24 02:00:00,11363.0,11345.993478382888
2025-03-24 03:00:00,11355.0,11325.622447936816
2025-03-24 04:00:00,10334.0,10363.203289813826
2025-03-24 05:00:00,9454.0,9458.432999051533
2025-03-24 06:00:00,9615.0,9653.6443425992
2025-03-24 07:00:00,10244.0,10258.399755456408
2025-03-24 08:00:00,11174.0,11130.444548822328
2025-03-24 09:00:00,11572.0,11537.158845315282
2025-03-24 10:00:00,11798.0,11775.722485119146
2025-03-24 11:00:00,12345.0,12308.166427908007
2025-03-24 12:00:00,12731.0,12677.097176261192
2025-03-24 13:00:00,13015.0,12975.537795018878
2025-03-24 14:00:00,13013.0,12850.810142500706
2025-03-24 15:00:00,12836.0,12825.354186564295
2025-03-24 16:00:00,12907.0,12829.499276048022
2025-03-24 17:00:00,13094.0,12978.904839099841
2025-03-24 18:00:00,13127.0,12964.364649941854
2025-03-24 18:30:00,13340.0,13286.159943070184
2025-03-24 19:00:00,13128.0,12989.119238742207
2025-03-24 20:00:00,13178.0,13038.708730671453
2025-03-24 21:00:00,13076.0,13021.448214446153
2025-03-24 22:00:00,12741.0,12681.038131170579
2025-03-24 23:00:00,12305.0,12256.108659635609
2025-03-25 00:00:00,11831.0,11841.418114505757
2025-03-25 01:00:00,11393.0,11445.897816038325
2025-03-25 02:00:00,11754.0,11755.972260175551
2025-03-25 03:00:00,11745.0,11791.120859057988
2025-03-25 04:00:00,10496.0,10496.581391014968
2025-03-25 05:00:00,9802.0,9811.71930477987
2025-03-25 06:00:00,10066.0,10107.676372970662
2025-03-25 07:00:00,10826.0,10772.653091579248
2025-03-25 08:00:00,11375.0,11364.008466098454
2025-03-25 09:00:00,11940.0,11904.68766792373
2025-03-25 10:00:00,12251.0,12218.913207254907
2025-03-25 11:00:00,12734.0,12685.35824483541
2025-03-25 12:00:00,13048.0,12986.444885903826
2025-03-25 13:00:00,13253.0,13232.918457207787
2025-03-25 14:00:00,13302.0,13234.899973404677
2025-03-25 15:00:00,13205.0,12988.283059166126
2025-03-25 16:00:00,13261.0,13237.64505533921
2025-03-25 17:00:00,13438.0,13272.029226507795
2025-03-25 18:00:00,13727.0,13670.333204676646
2025-03-25 18:30:00,13867.0,13740.421182835355
2025-03-25 19:00:00,12890.0,12748.644126100868
2025-03-25 20:00:00,13627.0,13497.385766182686
2025-03-25 21:00:00,13649.0,13713.12988021243
2025-03-25 22:00:00,13018.0,12883.090956344227
2025-03-25 23:00:00,13013.0,12858.034744454872
2025-03-26 00:00:00,12344.0,12386.051303214606
2025-03-26 01:00:00,11851.0,11829.641151085432
2025-03-26 02:00:00,12091.0,12046.423396332004
2025-03-26 03:00:00,12098.0,12043.038684684034
2025-03-26 04:00:00,10888.0,10800.973343045847
2025-03-26 05:00:00,10220.0,10197.00063551192
2025-03-26 06:00:00,10234.0,10221.485619772264
2025-03-26 07:00:00,10398.0,10377.63985664453
2025-03-26 08:00:00,10987.0,10919.76325176571
2025-03-26 09:00:00,11537.0,11526.120440840366
2025-03-26 10:00:00,11926.0,11888.113330368069
2025-03-26 11:00:00,12360.0,12318.095546170767
2025-03-26 12:00:00,12847.0,12779.797315958287
2025-03-26 13:00:00,13169.0,12989.725724044527
2025-03-26 14:00:00,13144.0,13031.90599259801
2025-03-26 15:00:00,13143.0,13060.628165996472
2025-03-26 16:00:00,13283.0,13358.409844160147
2025-03-26 17:00:00,13410.0,13349.410204026088
2025-03-26 18:00:00,13943.0,13776.492666139455
2025-03-26 18:30:00,14126.0,13748.922795112236
2025-03-26 19:00:00,14003.0,13762.382230477502
2025-03-26 20:00:00,14278.0,13894.782882913109
2025-03-26 21:00:00,14091.0,13798.255495685675
2025-03-26 22:00:00,13752.0,13710.442025398232
2025-03-26 23:00:00,13489.0,13249.638233177027
2025-03-27 00:00:00,12901.0,12814.486073712349
2025-03-27 01:00:00,12478.0,12464.058118689034
2025-03-27 02:00:00,12643.0,12570.098147722441
2025-03-27 03:00:00,12553.0,12598.466448987212
2025-03-27 04:00:00,11545.0,11481.441666071
2025-03-27 05:00:00,10622.0,10595.059516594985
2025-03-27 06:00:00,10834.0,10819.116226650656
2025-03-27 07:00:00,11278.0,11287.656001710417
2025-03-27 08:00:00,12040.0,12030.826417977401
2025-03-27 09:00:00,12762.0,12699.465606819109
2025-03-27 10:00:00,13318.0,13287.629909577894
2025-03-27 11:00:00,13922.0,13837.24085200181
2025-03-27 12:00:00,14265.0,13883.20757656776
2025-03-27 13:00:00,14431.0,13865.95940811301
2025-03-27 14:00:00,14311.0,13897.620578541186
2025-03-27 15:00:00,14204.0,13910.148903107036
2025-03-27 16:00:00,14109.0,13956.724868794123
2025-03-27 17:00:00,14049.0,13998.017364292968
2025-03-27 18:00:00,14851.0,14193.1852849251
2025-03-27 18:30:00,14791.0,14024.047176138065
2025-03-27 19:00:00,14851.0,14031.499584713632
2025-03-27 20:00:00,14876.0,14008.824029476373
2025-03-27 21:00:00,14806.0,13962.800121637412
2025-03-27 22:00:00,14627.0,13905.945279392941
2025-03-27 23:00:00,14292.0,13673.980456259505
2025-03-28 00:00:00,13630.0,13504.358983173328
2025-03-28 01:00:00,13138.0,13114.42522133852
2025-03-28 02:00:00,13306.0,13229.426634982177
2025-03-28 03:00:00,12944.0,12795.652475464714
2025-03-28 04:00:00,12122.0,12222.787178312377
2025-03-28 05:00:00,11148.0,11093.98963776552
2025-03-28 06:00:00,11117.0,11116.897759532732
2025-03-28 07:00:00,11241.0,11246.526293551864
2025-03-28 08:00:00,11581.0,11581.017208239666
2025-03-28 09:00:00,11890.0,11876.60123868171
2025-03-28 10:00:00,12318.0,12342.179934037875
2025-03-28 11:00:00,12878.0,12855.385352136636
2025-03-28 12:00:00,13303.0,13353.21808560717
2025-03-28 13:00:00,12863.0,12853.849412220707
2025-03-28 14:00:00,13390.0,13321.225285786582
2025-03-28 15:00:00,13390.0,13367.64099194153
2025-03-28 16:00:00,13427.0,13389.505007111067
2025-03-28 17:00:00,13795.0,13960.51326203054
2025-03-28 18:00:00,14436.0,14071.618611973168
2025-03-28 18:30:00,14792.0,14101.32575876192
2025-03-28 19:00:00,14749.0,13983.793756229506
2025-03-28 20:00:00,14989.0,14037.004193470688
2025-03-28 21:00:00,14744.0,13859.481737763026
2025-03-28 22:00:00,14602.0,13874.479848837082
2025-03-28 23:00:00,14529.0,13928.12948827831
2025-03-29 00:00:00,13944.0,13642.62481145346
2025-03-29 01:00:00,13511.0,13182.274764499363
2025-03-29 02:00:00,13614.0,13771.220680170803
2025-03-29 03:00:00,13450.0,13245.222170707793
2025-03-29 04:00:00,12758.0,12702.8160411299
2025-03-29 05:00:00,11649.0,11592.627506890954
2025-03-29 06:00:00,11404.0,11415.460048654813
2025-03-29 07:00:00,11293.0,11293.452564540185
2025-03-29 08:00:00,11569.0,11547.375448528423
2025-03-29 09:00:00,11851.0,11864.276975591352
2025-03-29 10:00:00,11991.0,12042.083427248932
2025-03-29 11:00:00,12201.0,12142.57064136263
2025-03-29 12:00:00,12535.0,12498.299822047475
2025-03-29 13:00:00,13064.0,12988.205040870154
2025-03-29 14:00:00,13196.0,13299.644078908
2025-03-29 15:00:00,13008.0,13048.297732335566
2025-03-29 16:00:00,13091.0,13067.666186307737
2025-03-29 17:00:00,13530.0,13383.872966311606
2025-03-29 18:00:00,14310.0,13989.497993695419
2025-03-29 18:30:00,14296.0,14018.176498894238
2025-03-29 19:00:00,14164.0,14006.412702525751
2025-03-29 20:00:00,14350.0,14109.011236841454
2025-03-29 21:00:00,14210.0,13889.824743811827
2025-03-29 22:00:00,14148.0,13901.931154013984
2025-03-29 23:00:00,13968.0,13826.546196871925
2025-03-30 00:00:00,13500.0,13306.972494043646
2025-03-30 01:00:00,13082.0,12986.908768453164
2025-03-30 02:00:00,13365.0,13325.988863008895
2025-03-30 03:00:00,12992.0,12834.383821076171
2025-03-30 04:00:00,12186.0,12220.661346495197
2025-03-30 05:00:00,11161.0,11170.00234256069
2025-03-30 06:00:00,10793.0,10828.692073355298
2025-03-30 07:00:00,10734.0,10730.405250343922
2025-03-30 08:00:00,10929.0,10931.966323141038
2025-03-30 09:00:00,10854.0,10882.206407636555
2025-03-30 10:00:00,11109.0,11134.208865241382
2025-03-30 11:00:00,11428.0,11426.62565007627
2025-03-30 12:00:00,11974.0,11995.998853555671
2025-03-30 13:00:00,12403.0,12348.207275191378
2025-03-30 14:00:00,12398.0,12370.702875129382
2025-03-30 15:00:00,12273.0,12258.758299527142
2025-03-30 16:00:00,12302.0,12292.190823082521
2025-03-30 17:00:00,12682.0,12762.896824450989
2025-03-30 18:00:00,13041.0,13149.197957281418
2025-03-30 18:30:00,12838.0,12884.69123594022
2025-03-30 19:00:00,12670.0,12600.430389898755
2025-03-30 20:00:00,12628.0,12701.993943356476
2025-03-30 21:00:00,12710.0,12837.155127141828
2025-03-30 22:00:00,12702.0,12817.828804827306
2025-03-30 23:00:00,12609.0,12647.45890291668
2025-03-31 00:00:00,12363.0,12358.969442416603
2025-03-31 01:00:00,12030.0,12032.885067515435
2025-03-31 02:00:00,11635.0,11672.564657480876
2025-03-31 03:00:00,11279.0,11265.448101449843
2025-03-31 04:00:00,11159.0,11169.372150636236
2025-03-31 05:00:00,11030.0,11067.833978967334
2025-03-31 06:00:00,11359.0,11369.433266162463
2025-03-31 07:00:00,10839.0,10824.245061391694
2025-03-31 08:00:00,9783.0,9834.711616691451
2025-03-31 09:00:00,9702.0,9739.100219704595
2025-03-31 10:00:00,9976.0,9998.121536912606
2025-03-31 11:00:00,10274.0,10262.144447503953
2025-03-31 12:00:00,10556.0,10580.438725410848
2025-03-31 13:00:00,10763.0,10809.550627385655
2025-03-31 14:00:00,10662.0,10745.195321426878
2025-03-31 15:00:00,10421.0,10465.208193591838
2025-03-31 16:00:00,10119.0,10121.505231700397
2025-03-31 17:00:00,9752.0,9781.319156171563
2025-03-31 18:00:00,11796.0,11860.575457878533
2025-03-31 18:30:00,12050.0,12091.25477922839
2025-03-31 19:00:00,11990.0,12053.746313446667
2025-03-31 20:00:00,12231.0,12282.044242846321
2025-03-31 21:00:00,12300.0,12321.692271362013
2025-03-31 22:00:00,12422.0,12418.224812192258
2025-03-31 23:00:00,12342.0,12338.500126907775
2025-04-01 00:00:00,11850.0,11863.700700820187
2025-04-01 01:00:00,11440.0,11455.952168872243
2025-04-01 02:00:00,11113.0,11107.175806289108
2025-04-01 03:00:00,10564.0,10553.487319137528
2025-04-01 04:00:00,10474.0,10478.528744211197
2025-04-01 05:00:00,10060.0,10073.496408320525
2025-04-01 06:00:00,10037.0,10008.578258750611
2025-04-01 07:00:00,10430.0,10442.081235780255
2025-04-01 08:00:00,10356.0,10329.48097945937
2025-04-01 09:00:00,10236.0,10259.276133113039
2025-04-01 10:00:00,10280.0,10313.053895864921
2025-04-01 11:00:00,10573.0,10600.756158597607
2025-04-01 12:00:00,11165.0,11155.444450974126
2025-04-01 13:00:00,11550.0,11595.60973595909
2025-04-01 14:00:00,11469.0,11498.906158270005
2025-04-01 15:00:00,11168.0,11191.05835635163
2025-04-01 16:00:00,10732.0,10765.419858156969
2025-04-01 17:00:00,10380.0,10411.470611087103
2025-04-01 18:00:00,11847.0,11827.092128914426
2025-04-01 18:30:00,12564.0,12574.78603992043
2025-04-01 19:00:00,12576.0,12537.035083208919
2025-04-01 20:00:00,12453.0,12498.028067750378
2025-04-01 21:00:00,12713.0,12681.13072762805
2025-04-01 22:00:00,12634.0,12600.242753408105
2025-04-01 23:00:00,12641.0,12622.608654775326
2025-04-02 00:00:00,12204.0,12145.279316144632
2025-04-02 01:00:00,11840.0,11860.900128263975
2025-04-02 02:00:00,11630.0,11651.40910970081
2025-04-02 03:00:00,11336.0,11328.067990884221
2025-04-02 04:00:00,11126.0,11104.390824950646
2025-04-02 05:00:00,10803.0,10810.501379486364
2025-04-02 06:00:00,10635.0,10666.860698468436
2025-04-02 07:00:00,10624.0,10611.459184215162
2025-04-02 08:00:00,10594.0,10609.576661900657
2025-04-02 09:00:00,10503.0,10495.793520128049
2025-04-02 10:00:00,10470.0,10462.485007567877
2025-04-02 11:00:00,10921.0,10954.821464292016
2025-04-02 12:00:00,11418.0,11412.674705535572
2025-04-02 13:00:00,11752.0,11761.44729607385
2025-04-02 14:00:00,11623.0,11642.580541316938
2025-04-02 15:00:00,11323.0,11334.37391831064
2025-04-02 16:00:00,11032.0,11066.099734606994
2025-04-02 17:00:00,10640.0,10645.696904561402
2025-04-02 18:00:00,12603.0,12483.708097839655
2025-04-02 18:30:00,12903.0,12833.05248648881
2025-04-02 19:00:00,12874.0,12811.14780383269
2025-04-02 20:00:00,12886.0,12775.258645661195
2025-04-02 21:00:00,12949.0,12773.783425024074
2025-04-02 22:00:00,12931.0,12813.773136712805
2025-04-02 23:00:00,12674.0,12641.148515279985
2025-04-03 00:00:00,12382.0,12406.949289824895
2025-04-03 01:00:00,12032.0,11992.55195812713
2025-04-03 02:00:00,11737.0,11733.983591830083
2025-04-03 03:00:00,11433.0,11468.656515840068
2025-04-03 04:00:00,11269.0,11305.841646981366
2025-04-03 05:00:00,10748.0,10805.162841963858
2025-04-03 06:00:00,10696.0,10776.170863468498
2025-04-03 07:00:00,10691.0,10712.130467291241
2025-04-03 08:00:00,10659.0,10673.419042234958
2025-04-03 09:00:00,10821.0,10824.745438087619
2025-04-03 10:00:00,11024.0,11044.728477559589
2025-04-03 11:00:00,11320.0,11350.86376484559
2025-04-03 12:00:00,11720.0,11673.160071243421
2025-04-03 13:00:00,12020.0,11966.695110658971
2025-04-03 14:00:00,11921.0,11911.079260781398
2025-04-03 15:00:00,11626.0,11647.328040943963
2025-04-03 16:00:00,11362.0,11335.631500742642
2025-04-03 17:00:00,11015.0,11028.21433589667
2025-04-03 18:00:00,12858.0,12730.41253373586
2025-04-03 18:30:00,13118.0,12921.385259438848
2025-04-03 19:00:00,13077.0,12965.205897372205
2025-04-03 20:00:00,13032.0,12905.79719735302
2025-04-03 21:00:00,13016.0,12907.488396830724
2025-04-03 22:00:00,13069.0,12910.50549525893
2025-04-03 23:00:00,13061.0,12903.070401558974
2025-04-04 00:00:00,12701.0,12660.487491468703
2025-04-04 01:00:00,12391.0,12337.36888320756
2025-04-04 02:00:00,12028.0,11975.394558158489
2025-04-04 03:00:00,11672.0,11677.370875375049
2025-04-04 04:00:00,11490.0,11483.798971835384
2025-04-04 05:00:00,11133.0,11106.188400064675
2025-04-04 06:00:00,11009.0,11000.102750623557
2025-04-04 07:00:00,11036.0,11012.401711983439
2025-04-04 08:00:00,10788.0,10758.264466117653
2025-04-04 09:00:00,10871.0,10844.465747007509
2025-04-04 10:00:00,10971.0,10957.854909594396
2025-04-04 11:00:00,11479.0,11450.56843373186
2025-04-04 12:00:00,12189.0,12076.762124535882
2025-04-04 13:00:00,11694.0,11721.902164335763
2025-04-04 14:00:00,11491.0,11479.660530944722
2025-04-04 15:00:00,11093.0,11106.870412322049
2025-04-04 16:00:00,10899.0,10922.225565976736
2025-04-04 17:00:00,10847.0,10892.154654387406
2025-04-04 18:00:00,12664.0,12486.262287309719
2025-04-04 18:30:00,12859.0,12855.042335448872
2025-04-04 19:00:00,12933.0,12823.130510873902
2025-04-04 20:00:00,13033.0,12977.584194628429
2025-04-04 21:00:00,12899.0,12844.433919113026
2025-04-04 22:00:00,12999.0,12861.89566382423
2025-04-04 23:00:00,12952.0,12819.365489077789
2025-04-05 00:00:00,12698.0,12675.68067518195
2025-04-05 01:00:00,12301.0,12242.122254991235
2025-04-05 02:00:00,11966.0,11974.530309743572
2025-04-05 03:00:00,11677.0,11693.6585753414
2025-04-05 04:00:00,11389.0,11407.161907236581
2025-04-05 05:00:00,11011.0,10992.461674462647
2025-04-05 06:00:00,11096.0,11084.311069819289
2025-04-05 07:00:00,11305.0,11323.530633671953
2025-04-05 08:00:00,11596.0,11612.739667055712
2025-04-05 09:00:00,11737.0,11769.865376240596
2025-04-05 10:00:00,12071.0,12056.276333883561
2025-04-05 11:00:00,12603.0,12529.96762740858
2025-04-05 12:00:00,13096.0,13019.310554190213
2025-04-05 13:00:00,13277.0,13119.854458195348
2025-04-05 14:00:00,13354.0,13133.550667156658
2025-04-05 15:00:00,13035.0,12874.09760073956
2025-04-05 16:00:00,12662.0,12526.720089384022
2025-04-05 17:00:00,11502.0,11385.663301516748
2025-04-05 18:00:00,12775.0,12650.241796973534
2025-04-05 18:30:00,12184.0,12131.452726573178
2025-04-05 19:00:00,12240.0,12200.940861218334
2025-04-05 20:00:00,12893.0,12748.644760545827
2025-04-05 21:00:00,13146.0,12981.119490114846
2025-04-05 22:00:00,13234.0,13206.074734990485
2025-04-05 23:00:00,13303.0,13190.799464453883
2025-04-06 00:00:00,13027.0,12864.483600406653
2025-04-06 01:00:00,12559.0,12509.664978706825
2025-04-06 02:00:00,12217.0,12135.295768702912
2025-04-06 03:00:00,12042.0,12030.571291958046
2025-04-06 04:00:00,11841.0,11841.31629407187
2025-04-06 05:00:00,11418.0,11491.519770601526
2025-04-06 06:00:00,11629.0,11590.488514104698
2025-04-06 07:00:00,11806.0,11797.089341434365
2025-04-06 08:00:00,12296.0,12188.215162452914
2025-04-06 09:00:00,12575.0,12508.452199968979
2025-04-06 10:00:00,12933.0,12731.56288543519
2025-04-06 11:00:00,13378.0,13181.211367825426
2025-04-06 12:00:00,13879.0,13735.594744800046
2025-04-06 13:00:00,14152.0,13764.337871520269
2025-04-06 14:00:00,14177.0,13735.08937147968
2025-04-06 15:00:00,14120.0,13711.25701482625
2025-04-06 16:00:00,13728.0,13654.541351776554
2025-04-06 17:00:00,13164.0,12905.737078643717
2025-04-06 18:00:00,14930.0,13915.886580506154
2025-04-06 18:30:00,15025.0,13869.00030728439
2025-04-06 19:00:00,15045.0,13906.459921205005
2025-04-06 20:00:00,14764.0,13758.418956106098
2025-04-06 21:00:00,14269.0,13664.653419961267
2025-04-06 22:00:00,13567.0,13107.84541359734
2025-04-06 23:00:00,11520.0,11492.815252453593
2025-04-07 00:00:00,11069.0,11049.631260247972
2025-04-07 01:00:00,10870.0,10835.249603419337
2025-04-07 02:00:00,10363.0,10348.551756286082
2025-04-07 03:00:00,9661.0,9647.746367941056
2025-04-07 04:00:00,9267.0,9314.542180129203
2025-04-07 05:00:00,9392.0,9377.715245683457
2025-04-07 06:00:00,9795.0,9776.460715325706
2025-04-07 07:00:00,10327.0,10342.045912340407
2025-04-07 08:00:00,10682.0,10653.048038774908
2025-04-07 09:00:00,11263.0,11290.655125035677
2025-04-07 10:00:00,11800.0,11770.737178811198
2025-04-07 11:00:00,12598.0,12522.89042748071
2025-04-07 12:00:00,13123.0,13056.520672610182
2025-04-07 13:00:00,13434.0,13169.892108719041
2025-04-07 14:00:00,13528.0,13545.7208228348
2025-04-07 15:00:00,13548.0,13574.20010941746
2025-04-07 16:00:00,13187.0,13074.393280419628
2025-04-07 17:00:00,12916.0,12801.508424621768
2025-04-07 18:00:00,14707.0,13710.250219874608
2025-04-07 18:30:00,14645.0,13686.461676934568
2025-04-07 19:00:00,14504.0,13707.15290349587
2025-04-07 20:00:00,14497.0,13802.392364959558
2025-04-07 21:00:00,14355.0,13790.397668598705
2025-04-07 22:00:00,14323.0,13573.414131554768
2025-04-07 23:00:00,14273.0,13539.113481795208
2025-04-08 00:00:00,13801.0,13503.62923457755
2025-04-08 01:00:00,13310.0,13090.696303865747
2025-04-08 02:00:00,12880.0,12768.036483886692
2025-04-08 03:00:00,12464.0,12393.317609543388
2025-04-08 04:00:00,12390.0,12316.719465776418
2025-04-08 05:00:00,11984.0,11962.026160381021
2025-04-08 06:00:00,12208.0,12103.452812906742
2025-04-08 07:00:00,12460.0,12420.112562949695
2025-04-08 08:00:00,12693.0,12648.041240668515
2025-04-08 09:00:00,13363.0,13191.197699848582
2025-04-08 10:00:00,13813.0,13806.798359384415
2025-04-08 11:00:00,13936.0,13834.742735151956
2025-04-08 12:00:00,14187.0,13695.830259460668
2025-04-08 13:00:00,14187.0,13429.893284373498
2025-04-08 14:00:00,14296.0,13565.493000927625
2025-04-08 15:00:00,14121.0,13403.688335579742
2025-04-08 16:00:00,13931.0,13365.495639715362
2025-04-08 17:00:00,13594.0,13718.649169112692
2025-04-08 18:00:00,15060.0,13946.54677905175
2025-04-08 18:30:00,15282.0,14163.405348285938
2025-04-08 19:00:00,15373.0,14158.93605926275
2025-04-08 20:00:00,15399.0,14149.08385220909
2025-04-08 21:00:00,15290.0,13920.045464141176
2025-04-08 22:00:00,15076.0,13840.72475375462
2025-04-08 23:00:00,14534.0,13323.367577301115
2025-04-09 00:00:00,14048.0,13165.190342683085
2025-04-09 01:00:00,13983.0,13595.598005004125
2025-04-09 02:00:00,13439.0,13063.10731821028
2025-04-09 03:00:00,13107.0,12866.038931347748
2025-04-09 04:00:00,12665.0,12706.68848325913
2025-04-09 05:00:00,12308.0,12303.357955508242
2025-04-09 06:00:00,12529.0,12514.246417334723
2025-04-09 07:00:00,12715.0,12650.172839206209
2025-04-09 08:00:00,12996.0,12906.196206119099
2025-04-09 09:00:00,13421.0,13247.733202426307
2025-04-09 10:00:00,13840.0,13877.888244314609
2025-04-09 11:00:00,14221.0,13848.350453385907
2025-04-09 12:00:00,14429.0,13880.565843207034
2025-04-09 13:00:00,14647.0,13952.310232952406
2025-04-09 14:00:00,14478.0,13689.844131593203
2025-04-09 15:00:00,14411.0,13849.488368638371
2025-04-09 16:00:00,14165.0,13777.617303229556
2025-04-09 17:00:00,13985.0,13914.234752472794
2025-04-09 18:00:00,15353.0,14065.268420371878
2025-04-09 18:30:00,15709.0,14108.425857364813
2025-04-09 19:00:00,15690.0,14078.654808802177
2025-04-09 20:00:00,15818.0,14057.74531283111
2025-04-09 21:00:00,15624.0,13937.934147768548
2025-04-09 22:00:00,15365.0,13944.71816373266
2025-04-09 23:00:00,15065.0,13742.697808630264
2025-04-10 00:00:00,14593.0,13569.388578278307
2025-04-10 01:00:00,14260.0,13702.086470235798
2025-04-10 02:00:00,13967.0,13611.32494932796
2025-04-10 03:00:00,13649.0,13538.636616242364
2025-04-10 04:00:00,13366.0,13110.24829453597
2025-04-10 05:00:00,13056.0,12845.24191607527
2025-04-10 06:00:00,13044.0,12854.79525610303
2025-04-10 07:00:00,13105.0,12892.103644790048
2025-04-10 08:00:00,13170.0,13242.096664001872
2025-04-10 09:00:00,13478.0,13807.64140990983
2025-04-10 10:00:00,13717.0,13874.22080786402
2025-04-10 11:00:00,14096.0,13902.297417119296
2025-04-10 12:00:00,14256.0,13994.192878297938
2025-04-10 13:00:00,13274.0,13270.63296652333
2025-04-10 14:00:00,13656.0,13759.717957219797
2025-04-10 15:00:00,13358.0,13252.78183450093
2025-04-10 16:00:00,13023.0,13041.591669964022
2025-04-10 17:00:00,11171.0,10757.43712970814
2025-04-10 18:00:00,13087.0,13038.680231184622
2025-04-10 18:30:00,13585.0,13921.179350746683
2025-04-10 19:00:00,13539.0,13481.063785949626
2025-04-10 20:00:00,13553.0,13525.822906657733
2025-04-10 21:00:00,12930.0,12824.492075033795
2025-04-10 22:00:00,11973.0,12019.470664140452
2025-04-10 23:00:00,11153.0,11210.861777080883
2025-04-11 00:00:00,10998.0,11054.946616671257
2025-04-11 01:00:00,10861.0,10892.261644445252
2025-04-11 02:00:00,10794.0,10814.23110347283
2025-04-11 03:00:00,10599.0,10639.297600633254
2025-04-11 04:00:00,10338.0,10375.355037275358
2025-04-11 05:00:00,9881.0,9874.194766720226
2025-04-11 06:00:00,9809.0,9836.198912343343
2025-04-11 07:00:00,10007.0,10084.900685028375
2025-04-11 08:00:00,10385.0,10414.098294436639
2025-04-11 09:00:00,10720.0,10741.372462091544
2025-04-11 10:00:00,11199.0,11263.78143240171
2025-04-11 11:00:00,12094.0,12089.598593163491
2025-04-11 12:00:00,12709.0,12708.67093616793
2025-04-11 13:00:00,12232.0,12243.88278838873
2025-04-11 14:00:00,12421.0,12381.461813750544
2025-04-11 15:00:00,11975.0,11991.025664435105
2025-04-11 16:00:00,11706.0,11726.954130597456
2025-04-11 17:00:00,11572.0,11566.792741805151
2025-04-11 18:00:00,13444.0,13238.115531721147
2025-04-11 18:30:00,14076.0,13865.971822634992
2025-04-11 19:00:00,13998.0,13784.697670660647
2025-04-11 20:00:00,14147.0,13806.777824378949
2025-04-11 21:00:00,14119.0,13728.20271818065
2025-04-11 22:00:00,14061.0,13734.74283228168
2025-04-11 23:00:00,13697.0,13604.773032400662
2025-04-12 00:00:00,13292.0,13177.524448001897
2025-04-12 01:00:00,12947.0,12805.74438251093
2025-04-12 02:00:00,12583.0,12532.378848632465
2025-04-12 03:00:00,12288.0,12243.15234175245
2025-04-12 04:00:00,11846.0,11828.555128071775
2025-04-12 05:00:00,11363.0,11393.423189184941
2025-04-12 06:00:00,11502.0,11574.042733207714
2025-04-12 07:00:00,11801.0,11909.317819577005
2025-04-12 08:00:00,12158.0,12255.48753081525
2025-04-12 09:00:00,12378.0,12448.813594540363
2025-04-12 10:00:00,12878.0,12809.670484175114
2025-04-12 11:00:00,13135.0,13102.675013593227
2025-04-12 12:00:00,13184.0,13001.147361458507
2025-04-12 13:00:00,13403.0,13316.425139984203
2025-04-12 14:00:00,13552.0,13293.451402621655
2025-04-12 15:00:00,13569.0,13614.471773307332
2025-04-12 16:00:00,13483.0,13714.335926228592
2025-04-12 17:00:00,13477.0,14011.809367130136
2025-04-12 18:00:00,14644.0,13839.656213888575
2025-04-12 18:30:00,14871.0,14090.2237559445
2025-04-12 19:00:00,14972.0,14033.319748904934
2025-04-12 20:00:00,15199.0,14166.220129214777
2025-04-12 21:00:00,15108.0,14058.92636344892
2025-04-12 22:00:00,14987.0,13995.10812320129
2025-04-12 23:00:00,14707.0,13743.829164252284
2025-04-13 00:00:00,14541.0,13775.116094526673
2025-04-13 01:00:00,14116.0,13704.053479486674
2025-04-13 02:00:00,13569.0,13513.170259810016
2025-04-13 03:00:00,12618.0,12558.887091994273
2025-04-13 04:00:00,11845.0,11931.106724499847
2025-04-13 05:00:00,11136.0,11218.478478139881
2025-04-13 06:00:00,10338.0,10372.334962525492
2025-04-13 07:00:00,9713.0,9738.833990931007
2025-04-13 08:00:00,9881.0,9921.456268326943
2025-04-13 09:00:00,10681.0,10613.596692888155
2025-04-13 10:00:00,11217.0,11257.013835729796
2025-04-13 11:00:00,12244.0,12161.976139483662
2025-04-13 12:00:00,13212.0,13110.189523913217
2025-04-13 13:00:00,13503.0,13686.886726261751
2025-04-13 14:00:00,13625.0,13695.383226680537
2025-04-13 15:00:00,13951.0,13796.371615506305
2025-04-13 16:00:00,13966.0,14054.824886699022
2025-04-13 17:00:00,13507.0,13361.34567617173
2025-04-13 18:00:00,14909.0,14147.369653989017
2025-04-13 18:30:00,15197.0,14002.723411385034
2025-04-13 19:00:00,15284.0,13935.630812074245
2025-04-13 20:00:00,15056.0,13882.580359726977
2025-04-13 21:00:00,14909.0,13924.46524527193
2025-04-13 22:00:00,14808.0,13922.751097029273
2025-04-13 23:00:00,14762.0,13868.70354850053
2025-04-14 00:00:00,14162.0,13537.539373135216
2025-04-14 01:00:00,13667.0,13644.397792286883
2025-04-14 02:00:00,13233.0,13130.656391365597
2025-04-14 03:00:00,12997.0,12929.75583293016
2025-04-14 04:00:00,12630.0,12535.920171789481
2025-04-14 05:00:00,12079.0,12057.29475200051
2025-04-14 06:00:00,11914.0,11879.659178773984
2025-04-14 07:00:00,11796.0,11849.328317866557
2025-04-14 08:00:00,11707.0,11762.499383392433
2025-04-14 09:00:00,12033.0,12027.52650339045
2025-04-14 10:00:00,12263.0,12210.745153817854
2025-04-14 11:00:00,12847.0,12776.772195950756
2025-04-14 12:00:00,13448.0,13256.426006486208
2025-04-14 13:00:00,13379.0,13313.284230305757
2025-04-14 14:00:00,13457.0,13276.160192180241
2025-04-14 15:00:00,12852.0,12821.333256385557
2025-04-14 16:00:00,12249.0,12221.802879698085
2025-04-14 17:00:00,12007.0,11976.398379853768
2025-04-14 18:00:00,14012.0,13716.001774609487
2025-04-14 18:30:00,14209.0,14119.256756121204
2025-04-14 19:00:00,14322.0,14072.148533742502
2025-04-14 20:00:00,14480.0,14112.396023078902
2025-04-14 21:00:00,14357.0,13895.399589338933
2025-04-14 22:00:00,13544.0,13643.971274631318
2025-04-14 23:00:00,12985.0,13011.37332599895
2025-04-15 00:00:00,11998.0,12035.180206942445
2025-04-15 01:00:00,10991.0,10925.62960559905
2025-04-15 02:00:00,10435.0,10443.429354400465
2025-04-15 03:00:00,10224.0,10195.07240792592
2025-04-15 04:00:00,9820.0,9803.66787934898
2025-04-15 05:00:00,9666.0,9671.889519667207
2025-04-15 06:00:00,10257.0,10253.517398002738
2025-04-15 07:00:00,10763.0,10711.909880041314
2025-04-15 08:00:00,11432.0,11441.174831144916
2025-04-15 09:00:00,12245.0,12217.740870621845
2025-04-15 10:00:00,12771.0,12710.620747250488
2025-04-15 11:00:00,13735.0,13621.306772444885
2025-04-15 12:00:00,14060.0,13816.599128590291
2025-04-15 13:00:00,14011.0,13768.084306174482
2025-04-15 14:00:00,14210.0,13762.034434922574
2025-04-15 15:00:00,14213.0,13817.048475880221
2025-04-15 16:00:00,13820.0,13681.69149422802
2025-04-15 17:00:00,13329.0,13254.006092541573
2025-04-15 18:00:00,15238.0,14195.578617430123
2025-04-15 18:30:00,15489.0,14202.529721918034
2025-04-15 19:00:00,15303.0,14052.11571565631
2025-04-15 20:00:00,15152.0,14091.343261658356
2025-04-15 21:00:00,15021.0,14143.93554018887
2025-04-15 22:00:00,14961.0,14003.053255398601
2025-04-15 23:00:00,14659.0,13735.903565680923
2025-04-16 00:00:00,14120.0,13364.451661325953
2025-04-16 01:00:00,13656.0,13455.348985715525
2025-04-16 02:00:00,13239.0,13100.90735532666
2025-04-16 03:00:00,12930.0,12813.282045296995
2025-04-16 04:00:00,12713.0,12713.203232682448
2025-04-16 05:00:00,12158.0,12193.907693255302
2025-04-16 06:00:00,12341.0,12315.162072269964
2025-04-16 07:00:00,12453.0,12421.312810546304
2025-04-16 08:00:00,13001.0,12908.218302857496
2025-04-16 09:00:00,13513.0,13330.85904153071
2025-04-16 10:00:00,13736.0,14003.421603200664
2025-04-16 11:00:00,14049.0,13943.37389328279
2025-04-16 12:00:00,13893.0,13843.935265389542
2025-04-16 13:00:00,12662.0,12407.716282229725
2025-04-16 14:00:00,11273.0,11148.592590128654
2025-04-16 15:00:00,9060.0,8324.897993119592
2025-04-16 16:00:00,9799.0,9720.741149488153
2025-04-16 17:00:00,10644.0,10585.370101695937
2025-04-16 18:00:00,11924.0,11776.576819242286
2025-04-16 18:30:00,12450.0,12460.658592617547
2025-04-16 19:00:00,12468.0,12451.833889560123
2025-04-16 20:00:00,12625.0,12604.217249660516
2025-04-16 21:00:00,12640.0,12643.891020251793
2025-04-16 22:00:00,12532.0,12498.111684481904
2025-04-16 23:00:00,12314.0,12184.431548602159
2025-04-17 00:00:00,12032.0,12016.683239554002
2025-04-17 01:00:00,11497.0,11439.130173584268
2025-04-17 02:00:00,11026.0,11045.020397636114
2025-04-17 03:00:00,10739.0,10762.288829158277
2025-04-17 04:00:00,10332.0,10341.478483271401
2025-04-17 05:00:00,9881.0,9887.4645668415
2025-04-17 06:00:00,10368.0,10342.383433477236
2025-04-17 07:00:00,10312.0,10287.02573965221
2025-04-17 08:00:00,10776.0,10758.240168646264
2025-04-17 09:00:00,11129.0,11169.762094995136
2025-04-17 10:00:00,10977.0,10984.483908177417
2025-04-17 11:00:00,10339.0,10308.532936939186
2025-04-17 12:00:00,10389.0,10457.966024046891
2025-04-17 13:00:00,10049.0,10071.701140967945
2025-04-17 14:00:00,10136.0,10185.619164769625
2025-04-17 15:00:00,10284.0,10348.315151638175
2025-04-17 16:00:00,10147.0,10200.200005898365
2025-04-17 17:00:00,10537.0,10586.727170583312
2025-04-17 18:00:00,12043.0,12048.366289161955
2025-04-17 18:30:00,12157.0,12140.915975806425
2025-04-17 19:00:00,12053.0,12116.014268129
2025-04-17 20:00:00,12042.0,12077.796893441691
2025-04-17 21:00:00,11752.0,11774.431293921538
2025-04-17 22:00:00,11545.0,11565.202332831333
2025-04-17 23:00:00,11352.0,11339.187485259421
2025-04-18 00:00:00,10916.0,10908.091700395918
2025-04-18 01:00:00,10518.0,10547.789978363253
2025-04-18 02:00:00,10135.0,10147.720858615916
2025-04-18 03:00:00,9867.0,9888.312564209256
2025-04-18 04:00:00,9697.0,9708.180809111154
2025-04-18 05:00:00,9349.0,9406.331142938876
2025-04-18 06:00:00,9549.0,9628.363448742077
2025-04-18 07:00:00,9649.0,9660.936550820756
2025-04-18 08:00:00,9781.0,9845.50496769667
2025-04-18 09:00:00,9888.0,9916.253547635466
2025-04-18 10:00:00,10263.0,10316.428575514863
2025-04-18 11:00:00,11044.0,10998.827303141677
2025-04-18 12:00:00,11528.0,11574.221835504954
2025-04-18 13:00:00,10399.0,10401.220811325109
2025-04-18 14:00:00,10286.0,10313.597140597474
2025-04-18 15:00:00,9693.0,9749.073433847263
2025-04-18 16:00:00,9552.0,9594.980977042198
2025-04-18 17:00:00,9881.0,9903.851420366402
2025-04-18 18:00:00,11564.0,11534.990147664035
2025-04-18 18:30:00,11820.0,11886.46999468482
2025-04-18 19:00:00,11681.0,11743.26461209006
2025-04-18 20:00:00,11740.0,11786.190110746178
2025-04-18 21:00:00,11737.0,11818.021486856673
2025-04-18 22:00:00,11645.0,11682.179792549689
2025-04-18 23:00:00,11432.0,11408.309504161343
2025-04-19 00:00:00,11020.0,11042.727268875415
2025-04-19 01:00:00,10464.0,10458.452340888469
2025-04-19 02:00:00,10133.0,10148.711077406333
2025-04-19 03:00:00,9807.0,9808.731812023514
2025-04-19 04:00:00,9687.0,9659.92215243344
2025-04-19 05:00:00,9519.0,9511.811772796966
2025-04-19 06:00:00,9858.0,9860.32758302726
2025-04-19 07:00:00,9994.0,10035.486682580111
2025-04-19 08:00:00,10464.0,10467.337835746977
2025-04-19 09:00:00,10667.0,10707.286693192902
2025-04-19 10:00:00,11170.0,11183.764489524201
2025-04-19 11:00:00,11968.0,11999.919481160956
2025-04-19 12:00:00,12337.0,12328.977695053276
2025-04-19 13:00:00,12292.0,12210.078121795385
2025-04-19 14:00:00,12061.0,12060.574273791686
2025-04-19 15:00:00,12298.0,12194.52772675247
2025-04-19 16:00:00,12135.0,12112.539468101073
2025-04-19 17:00:00,12210.0,12135.497109273485
2025-04-19 18:00:00,14185.0,13392.767053136336
2025-04-19 18:30:00,14451.0,13654.134811984197
2025-04-19 19:00:00,14284.0,13568.763210221166
2025-04-19 20:00:00,14304.0,13632.765585149107
2025-04-19 21:00:00,14081.0,13561.956999279128
2025-04-19 22:00:00,13702.0,13495.959923896202
2025-04-19 23:00:00,13602.0,13580.4411217381
2025-04-20 00:00:00,13095.0,12939.087880072271
2025-04-20 01:00:00,12730.0,12672.53798962677
2025-04-20 02:00:00,12260.0,12253.843941244784
2025-04-20 03:00:00,11892.0,11914.061949822746
2025-04-20 04:00:00,11689.0,11703.36336742295
2025-04-20 05:00:00,11241.0,11234.790667574553
2025-04-20 06:00:00,11539.0,11581.654801521994
2025-04-20 07:00:00,11464.0,11490.6755422097
2025-04-20 08:00:00,12141.0,12118.52359427742
2025-04-20 09:00:00,12617.0,12593.216756800857
2025-04-20 10:00:00,12816.0,12837.250411525782
2025-04-20 11:00:00,13355.0,13261.6299422148
2025-04-20 12:00:00,14024.0,13797.895674312887
2025-04-20 13:00:00,14028.0,13673.190848720236
2025-04-20 14:00:00,14215.0,13700.537942688252
2025-04-20 15:00:00,14017.0,13623.409596555734
2025-04-20 16:00:00,13555.0,13516.982533277322
2025-04-20 17:00:00,13526.0,13762.206138436339
2025-04-20 18:00:00,14970.0,13966.866821124468
2025-04-20 18:30:00,15576.0,14072.331910821746
2025-04-20 19:00:00,15570.0,13981.85408309483
2025-04-20 20:00:00,15514.0,13871.558682944258
2025-04-20 21:00:00,15238.0,13780.111133359635
2025-04-20 22:00:00,15216.0,13966.443913282403
2025-04-20 23:00:00,15124.0,13775.395333271823
2025-04-21 00:00:00,14420.0,13346.617829039238
2025-04-21 01:00:00,14047.0,13531.203249359276
2025-04-21 02:00:00,13551.0,13501.25646223972
2025-04-21 03:00:00,13132.0,13065.416439859151
2025-04-21 04:00:00,12720.0,12720.352804824675
2025-04-21 05:00:00,12011.0,12060.873978601121
2025-04-21 06:00:00,11877.0,11861.710005738882
2025-04-21 07:00:00,11118.0,11146.083067523174
2025-04-21 08:00:00,10208.0,10244.299936915158
2025-04-21 09:00:00,10669.0,10653.284309504521
2025-04-21 10:00:00,11671.0,11696.88987700484
2025-04-21 11:00:00,12361.0,12343.178745903742
2025-04-21 12:00:00,12747.0,12792.755976876915
2025-04-21 13:00:00,12675.0,12750.54131643986
2025-04-21 14:00:00,13102.0,12952.6722667681
2025-04-21 15:00:00,13044.0,13015.864981256815
2025-04-21 16:00:00,12835.0,12778.58419412892
2025-04-21 17:00:00,12607.0,12666.00743508984
2025-04-21 18:00:00,14692.0,13644.260797387913
2025-04-21 18:30:00,15016.0,13972.652887387654
2025-04-21 19:00:00,14902.0,13946.461600492126
2025-04-21 20:00:00,14943.0,14037.088905733282
2025-04-21 21:00:00,14698.0,13808.773468720347
2025-04-21 22:00:00,14438.0,13759.314856449226
2025-04-21 23:00:00,14353.0,13852.756898087282
2025-04-22 00:00:00,13556.0,13526.47621991803
2025-04-22 01:00:00,13224.0,13181.838580780455
2025-04-22 02:00:00,12900.0,12781.651297775901
2025-04-22 03:00:00,12512.0,12570.592091480281
2025-04-22 04:00:00,12300.0,12289.879654459764
2025-04-22 05:00:00,11947.0,11955.862225837382
2025-04-22 06:00:00,12223.0,12236.174804496555
2025-04-22 07:00:00,12064.0,12093.089361422322
2025-04-22 08:00:00,12414.0,12441.31376095456
2025-04-22 09:00:00,12845.0,12848.086631686372
2025-04-22 10:00:00,13139.0,13177.55141493117
2025-04-22 11:00:00,13614.0,13801.730138781799
2025-04-22 12:00:00,14042.0,13864.489492443765
2025-04-22 13:00:00,14244.0,13870.769385560396
2025-04-22 14:00:00,14486.0,13860.392125754639
2025-04-22 15:00:00,14190.0,13852.067535322416
2025-04-22 16:00:00,13761.0,13813.960474709864
2025-04-22 17:00:00,13618.0,13982.746092339941
2025-04-22 18:00:00,15077.0,14244.039540601241
2025-04-22 18:30:00,15674.0,14257.566679727093
2025-04-22 19:00:00,15653.0,14210.109837009953
2025-04-22 20:00:00,15660.0,14307.200334672194
2025-04-22 21:00:00,15552.0,14209.905035787042
2025-04-22 22:00:00,15397.0,14035.129625943717
2025-04-22 23:00:00,15133.0,13880.843222649117
2025-04-23 00:00:00,14413.0,13573.48415322473
2025-04-23 01:00:00,13916.0,13606.236414593533
2025-04-23 02:00:00,13625.0,13606.650853131234
2025-04-23 03:00:00,13350.0,13154.944747240914
2025-04-23 04:00:00,13157.0,13150.262123241755
2025-04-23 05:00:00,12675.0,12706.010948686242
2025-04-23 06:00:00,12806.0,12846.789018383268
2025-04-23 07:00:00,12611.0,12568.651290297807
2025-04-23 08:00:00,12735.0,12816.672617297912
2025-04-23 09:00:00,13012.0,13024.707642218946
2025-04-23 10:00:00,13409.0,13416.524635939259
2025-04-23 11:00:00,13782.0,13933.926836397071
2025-04-23 12:00:00,14072.0,14008.072635307968
2025-04-23 13:00:00,14071.0,13933.221610544848
2025-04-23 14:00:00,14195.0,13967.722623738142
2025-04-23 15:00:00,14324.0,14039.944986971217
2025-04-23 16:00:00,13997.0,13827.240911142146
2025-04-23 17:00:00,13936.0,14051.338153057615
2025-04-23 18:00:00,15538.0,14068.727820211616
2025-04-23 18:30:00,15727.0,14044.330935970338
2025-04-23 19:00:00,15839.0,14161.693975233044
2025-04-23 20:00:00,15867.0,14175.100329178373
2025-04-23 21:00:00,15761.0,14016.73464367912
2025-04-23 22:00:00,15646.0,13978.050191775455
2025-04-23 23:00:00,15517.0,13983.737132483553
2025-04-24 00:00:00,15014.0,13685.885674665114
2025-04-24 01:00:00,14621.0,13574.616577257406
2025-04-24 02:00:00,14275.0,13574.526431505506
2025-04-24 03:00:00,13955.0,13633.39025373663
2025-04-24 04:00:00,13607.0,13591.942854261128
2025-04-24 05:00:00,13119.0,13118.980830584189
2025-04-24 06:00:00,12966.0,12959.106139989688
2025-04-24 07:00:00,13036.0,12923.402708188949
2025-04-24 08:00:00,13269.0,13194.956077643388
2025-04-24 09:00:00,13711.0,13701.365027618294
2025-04-24 10:00:00,14380.0,13945.67903518498
2025-04-24 11:00:00,14593.0,14012.290900999309
2025-04-24 12:00:00,14816.0,13979.055477636595
2025-04-24 13:00:00,14849.0,13936.58432124073
2025-04-24 14:00:00,14885.0,13934.71428169404
2025-04-24 15:00:00,14945.0,14121.641665297522
2025-04-24 16:00:00,14534.0,13888.15230022705
2025-04-24 17:00:00,14163.0,13848.611822728464
2025-04-24 18:00:00,16008.0,14189.234085375108
2025-04-24 18:30:00,16173.5625,14170.963429934789
2025-04-24 19:00:00,16173.5625,14176.773207262819
2025-04-24 20:00:00,16154.0,14152.007783803718
2025-04-24 21:00:00,16070.0,14112.5908651313
2025-04-24 22:00:00,15963.0,14076.344854976436
2025-04-24 23:00:00,15805.0,13952.896699560197
2025-04-25 00:00:00,15451.0,13687.945013299848
2025-04-25 01:00:00,15111.0,13737.491934954312
2025-04-25 02:00:00,14666.0,13646.02262126297
2025-04-25 03:00:00,14282.0,13724.651885393954
2025-04-25 04:00:00,13907.0,13643.2118557262
2025-04-25 05:00:00,13318.0,13112.837784970061
2025-04-25 06:00:00,12879.0,12856.577241957344
2025-04-25 07:00:00,12638.0,12680.101245787604
2025-04-25 08:00:00,12464.0,12604.207108340974
2025-04-25 09:00:00,12389.0,12550.465115253097
2025-04-25 10:00:00,12768.0,12794.130532547824
2025-04-25 11:00:00,13320.0,13375.116539740698
2025-04-25 12:00:00,13860.0,13924.970805756868
2025-04-25 13:00:00,13461.0,13353.91059859943
2025-04-25 14:00:00,13781.0,13932.880687384073
2025-04-25 15:00:00,13643.0,13824.819721523605
2025-04-25 16:00:00,13048.0,12945.281339113737
2025-04-25 17:00:00,12694.0,12719.455764867875
2025-04-25 18:00:00,14622.0,13886.853767990971
2025-04-25 18:30:00,15462.0,14082.863419087482
2025-04-25 19:00:00,15341.0,13986.179525239977
2025-04-25 20:00:00,15558.0,14115.677928272451
2025-04-25 21:00:00,15515.0,14056.669464210438
2025-04-25 22:00:00,15515.0,14035.185838804566
2025-04-25 23:00:00,15342.0,13896.027872020277
2025-04-26 00:00:00,14940.0,13736.907577352338
2025-04-26 01:00:00,14440.0,13784.044550383487
2025-04-26 02:00:00,14063.0,13670.731760995564
2025-04-26 03:00:00,13733.0,13665.414862065903
2025-04-26 04:00:00,13623.0,13675.101801067192
2025-04-26 05:00:00,13191.0,13131.463776862627
2025-04-26 06:00:00,12993.0,12960.845292995116
2025-04-26 07:00:00,12812.0,12795.007901679497
2025-04-26 08:00:00,12665.0,12803.452899444203
2025-04-26 09:00:00,12663.0,12793.576436231653
2025-04-26 10:00:00,12920.0,12925.128550084626
2025-04-26 11:00:00,13490.0,13440.461749069
2025-04-26 12:00:00,13931.0,14084.348573856709
2025-04-26 13:00:00,13874.0,13933.609107198945
2025-04-26 14:00:00,14239.0,14082.136997992768
2025-04-26 15:00:00,14500.0,13892.001932701945
2025-04-26 16:00:00,14515.0,13910.981749757366
2025-04-26 17:00:00,12547.0,12178.17206650355
2025-04-26 18:00:00,12822.0,10839.939264500194
2025-04-26 18:30:00,13386.0,11172.0180766616
2025-04-26 19:00:00,13798.0,11528.243714419143
2025-04-26 20:00:00,14439.0,13114.280644856066
2025-04-26 21:00:00,14772.0,13199.949007260058
2025-04-26 22:00:00,14838.0,13435.673542473956
2025-04-26 23:00:00,15104.0,13705.863266499493
2025-04-27 00:00:00,14950.0,13958.857710254108
2025-04-27 01:00:00,14440.0,13910.044884206993
2025-04-27 02:00:00,13582.0,13232.59850514827
2025-04-27 03:00:00,13004.0,12803.925541782533
2025-04-27 04:00:00,12781.0,12695.986011171717
2025-04-27 05:00:00,12532.0,12453.485607455179
2025-04-27 06:00:00,12567.0,12584.55148886354
2025-04-27 07:00:00,12461.0,12448.025015979976
2025-04-27 08:00:00,12961.0,12854.64099149894
2025-04-27 09:00:00,13314.0,13326.40075961735
2025-04-27 10:00:00,13861.0,13989.487761905579
2025-04-27 11:00:00,14359.0,13915.0378968203
2025-04-27 12:00:00,14660.0,13994.82401501347
2025-04-27 13:00:00,14669.0,13945.0073114122
2025-04-27 14:00:00,14761.0,13829.951190988986
2025-04-27 15:00:00,14471.0,13676.336444057984
2025-04-27 16:00:00,14330.0,13832.75808610251
2025-04-27 17:00:00,14185.0,13873.292084010567
2025-04-27 18:00:00,15525.0,14188.136721923704
2025-04-27 18:30:00,15892.0,14286.242236405655
2025-04-27 19:00:00,15877.0,14209.500450125115
2025-04-27 20:00:00,15851.0,14206.936620519538
2025-04-27 21:00:00,15577.0,13989.72328571597
2025-04-27 22:00:00,15542.0,13970.924877377536
2025-04-27 23:00:00,15485.0,14014.086832379324
2025-04-28 00:00:00,15012.0,13707.165036140763
2025-04-28 01:00:00,14692.0,13889.859389543002
2025-04-28 02:00:00,13957.0,13651.389924113439
2025-04-28 03:00:00,13268.0,13096.35725451281
2025-04-28 04:00:00,12837.0,12777.686070528815
2025-04-28 05:00:00,11996.0,12011.401131243314
2025-04-28 06:00:00,11596.0,11612.296348522486
2025-04-28 07:00:00,11180.0,11135.353826671693
2025-04-28 08:00:00,11403.0,11436.350432508465
2025-04-28 09:00:00,11385.0,11456.510555310502
2025-04-28 10:00:00,11683.0,11718.023391721565
2025-04-28 11:00:00,12231.0,12216.992595601016
2025-04-28 12:00:00,12115.0,12131.766135658227
2025-04-28 13:00:00,12189.0,12122.488698639201
2025-04-28 14:00:00,12336.0,12357.723576748813
2025-04-28 15:00:00,11791.0,11780.668469750894
2025-04-28 16:00:00,11570.0,11554.908912167797
2025-04-28 17:00:00,11260.0,11218.78888178512
2025-04-28 18:00:00,12636.0,12629.755459371494
2025-04-28 18:30:00,12820.0,12948.100469759098
2025-04-28 19:00:00,12676.0,12742.022048143022
2025-04-28 20:00:00,12666.0,12831.772480372409
2025-04-28 21:00:00,12582.0,12669.438603187722
2025-04-28 22:00:00,12249.0,12255.56054190715
2025-04-28 23:00:00,11871.0,11889.81722628604
2025-04-29 00:00:00,11314.0,11348.807780524963
2025-04-29 01:00:00,10517.0,10553.868109271396
2025-04-29 02:00:00,9906.0,9900.276944175646
2025-04-29 03:00:00,9638.0,9633.17250119714
2025-04-29 04:00:00,9058.0,8979.720751719979
2025-04-29 05:00:00,9106.0,9109.549752346578
2025-04-29 06:00:00,9559.0,9530.49922284732
2025-04-29 07:00:00,9930.0,9948.157208816207
2025-04-29 08:00:00,10656.0,10649.290844342851
2025-04-29 09:00:00,11435.0,11496.469423352106
2025-04-29 10:00:00,12191.0,12093.510738422974
2025-04-29 11:00:00,12742.0,12751.333621225553
2025-04-29 12:00:00,13006.0,13006.181689453942
2025-04-29 13:00:00,12864.0,12837.015938703318
2025-04-29 14:00:00,12941.0,12899.861203959843
2025-04-29 15:00:00,12829.0,12822.862103795927
2025-04-29 16:00:00,12305.0,12329.000862542734
2025-04-29 17:00:00,12360.0,12464.596706762983
2025-04-29 18:00:00,14069.0,13535.243025641124
2025-04-29 18:30:00,14163.0,13803.4742237958
2025-04-29 19:00:00,13932.0,13732.417287542637
2025-04-29 20:00:00,13785.0,13784.420328679087
2025-04-29 21:00:00,13692.0,13778.664264539786
2025-04-29 22:00:00,13408.0,13267.497952468751
2025-04-29 23:00:00,13237.0,13294.010658359495
2025-04-30 00:00:00,12552.0,12571.02726674092
2025-04-30 01:00:00,12104.0,12073.444857869797
2025-04-30 02:00:00,11748.0,11726.759434244002
2025-04-30 03:00:00,11389.0,11406.265051672708
2025-04-30 04:00:00,11192.0,11196.139305486897
2025-04-30 05:00:00,11115.0,11146.81337349572
2025-04-30 06:00:00,11219.0,11299.436002107994
2025-04-30 07:00:00,11445.0,11525.354056610346
2025-04-30 08:00:00,11878.0,11850.970042443683
2025-04-30 09:00:00,12473.0,12462.275216800284
2025-04-30 10:00:00,12968.0,12821.420278200922
2025-04-30 11:00:00,13384.0,13307.264409622974
2025-04-30 12:00:00,13686.0,13861.214884467858
2025-04-30 13:00:00,13102.0,12933.951448981137
2025-04-30 14:00:00,12976.0,13022.623839176511
2025-04-30 15:00:00,12727.0,12755.426706011285
2025-04-30 16:00:00,12261.0,12265.2062219187
2025-04-30 17:00:00,12147.0,12100.882236411293
2025-04-30 18:00:00,13937.0,13670.787683069339
2025-04-30 18:30:00,14158.0,14064.253262390897
2025-04-30 19:00:00,13974.0,13947.779703763099
2025-04-30 20:00:00,13919.0,14033.566936387426
2025-04-30 21:00:00,13447.0,13273.89922500745
2025-04-30 22:00:00,13091.0,12995.026966498503
2025-04-30 23:00:00,12919.0,12858.77239156105
2025-05-01 00:00:00,12523.0,12579.702793950777
2025-05-01 01:00:00,12034.0,12006.130177461495
2025-05-01 02:00:00,11747.0,11787.585230129542
2025-05-01 03:00:00,11400.0,11464.247394210839
2025-05-01 04:00:00,11117.0,11141.99599408113
2025-05-01 05:00:00,10549.0,10589.176555348511
2025-05-01 06:00:00,10299.0,10293.337978347497
2025-05-01 07:00:00,9998.0,10022.415861224574
2025-05-01 08:00:00,9936.0,9897.29425220443
2025-05-01 09:00:00,10034.0,10004.309339964499
2025-05-01 10:00:00,10422.0,10364.334032802806
2025-05-01 11:00:00,10974.0,10937.826018377596
2025-05-01 12:00:00,11176.0,11215.192198031946
2025-05-01 13:00:00,10542.0,10593.743267963679
2025-05-01 14:00:00,10041.0,10024.463289776071
2025-05-01 15:00:00,9705.0,9728.903420319739
2025-05-01 16:00:00,9106.0,9125.879231691533
2025-05-01 17:00:00,9009.0,8871.503473899014
2025-05-01 18:00:00,10939.0,10965.90028399126
2025-05-01 18:30:00,11383.0,11464.741616086154
2025-05-01 19:00:00,11369.0,11394.13035413792
2025-05-01 20:00:00,11428.0,11476.5949222462
2025-05-01 21:00:00,11241.0,11246.542839071553
2025-05-01 22:00:00,11077.0,11105.78876122145
2025-05-01 23:00:00,11108.0,11122.994050080204
2025-05-02 00:00:00,10670.0,10667.71879353574
2025-05-02 01:00:00,10386.0,10401.274397902984
2025-05-02 02:00:00,10052.0,10054.429415319488
2025-05-02 03:00:00,9662.0,9672.219807204088
2025-05-02 04:00:00,9454.0,9493.30045996048
2025-05-02 05:00:00,9271.0,9308.860302399311
2025-05-02 06:00:00,9685.0,9670.901177917149
2025-05-02 07:00:00,9904.0,9947.029018078161
2025-05-02 08:00:00,10163.0,10185.111106564358
2025-05-02 09:00:00,10323.0,10341.725371960283
2025-05-02 10:00:00,10946.0,10944.700689598629
2025-05-02 11:00:00,11646.0,11699.022033570369
2025-05-02 12:00:00,12277.0,12269.82376373658
2025-05-02 13:00:00,11593.0,11690.5766199747
2025-05-02 14:00:00,11854.0,11869.76277987698
2025-05-02 15:00:00,11571.0,11639.3395439779
2025-05-02 16:00:00,11244.0,11289.730949525314
2025-05-02 17:00:00,11183.0,11253.746506172616
2025-05-02 18:00:00,13144.0,12985.942899395546
2025-05-02 18:30:00,13676.0,13778.447304926885
2025-05-02 19:00:00,13622.0,13730.964516222899
2025-05-02 20:00:00,13647.0,13739.05555979704
2025-05-02 21:00:00,13441.0,13241.345354002688
2025-05-02 22:00:00,13490.0,13284.901325552155
2025-05-02 23:00:00,13458.0,13286.998350819673
2025-05-03 00:00:00,12927.0,12817.91792985736
2025-05-03 01:00:00,12348.0,12417.529992899481
2025-05-03 02:00:00,11947.0,11915.009083886613
2025-05-03 03:00:00,11534.0,11556.85215298404
2025-05-03 04:00:00,11347.0,11343.607279096706
2025-05-03 05:00:00,10969.0,10981.337236578418
2025-05-03 06:00:00,11304.0,11336.518720998967
2025-05-03 07:00:00,11414.0,11394.318080934876
2025-05-03 08:00:00,11739.0,11811.574700353249
2025-05-03 09:00:00,11998.0,11996.60384115095
2025-05-03 10:00:00,12436.0,12476.245979086492
2025-05-03 11:00:00,12706.0,12668.71842190466
2025-05-03 12:00:00,12610.0,12595.466284203709
2025-05-03 13:00:00,12411.0,12385.180786408317
2025-05-03 14:00:00,12721.0,12691.073484305125
2025-05-03 15:00:00,12825.0,12847.199030801861
2025-05-03 16:00:00,12759.0,12747.302515561747
2025-05-03 17:00:00,12524.0,12456.968375892691
2025-05-03 18:00:00,14162.0,13669.267566013546
2025-05-03 18:30:00,14864.0,14120.87034168854
2025-05-03 19:00:00,14876.0,14087.762601845361
2025-05-03 20:00:00,14769.0,13969.16958978529
2025-05-03 21:00:00,14060.0,13730.420623856837
2025-05-03 22:00:00,14274.0,13943.11474814004
2025-05-03 23:00:00,14146.0,13776.178855664695
2025-05-04 00:00:00,13515.0,13107.08047151111
2025-05-04 01:00:00,13216.0,12960.89061621698
2025-05-04 02:00:00,12758.0,12703.509911838626
2025-05-04 03:00:00,12318.0,12338.045223534016
2025-05-04 04:00:00,12115.0,12109.618763540562
2025-05-04 05:00:00,11795.0,11737.445840271785
2025-05-04 06:00:00,11956.0,11973.788278639453
2025-05-04 07:00:00,11974.0,11986.393994557337
2025-05-04 08:00:00,12558.0,12577.271188944876
2025-05-04 09:00:00,13076.0,12945.99151383642
2025-05-04 10:00:00,13360.0,13262.098028659351
2025-05-04 11:00:00,13684.0,13773.718762063581
2025-05-04 12:00:00,13826.0,13730.535239395986
2025-05-04 13:00:00,13250.0,13139.770831085883
2025-05-04 14:00:00,13248.0,13263.202537277932
2025-05-04 15:00:00,13032.0,12964.739616495275
2025-05-04 16:00:00,12840.0,12820.901257517804
2025-05-04 17:00:00,12672.0,12709.109581159353
2025-05-04 18:00:00,14484.0,13647.816302559528
2025-05-04 18:30:00,14784.0,13932.302450572919
2025-05-04 19:00:00,14538.0,13815.756164563089
2025-05-04 20:00:00,14489.0,13963.274939230316
2025-05-04 21:00:00,14217.0,13830.504548417563
2025-05-04 22:00:00,14161.0,13845.429192395288
2025-05-04 23:00:00,13905.0,13766.116160553349
2025-05-05 00:00:00,13472.0,13172.715648447764
2025-05-05 01:00:00,12933.0,12816.983846545201
2025-05-05 02:00:00,12648.0,12580.02642251685
2025-05-05 03:00:00,12316.0,12247.600667845314
2025-05-05 04:00:00,12041.0,12026.226965392656
2025-05-05 05:00:00,11719.0,11675.118985457355
2025-05-05 06:00:00,11960.0,11948.194263312795
2025-05-05 07:00:00,12041.0,12028.486147070818
2025-05-05 08:00:00,12541.0,12395.282201626285
2025-05-05 09:00:00,13049.0,12896.738801909189
2025-05-05 10:00:00,13390.0,13254.242815622798
2025-05-05 11:00:00,13843.0,13747.760077147323
2025-05-05 12:00:00,14054.0,13789.150270098928
2025-05-05 13:00:00,14044.0,13773.446411206527
2025-05-05 14:00:00,14272.0,13811.096236282077
2025-05-05 15:00:00,13961.0,13800.382204783284
2025-05-05 16:00:00,13627.0,13808.323932488374
2025-05-05 17:00:00,13303.0,13355.193911643864
2025-05-05 18:00:00,15022.0,14102.314245253423
2025-05-05 18:30:00,15485.0,14237.893721666343
2025-05-05 19:00:00,15153.0,13979.798201284406
2025-05-05 20:00:00,15142.0,14159.920984428885
2025-05-05 21:00:00,14927.0,13947.87400301434
2025-05-05 22:00:00,14783.0,13947.47131563805
2025-05-05 23:00:00,14479.0,13783.603678407513
2025-05-06 00:00:00,14160.0,13614.990977078365
2025-05-06 01:00:00,13729.0,13583.12953237331
2025-05-06 02:00:00,13296.0,13133.15132373843
2025-05-06 03:00:00,12938.0,12894.43701981803
2025-05-06 04:00:00,12582.0,12562.284226633281
2025-05-06 05:00:00,12149.0,12220.906788368417
2025-05-06 06:00:00,11865.0,11933.01632798855
2025-05-06 07:00:00,11894.0,11927.764105192788
2025-05-06 08:00:00,12486.0,12443.513559400419
2025-05-06 09:00:00,12733.0,12707.671406756697
2025-05-06 10:00:00,12649.0,12784.233691107847
2025-05-06 11:00:00,13039.0,13049.069813967746
2025-05-06 12:00:00,12575.0,12543.488805416502
2025-05-06 13:00:00,12425.0,12289.734556245076
2025-05-06 14:00:00,12594.0,12528.723159326593
2025-05-06 15:00:00,12374.0,12375.197283725318
2025-05-06 16:00:00,12251.0,12266.257302221125
2025-05-06 17:00:00,12436.0,12487.958388122051
2025-05-06 18:00:00,14079.0,13636.645478190143
2025-05-06 18:30:00,14691.0,13976.538922209778
2025-05-06 19:00:00,14500.0,13883.704413677056
2025-05-06 20:00:00,14377.0,13912.762002825804
2025-05-06 21:00:00,14127.0,13829.446898940389
2025-05-06 22:00:00,13882.0,13815.321599969204
2025-05-06 23:00:00,13802.0,13803.899025041903
2025-05-07 00:00:00,13118.0,12929.966508083564
2025-05-07 01:00:00,12744.0,12705.658972516145
2025-05-07 02:00:00,12422.0,12349.544756037722
2025-05-07 03:00:00,12103.0,12026.107083868068
2025-05-07 04:00:00,11874.0,11823.631921175152
2025-05-07 05:00:00,11524.0,11561.095775958267
2025-05-07 06:00:00,11808.0,11827.854902111221
2025-05-07 07:00:00,11869.0,11893.681647640055
2025-05-07 08:00:00,12542.0,12490.704855755786
2025-05-07 09:00:00,13084.0,12982.8456324505
2025-05-07 10:00:00,13487.0,13332.451474447833
2025-05-07 11:00:00,13961.0,13973.740957966558
2025-05-07 12:00:00,14325.0,13820.635854776097
2025-05-07 13:00:00,14247.0,13747.234147694551
2025-05-07 14:00:00,14325.0,13779.345597502363
2025-05-07 15:00:00,14328.0,13950.439712419335
2025-05-07 16:00:00,14107.0,13835.189453271298
2025-05-07 17:00:00,13665.0,13835.228102022664
2025-05-07 18:00:00,15159.0,14158.26108396512
2025-05-07 18:30:00,16016.0,14361.976446251994
2025-05-07 19:00:00,16063.0,14308.174751782628
2025-05-07 20:00:00,16049.0,14264.440950328397
2025-05-07 21:00:00,15756.0,14038.665713531427
2025-05-07 22:00:00,15712.0,14005.080790508999
2025-05-07 23:00:00,15745.0,13951.077796701786
2025-05-08 00:00:00,15107.0,13529.594236800109
2025-05-08 01:00:00,14571.0,13524.588695835173
2025-05-08 02:00:00,14012.0,13525.18362958171
2025-05-08 03:00:00,13645.0,13591.93196815621
2025-05-08 04:00:00,13465.0,13224.770320257412
2025-05-08 05:00:00,12923.0,12807.92121440258
2025-05-08 06:00:00,12930.0,12873.172130478266
2025-05-08 07:00:00,12844.0,12901.43687545167
2025-05-08 08:00:00,13260.0,13290.538344063569
2025-05-08 09:00:00,13728.0,13967.317097503023
2025-05-08 10:00:00,14267.0,14043.394736363001
2025-05-08 11:00:00,14830.0,14051.537454464815
2025-05-08 12:00:00,15127.0,14133.042491457227
2025-05-08 13:00:00,15126.0,14005.328531436695
2025-05-08 14:00:00,15070.0,14006.02518266738
2025-05-08 15:00:00,14792.0,13882.82152320794
2025-05-08 16:00:00,14462.0,13855.41400913954
2025-05-08 17:00:00,14165.0,13964.76481631563
2025-05-08 18:00:00,15677.0,14175.853543425019
2025-05-08 18:30:00,15809.0,14100.677598965784
2025-05-08 19:00:00,15746.0,13934.23613222093
2025-05-08 20:00:00,16036.0,14157.464860747396
2025-05-08 21:00:00,16026.0,14127.800491437263
2025-05-08 22:00:00,15919.0,14033.983601630156
2025-05-08 23:00:00,15768.0,14007.532445540783
2025-05-09 00:00:00,15253.0,13749.553348349518
2025-05-09 01:00:00,14610.0,13601.267238296577
2025-05-09 02:00:00,14194.0,13651.925526954365
2025-05-09 03:00:00,13887.0,13665.840206601455
2025-05-09 04:00:00,13472.0,13118.140951421707
2025-05-09 05:00:00,12000.0,12100.12458278905
2025-05-09 06:00:00,12054.0,12011.593103703444
2025-05-09 07:00:00,12211.0,12115.524261230019
2025-05-09 08:00:00,12221.0,12246.353766380087
2025-05-09 09:00:00,12680.0,12760.815128010996
2025-05-09 10:00:00,13033.0,13077.960670077706
2025-05-09 11:00:00,13556.0,13361.096929273317
2025-05-09 12:00:00,13896.0,13752.322894079882
2025-05-09 13:00:00,13635.0,13602.079341531089
2025-05-09 14:00:00,13986.0,13736.865012042368
2025-05-09 15:00:00,13573.0,13715.0726214243
2025-05-09 16:00:00,13334.0,13256.44308236494
2025-05-09 17:00:00,12947.0,12943.971280913673
2025-05-09 18:00:00,14838.0,13898.006964079383
2025-05-09 18:30:00,15634.0,14083.242839893115
2025-05-09 19:00:00,15791.0,14058.681147930132
2025-05-09 20:00:00,16084.0,14106.781019814009
2025-05-09 21:00:00,16121.0,14080.548220722387
2025-05-09 22:00:00,16163.0,13952.660114007444
2025-05-09 23:00:00,15944.0,13729.420327421329
2025-05-10 00:00:00,15578.0,13598.845441850455
2025-05-10 01:00:00,15162.0,13656.731999730033
2025-05-10 02:00:00,14827.0,13702.258941966604
2025-05-10 03:00:00,14270.0,13629.431652453713
2025-05-10 04:00:00,14084.0,13563.387294669026
2025-05-10 05:00:00,13475.0,13306.792360690517
2025-05-10 06:00:00,13359.0,13213.719503088216
2025-05-10 07:00:00,13326.0,13281.864073988778
2025-05-10 08:00:00,13269.0,13310.280189297631
2025-05-10 09:00:00,13529.0,13820.77251337194
2025-05-10 10:00:00,13991.0,13799.594777033104
2025-05-10 11:00:00,14203.0,13803.765398220707
2025-05-10 12:00:00,14232.0,13598.89502805864
2025-05-10 13:00:00,14300.0,13535.078407075463
2025-05-10 14:00:00,14532.0,13450.140606811081
2025-05-10 15:00:00,14425.0,13272.857250938094
2025-05-10 16:00:00,14303.0,13476.88495580603
2025-05-10 17:00:00,14263.0,13562.993292162691
2025-05-10 18:00:00,15550.0,13531.320857452518
2025-05-10 18:30:00,16018.0,13307.864519949631
2025-05-10 19:00:00,16173.5625,13329.74154774559
2025-05-10 20:00:00,16173.5625,13769.061539353363
2025-05-10 21:00:00,16173.5625,13798.646173469539
2025-05-10 22:00:00,16173.5625,13712.296244478703
2025-05-10 23:00:00,16173.5625,13847.779648141837
2025-05-11 00:00:00,16092.0,13657.364774630834
2025-05-11 01:00:00,15846.0,13528.503820076894
2025-05-11 02:00:00,15491.0,13466.407190257647
2025-05-11 03:00:00,15103.0,13365.601550655236
2025-05-11 04:00:00,14885.0,13396.481914109487
2025-05-11 05:00:00,13993.0,13220.19076081509
2025-05-11 06:00:00,13736.0,13550.822363542085
2025-05-11 07:00:00,13593.0,13607.82508223639
2025-05-11 08:00:00,13810.0,13935.439129393622
2025-05-11 09:00:00,13955.0,13957.71507825572
2025-05-11 10:00:00,14379.0,13962.170656615383
2025-05-11 11:00:00,14733.0,13938.140795639118
2025-05-11 12:00:00,15153.0,13932.737089114078
2025-05-11 13:00:00,15552.0,13944.952030264205
2025-05-11 14:00:00,15440.0,13814.776252527252
2025-05-11 15:00:00,14852.0,13737.065514924774
2025-05-11 16:00:00,13943.0,13697.86478826506
2025-05-11 17:00:00,12756.0,12466.969610403137
2025-05-11 18:00:00,13940.0,13796.500802437247
2025-05-11 18:30:00,14938.0,14112.525944337794
2025-05-11 19:00:00,14904.0,14007.04761717845
2025-05-11 20:00:00,15044.0,14064.72833362755
2025-05-11 21:00:00,15063.0,14078.120817159812
2025-05-11 22:00:00,15222.0,14016.925263166844
2025-05-11 23:00:00,15030.0,13885.977329670404
2025-05-12 00:00:00,14693.0,13817.57363330713
2025-05-12 01:00:00,13943.0,13741.626134262828
2025-05-12 02:00:00,13284.0,13239.222561882429
2025-05-12 03:00:00,12919.0,12815.44625788324
2025-05-12 04:00:00,12706.0,12732.872115421784
2025-05-12 05:00:00,12174.0,12130.2035746232
2025-05-12 06:00:00,12111.0,12124.179368372517
2025-05-12 07:00:00,12048.0,12038.749704305761
2025-05-12 08:00:00,12208.0,12249.213129923293
2025-05-12 09:00:00,12703.0,12778.877572680189
2025-05-12 10:00:00,12824.0,12925.56837401573
2025-05-12 11:00:00,12937.0,12909.54827766866
2025-05-12 12:00:00,13329.0,13350.048615919377
2025-05-12 13:00:00,13393.0,13360.877013989486
2025-05-12 14:00:00,13831.0,13805.437732005363
2025-05-12 15:00:00,13704.0,13879.81261244806
2025-05-12 16:00:00,13247.0,13235.46564334543
2025-05-12 17:00:00,12904.0,12867.319580753267
2025-05-12 18:00:00,14464.0,13970.578029972508
2025-05-12 18:30:00,15342.0,14176.652355224129
2025-05-12 19:00:00,14906.0,13840.684488425584
2025-05-12 20:00:00,14987.0,14067.976622089189
2025-05-12 21:00:00,14730.0,13850.921565154511
2025-05-12 22:00:00,14825.0,14131.299349911202
2025-05-12 23:00:00,14748.0,14089.946956628053
2025-05-13 00:00:00,14088.0,13760.543341085118
2025-05-13 01:00:00,13479.0,13122.588491706023
2025-05-13 02:00:00,13225.0,13260.925954556831
2025-05-13 03:00:00,12975.0,12999.4984914808
2025-05-13 04:00:00,12821.0,12851.961969344566
2025-05-13 05:00:00,12251.0,12300.712354400588
2025-05-13 06:00:00,12357.0,12466.593121885178
2025-05-13 07:00:00,12474.0,12561.259286208293
2025-05-13 08:00:00,12951.0,12809.109547058832
2025-05-13 09:00:00,13428.0,13347.293965500434
2025-05-13 10:00:00,13661.0,13896.632146844033
2025-05-13 11:00:00,14472.0,14004.643810639394
2025-05-13 12:00:00,14733.0,13894.736619177927
2025-05-13 13:00:00,14537.0,13895.389876374275
2025-05-13 14:00:00,14867.0,14029.6066988614
2025-05-13 15:00:00,14939.0,13856.764863317623
2025-05-13 16:00:00,14452.0,13793.338040871911
2025-05-13 17:00:00,14012.0,13809.138202905538
2025-05-13 18:00:00,15168.0,13821.948622414038
2025-05-13 18:30:00,15703.0,13944.022843537863
2025-05-13 19:00:00,15781.0,14164.740443624281
2025-05-13 20:00:00,15936.0,14158.810768517758
2025-05-13 21:00:00,15874.0,14126.950940172474
2025-05-13 22:00:00,15784.0,14042.228415044898
2025-05-13 23:00:00,15449.0,13537.670579441
2025-05-14 00:00:00,15239.0,13540.272069224593
2025-05-14 01:00:00,15000.0,13507.009404685603
2025-05-14 02:00:00,14611.0,13377.414784706709
2025-05-14 03:00:00,14218.0,13560.527608400596
2025-05-14 04:00:00,14077.0,13740.098216113292
2025-05-14 05:00:00,13486.0,13632.17747347275
2025-05-14 06:00:00,13592.0,13849.129694219471
2025-05-14 07:00:00,13401.0,13233.57691938996
2025-05-14 08:00:00,13386.0,13324.446883789167
2025-05-14 09:00:00,13668.0,13848.424335723448
2025-05-14 10:00:00,13896.0,13739.053136596309
2025-05-14 11:00:00,13976.0,13547.718291362222
2025-05-14 12:00:00,14331.0,13839.81746033285
2025-05-14 13:00:00,14371.0,13904.140200236714
2025-05-14 14:00:00,13686.0,13622.417309896193
2025-05-14 15:00:00,13524.0,13365.320473641284
2025-05-14 16:00:00,13605.0,13994.427192438725
2025-05-14 17:00:00,13581.0,13975.143520673508
2025-05-14 18:00:00,14936.0,14081.810466533496
2025-05-14 18:30:00,15649.0,14116.171998507594
2025-05-14 19:00:00,15627.0,14036.387823011992
2025-05-14 20:00:00,15782.0,14121.720899759828
2025-05-14 21:00:00,15621.0,13947.581335782419
2025-05-14 22:00:00,15418.0,13963.976478337276
2025-05-14 23:00:00,15215.0,13906.840789750751
2025-05-15 00:00:00,14811.0,13663.379818629573
2025-05-15 01:00:00,14352.0,13584.851910084157
2025-05-15 02:00:00,13518.0,13532.3986929045
2025-05-15 03:00:00,13215.0,13229.734740984943
2025-05-15 04:00:00,12851.0,12775.523950503355
2025-05-15 05:00:00,12495.0,12405.240116383311
2025-05-15 06:00:00,12419.0,12400.887425075236
2025-05-15 07:00:00,12429.0,12327.039457480814
2025-05-15 08:00:00,12815.0,12772.78764559768
2025-05-15 09:00:00,13116.0,13087.677765437764
2025-05-15 10:00:00,13337.0,13387.18260163527
2025-05-15 11:00:00,13577.0,13842.12379318864
2025-05-15 12:00:00,13776.0,13893.743250571286
2025-05-15 13:00:00,14079.0,13938.367864560967
2025-05-15 14:00:00,14235.0,13999.638638545122
2025-05-15 15:00:00,13867.0,13859.726517952724
2025-05-15 16:00:00,13401.0,13330.082882761037
2025-05-15 17:00:00,13029.0,13024.018914655437
2025-05-15 18:00:00,14422.0,14129.322357736217
2025-05-15 18:30:00,14779.0,14088.38835323008
2025-05-15 19:00:00,14550.0,13952.476020209224
2025-05-15 20:00:00,14847.0,14057.723618965038
2025-05-15 21:00:00,14451.0,13857.086466660896
2025-05-15 22:00:00,14564.0,14030.839176145093
2025-05-15 23:00:00,14432.0,13841.839528994904
2025-05-16 00:00:00,13941.0,13544.978665817092
2025-05-16 01:00:00,13507.0,13615.563737034783
2025-05-16 02:00:00,13325.0,13177.991813153916
2025-05-16 03:00:00,13140.0,13150.615923427315
2025-05-16 04:00:00,12867.0,12897.657390183955
2025-05-16 05:00:00,12259.0,12276.249272687623
2025-05-16 06:00:00,12113.0,12182.683961547697
2025-05-16 07:00:00,12045.0,12099.169167421625
2025-05-16 08:00:00,12206.0,12220.68243708741
2025-05-16 09:00:00,12371.0,12382.324411613428
2025-05-16 10:00:00,12563.0,12580.940992042586
2025-05-16 11:00:00,13316.0,13219.322283870455
2025-05-16 12:00:00,13773.0,13888.617726633604
2025-05-16 13:00:00,13501.0,13235.994639662224
2025-05-16 14:00:00,13870.0,13936.580416054441
2025-05-16 15:00:00,13495.0,13235.440849278984
2025-05-16 16:00:00,12956.0,12865.445510130428
2025-05-16 17:00:00,12176.0,12221.892336394552
2025-05-16 18:00:00,13768.0,13706.78416622815
2025-05-16 18:30:00,14077.0,13993.365127639714
2025-05-16 19:00:00,13661.0,13849.98043734398
2025-05-16 20:00:00,12914.0,12870.498569361636
2025-05-16 21:00:00,12348.0,12424.134061329387
2025-05-16 22:00:00,12656.0,12625.817256229579
2025-05-16 23:00:00,12533.0,12546.449601663338
2025-05-17 00:00:00,12329.0,12323.480857428956
2025-05-17 01:00:00,11534.0,11529.466573978467
2025-05-17 02:00:00,11360.0,11308.588538811018
2025-05-17 03:00:00,11219.0,11227.206200046494
2025-05-17 04:00:00,10802.0,10829.557114412673
2025-05-17 05:00:00,10304.0,10327.042803757706
2025-05-17 06:00:00,10329.0,10386.331580253973
2025-05-17 07:00:00,10714.0,10724.324327011165
2025-05-17 08:00:00,11542.0,11568.049964687561
2025-05-17 09:00:00,11996.0,12000.709766081816
2025-05-17 10:00:00,12468.0,12457.304182548913
2025-05-17 11:00:00,13200.0,13027.18363568556
2025-05-17 12:00:00,13575.0,13415.952350876056
2025-05-17 13:00:00,13600.0,13820.07225509942
2025-05-17 14:00:00,13490.0,13355.545695813666
2025-05-17 15:00:00,13096.0,12975.54532661621
2025-05-17 16:00:00,12939.0,12856.508883269316
2025-05-17 17:00:00,12728.0,12780.446442679762
2025-05-17 18:00:00,13914.0,13702.894576759514
2025-05-17 18:30:00,14219.0,13960.75877991125
2025-05-17 19:00:00,13822.0,13693.36609719375
2025-05-17 20:00:00,13415.0,13295.02261940858
2025-05-17 21:00:00,12348.0,12448.444393209884
2025-05-17 22:00:00,11599.0,11647.55099813621
2025-05-17 23:00:00,11493.0,11500.284764344433
2025-05-18 00:00:00,10939.0,10927.594983408422
2025-05-18 01:00:00,10839.0,10839.69750829338
2025-05-18 02:00:00,10928.0,10888.494016926106
2025-05-18 03:00:00,10615.0,10618.92825533644
2025-05-18 04:00:00,10314.0,10314.303833105978
2025-05-18 05:00:00,10232.0,10244.930875524966
2025-05-18 06:00:00,10658.0,10652.68376901013
2025-05-18 07:00:00,10945.0,11019.977129538724
2025-05-18 08:00:00,11518.0,11569.064977591052
2025-05-18 09:00:00,12077.0,12068.337654119063
2025-05-18 10:00:00,12442.0,12444.367101920681
2025-05-18 11:00:00,13057.0,12979.130623927596
2025-05-18 12:00:00,13666.0,13740.739031160867
2025-05-18 13:00:00,13853.0,13803.844670060984
2025-05-18 14:00:00,14079.0,13685.072575591055
2025-05-18 15:00:00,13949.0,13701.20742311364
2025-05-18 16:00:00,13633.0,13599.105565418038
2025-05-18 17:00:00,12935.0,12845.838360278853
2025-05-18 18:00:00,14316.0,13886.017677874577
2025-05-18 18:30:00,14671.0,13944.599678862241
2025-05-18 19:00:00,14548.0,13734.879711091326
2025-05-18 20:00:00,14253.0,13645.466439311076
2025-05-18 21:00:00,13981.0,13746.138110432583
2025-05-18 22:00:00,13652.0,13694.093589304815
2025-05-18 23:00:00,13573.0,13820.051161234245
2025-05-19 00:00:00,13377.0,13233.88806797727
2025-05-19 01:00:00,13006.0,12894.448335327676
2025-05-19 02:00:00,12708.0,12680.632634229483
2025-05-19 03:00:00,12456.0,12431.365142361983
2025-05-19 04:00:00,12111.0,12079.85036792499
2025-05-19 05:00:00,11729.0,11732.8609244249
2025-05-19 06:00:00,11748.0,11753.668876707481
2025-05-19 07:00:00,11709.0,11761.280287243135
2025-05-19 08:00:00,11717.0,11736.41016342001
2025-05-19 09:00:00,12298.0,12295.979770271611
2025-05-19 10:00:00,12750.0,12800.15273676367
2025-05-19 11:00:00,13026.0,12972.867764663664
2025-05-19 12:00:00,12995.0,13018.134829086117
2025-05-19 13:00:00,12817.0,12815.88907869551
2025-05-19 14:00:00,12959.0,12975.214041859752
2025-05-19 15:00:00,13040.0,12977.945923426563
2025-05-19 16:00:00,12784.0,12793.146454382417
2025-05-19 17:00:00,12601.0,12585.686164176159
2025-05-19 18:00:00,13895.0,13609.693284528426
2025-05-19 18:30:00,14729.0,13921.460073231583
2025-05-19 19:00:00,14563.0,13775.022626283715
2025-05-19 20:00:00,14687.0,13939.23353100387
2025-05-19 21:00:00,14439.0,13840.35261926917
2025-05-19 22:00:00,14365.0,13875.496685226042
2025-05-19 23:00:00,14224.0,13691.402657997463
2025-05-20 00:00:00,13624.0,13528.975194211622
2025-05-20 01:00:00,13229.0,13164.167882615104
2025-05-20 02:00:00,12952.0,12834.421848950386
2025-05-20 03:00:00,12748.0,12729.65409661883
2025-05-20 04:00:00,12523.0,12555.908411468889
2025-05-20 05:00:00,12256.0,12187.542961578394
2025-05-20 06:00:00,12267.0,12212.664585504153
2025-05-20 07:00:00,12109.0,12160.861483446792
2025-05-20 08:00:00,12400.0,12427.650358171237
2025-05-20 09:00:00,12638.0,12683.233839438828
2025-05-20 10:00:00,12726.0,12777.998182536383
2025-05-20 11:00:00,12992.0,13011.503049382938
2025-05-20 12:00:00,12739.0,12725.708507425452
2025-05-20 13:00:00,12456.0,12449.40008962099
2025-05-20 14:00:00,12801.0,12807.417300469026
2025-05-20 15:00:00,12088.0,12137.026665600048
2025-05-20 16:00:00,11911.0,11912.056865033826
2025-05-20 17:00:00,11826.0,11854.986550230024
2025-05-20 18:00:00,13024.0,13073.259813251925
2025-05-20 18:30:00,13365.0,13324.976656665292
2025-05-20 19:00:00,13349.0,13391.689564573644
2025-05-20 20:00:00,13282.0,13347.33065127772
2025-05-20 21:00:00,13062.0,13035.595425117017
2025-05-20 22:00:00,13096.0,13041.479710591837
2025-05-20 23:00:00,12845.0,12748.101591060724
2025-05-21 00:00:00,12397.0,12388.10079073259
2025-05-21 01:00:00,12001.0,12003.83468581335
2025-05-21 02:00:00,11751.0,11741.729655578289
2025-05-21 03:00:00,11648.0,11688.637369006416
2025-05-21 04:00:00,11515.0,11485.78897925912
2025-05-21 05:00:00,11198.0,11242.248809649265
2025-05-21 06:00:00,11534.0,11577.281043785286
2025-05-21 07:00:00,11727.0,11747.782066550079
2025-05-21 08:00:00,12118.0,12049.474943581321
2025-05-21 09:00:00,12665.0,12674.500557339048
2025-05-21 10:00:00,12991.0,12970.750253169184
2025-05-21 11:00:00,13593.0,13735.456413880518
2025-05-21 12:00:00,13713.0,13804.983510123842
2025-05-21 13:00:00,13919.0,13812.251328924007
2025-05-21 14:00:00,13864.0,13680.41809954619
2025-05-21 15:00:00,12992.0,12829.759182233665
2025-05-21 16:00:00,12680.0,12722.887501217081
2025-05-21 17:00:00,12644.0,12657.25997113885
2025-05-21 18:00:00,13898.0,13673.987644347526
2025-05-21 18:30:00,14261.0,14035.581930156071
2025-05-21 19:00:00,14193.0,13969.30535510089
2025-05-21 20:00:00,14059.0,13932.55273378717
2025-05-21 21:00:00,13589.0,13732.422305421649
2025-05-21 22:00:00,13142.0,12973.38951081729
2025-05-21 23:00:00,12886.0,12836.543746561005
2025-05-22 00:00:00,12849.0,12791.650006188574
2025-05-22 01:00:00,12638.0,12561.604759947379
2025-05-22 02:00:00,12158.0,12134.21859144293
2025-05-22 03:00:00,11832.0,11860.06699373413
2025-05-22 04:00:00,11729.0,11795.736100457314
2025-05-22 05:00:00,11205.0,11203.966312086703
2025-05-22 06:00:00,11633.0,11592.306818541043
2025-05-22 07:00:00,11760.0,11754.781780984129
2025-05-22 08:00:00,12074.0,12015.131308535834
2025-05-22 09:00:00,12728.0,12663.746655418563
2025-05-22 10:00:00,12847.0,12804.060426809465
2025-05-22 11:00:00,13336.0,13206.12424606547
2025-05-22 12:00:00,13546.0,13728.739627839817
2025-05-22 13:00:00,13526.0,13281.400737814349
2025-05-22 14:00:00,13495.0,13288.197125281602
2025-05-22 15:00:00,13545.0,13881.881483763247
2025-05-22 16:00:00,13364.0,13284.616223089788
2025-05-22 17:00:00,13098.0,13003.383157625665
2025-05-22 18:00:00,14571.0,14054.181506635618
2025-05-22 18:30:00,15214.0,14153.392180170189
2025-05-22 19:00:00,14981.0,13949.081328193428
2025-05-22 20:00:00,15049.0,14151.575347342487
2025-05-22 21:00:00,15018.0,13943.783342285014
2025-05-22 22:00:00,14805.0,13779.330169471888
2025-05-22 23:00:00,14566.0,13644.979737246666
2025-05-23 00:00:00,14156.0,13546.958402126753
2025-05-23 01:00:00,13794.0,13510.801046765348
2025-05-23 02:00:00,13366.0,13060.902570108676
2025-05-23 03:00:00,13122.0,13073.275106550624
2025-05-23 04:00:00,12949.0,12865.82531622431
2025-05-23 05:00:00,12110.0,12193.539762039309
2025-05-23 06:00:00,11902.0,11871.97675126553
2025-05-23 07:00:00,11552.0,11554.699074197548
2025-05-23 08:00:00,11743.0,11745.76707183689
2025-05-23 09:00:00,11979.0,11987.086343516428
2025-05-23 10:00:00,12257.0,12220.920570163968
2025-05-23 11:00:00,12614.0,12559.423472984574
2025-05-23 12:00:00,13054.0,13011.868122806136
2025-05-23 13:00:00,12247.0,12298.641335437731
2025-05-23 14:00:00,12414.0,12424.386808541367
2025-05-23 15:00:00,11920.0,11889.037608611388
2025-05-23 16:00:00,11678.0,11706.610284565366
2025-05-23 17:00:00,11562.0,11522.861832067054
2025-05-23 18:00:00,13365.0,13328.421119503153
2025-05-23 18:30:00,14160.0,13855.218966298258
2025-05-23 19:00:00,14104.0,13910.793547593303
2025-05-23 20:00:00,14032.0,13778.211359641575
2025-05-23 21:00:00,13887.0,13635.55394108447
2025-05-23 22:00:00,13949.0,13692.08317205727
2025-05-23 23:00:00,14125.0,13770.853518325846
2025-05-24 00:00:00,13431.0,13377.771131119964
2025-05-24 01:00:00,12975.0,12805.042804923633
2025-05-24 02:00:00,12826.0,12805.74501306768
2025-05-24 03:00:00,12594.0,12625.171980892388
2025-05-24 04:00:00,12421.0,12450.819221505031
2025-05-24 05:00:00,11970.0,11970.777229986612
2025-05-24 06:00:00,12038.0,12057.855040754454
2025-05-24 07:00:00,12146.0,12071.942599898495
2025-05-24 08:00:00,12377.0,12376.640295434563
2025-05-24 09:00:00,12592.0,12604.817857144582
2025-05-24 10:00:00,12980.0,12922.119287856245
2025-05-24 11:00:00,13318.0,13282.025801260794
2025-05-24 12:00:00,13647.0,13737.086642761846
2025-05-24 13:00:00,13599.0,13679.701778629846
2025-05-24 14:00:00,13697.0,13693.163336232661
2025-05-24 15:00:00,13570.0,13764.629059953171
2025-05-24 16:00:00,13136.0,12958.778071467084
2025-05-24 17:00:00,12862.0,12849.993204980357
2025-05-24 18:00:00,14389.0,13825.73631650974
2025-05-24 18:30:00,15136.0,14120.134746322397
2025-05-24 19:00:00,15205.0,14013.78214184335
2025-05-24 20:00:00,15316.0,13963.105305467536
2025-05-24 21:00:00,15184.0,13867.557045216026
2025-05-24 22:00:00,15053.0,13851.799760432414
2025-05-24 23:00:00,14749.0,13754.094081139247
2025-05-25 00:00:00,14379.0,13249.370485761046
2025-05-25 01:00:00,13875.0,13410.11670786648
2025-05-25 02:00:00,13631.0,13435.632202505336
2025-05-25 03:00:00,13363.0,13421.232846598876
2025-05-25 04:00:00,13109.0,12961.123873156004
2025-05-25 05:00:00,12551.0,12577.335056389906
2025-05-25 06:00:00,12720.0,12556.033228848282
2025-05-25 07:00:00,12730.0,12644.592844667819
2025-05-25 08:00:00,13308.0,13221.755192787252
2025-05-25 09:00:00,13477.0,13731.328916796258
2025-05-25 10:00:00,13695.0,13786.923980442465
2025-05-25 11:00:00,14122.0,13804.002167848314
2025-05-25 12:00:00,14265.0,13881.971436818656
2025-05-25 13:00:00,14051.0,13652.610312415447
2025-05-25 14:00:00,14051.0,13727.067288430539
2025-05-25 15:00:00,13691.0,13690.513543463818
2025-05-25 16:00:00,13652.0,13847.643363013372
2025-05-25 17:00:00,13282.0,13225.315629613759
2025-05-25 18:00:00,14854.0,13975.986920776777
2025-05-25 18:30:00,15402.0,14042.054214831303
2025-05-25 19:00:00,15020.0,13746.17511643476
2025-05-25 20:00:00,15132.0,13960.993523782112
2025-05-25 21:00:00,14960.0,13837.96004602712
2025-05-25 22:00:00,15079.0,13992.021492451162
2025-05-25 23:00:00,15009.0,13926.33314868673
2025-05-26 00:00:00,14458.0,13406.814506072078
2025-05-26 01:00:00,14005.0,13483.586923783072
2025-05-26 02:00:00,13747.0,13388.710388118245
2025-05-26 03:00:00,13415.0,13371.811930386066
2025-05-26 04:00:00,13202.0,13000.371847411627
2025-05-26 05:00:00,12628.0,12664.154288020774
2025-05-26 06:00:00,12633.0,12640.076216659121
2025-05-26 07:00:00,12578.0,12647.447666331283
2025-05-26 08:00:00,12793.0,12767.362302826845
2025-05-26 09:00:00,13070.0,12922.175921379467
2025-05-26 10:00:00,13597.0,13623.85966308553
2025-05-26 11:00:00,13973.0,13735.98180422613
2025-05-26 12:00:00,14147.0,13747.350884807378
2025-05-26 13:00:00,14030.0,13699.041476146478
2025-05-26 14:00:00,13781.0,13633.000890825899
2025-05-26 15:00:00,13497.0,13746.86956312612
2025-05-26 16:00:00,13407.0,13338.47534590438
2025-05-26 17:00:00,13052.0,13003.890880498238
2025-05-26 18:00:00,14615.0,13885.203374961364
2025-05-26 18:30:00,14967.0,13941.90628842722
2025-05-26 19:00:00,14956.0,13908.671447218689
2025-05-26 20:00:00,15016.0,13963.347083819417
2025-05-26 21:00:00,14533.0,13720.324353105862
2025-05-26 22:00:00,14397.0,13742.06273316262
2025-05-26 23:00:00,14156.0,13547.305951819024
2025-05-27 00:00:00,13691.0,13270.307545303718
2025-05-27 01:00:00,13405.0,13473.231308665872
2025-05-27 02:00:00,13044.0,12897.706242994567
2025-05-27 03:00:00,12902.0,12685.98618354602
2025-05-27 04:00:00,12706.0,12595.939085315273
2025-05-27 05:00:00,12344.0,12292.463571993363
2025-05-27 06:00:00,12357.0,12374.620034470952
2025-05-27 07:00:00,12390.0,12418.413484363764
2025-05-27 08:00:00,12784.0,12810.180758069087
2025-05-27 09:00:00,13233.0,13270.76880155894
2025-05-27 10:00:00,13588.0,13866.430034793102
2025-05-27 11:00:00,14143.0,13854.048741666164
2025-05-27 12:00:00,14443.0,13853.210752676849
2025-05-27 13:00:00,14635.0,13929.069895285433
2025-05-27 14:00:00,14796.0,13869.841169208736
2025-05-27 15:00:00,14755.0,13882.947427792988
2025-05-27 16:00:00,14536.0,13773.160542050688
2025-05-27 17:00:00,13990.0,13705.180285116927
2025-05-27 18:00:00,15006.0,13789.047316114362
2025-05-27 18:30:00,15620.0,13806.898923422401
2025-05-27 19:00:00,15688.0,13775.098031812855
2025-05-27 20:00:00,16022.0,13859.743052470098
2025-05-27 21:00:00,15871.0,13445.773136295114
2025-05-27 22:00:00,15767.0,13503.30012592068
2025-05-27 23:00:00,15750.0,13519.421890529333
2025-05-28 00:00:00,15473.0,13213.43076918169
2025-05-28 01:00:00,14843.0,13041.628047613729
2025-05-28 02:00:00,14576.0,13153.956657781317
2025-05-28 03:00:00,14267.0,13145.140909544021
2025-05-28 04:00:00,14023.0,13084.271232467814
2025-05-28 05:00:00,13369.0,13207.97710697773
2025-05-28 06:00:00,13367.0,13570.62226261359
2025-05-28 07:00:00,12906.0,12749.952633895457
2025-05-28 08:00:00,13237.0,13113.12517083871
2025-05-28 09:00:00,13623.0,13845.4233150182
2025-05-28 10:00:00,13944.0,13901.918980151384
2025-05-28 11:00:00,14320.0,13907.74506713868
2025-05-28 12:00:00,14588.0,13946.32276232727
2025-05-28 13:00:00,14575.0,13875.226057454764
2025-05-28 14:00:00,14633.0,13940.843295971723
2025-05-28 15:00:00,14190.0,13714.907592559715
2025-05-28 16:00:00,13474.0,13656.81427820686
2025-05-28 17:00:00,12869.0,12838.35983231157
2025-05-28 18:00:00,14622.0,13868.357186283805
2025-05-28 18:30:00,15267.0,14088.56686650778
2025-05-28 19:00:00,15279.0,13998.679317553719
2025-05-28 20:00:00,15623.0,14092.32111716378
2025-05-28 21:00:00,15272.0,13689.172160264694
2025-05-28 22:00:00,15155.0,13592.297076132916
2025-05-28 23:00:00,14898.0,13384.927020393687
2025-05-29 00:00:00,14284.0,12991.13370177525
2025-05-29 01:00:00,13834.0,13208.303573916448
2025-05-29 02:00:00,13444.0,13190.339809109768
2025-05-29 03:00:00,13164.0,12995.796710446
2025-05-29 04:00:00,12692.0,12577.756077900103
2025-05-29 05:00:00,11877.0,11942.127151222965
2025-05-29 06:00:00,11585.0,11661.374526211544
2025-05-29 07:00:00,11040.0,11024.65893210344
2025-05-29 08:00:00,10722.0,10760.854520102817
2025-05-29 09:00:00,10736.0,10796.710345101057
2025-05-29 10:00:00,10978.0,10986.45533871752
2025-05-29 11:00:00,11288.0,11366.368106833925
2025-05-29 12:00:00,11236.0,11175.24846865124
2025-05-29 13:00:00,10971.0,10976.086544749809
2025-05-29 14:00:00,10655.0,10631.820499480891
2025-05-29 15:00:00,10503.0,10565.930761548416
2025-05-29 16:00:00,10178.0,10139.227825995347
2025-05-29 17:00:00,9851.0,9831.475920853636
2025-05-29 18:00:00,10713.0,10661.03908433787
2025-05-29 18:30:00,10776.0,10727.449788933518
2025-05-29 19:00:00,10608.0,10578.972481645931
2025-05-29 20:00:00,10290.0,10275.62999291513
2025-05-29 21:00:00,9901.0,9853.31548404095
2025-05-29 22:00:00,9698.0,9725.857600098561
2025-05-29 23:00:00,9444.0,9458.885865207503
2025-05-30 00:00:00,9016.0,8894.7562732003
2025-05-30 01:00:00,8649.0,8526.192778497567
2025-05-30 02:00:00,8250.0,8265.998484478436
2025-05-30 03:00:00,7625.0,7638.115561085032
2025-05-30 04:00:00,7372.0,7371.920985180076
2025-05-30 05:00:00,7297.0,7279.58290530735
2025-05-30 06:00:00,7380.0,7367.0363905832755
2025-05-30 07:00:00,7490.0,7491.619225528552
2025-05-30 08:00:00,7629.0,7633.682142642346
2025-05-30 09:00:00,7996.0,8054.6269250682635
2025-05-30 10:00:00,8789.0,8785.576710002653
2025-05-30 11:00:00,9414.0,9488.926395816563
2025-05-30 12:00:00,9850.0,9874.603435245244
2025-05-30 13:00:00,9716.0,9760.995294032711
2025-05-30 14:00:00,9983.0,10052.87367936482
2025-05-30 15:00:00,10086.0,10104.202327255218
2025-05-30 16:00:00,10233.0,10310.635482547845
2025-05-30 17:00:00,10509.0,10551.119210299605
2025-05-30 18:00:00,11691.0,11786.555303525964
2025-05-30 18:30:00,12537.0,12521.124885736084
2025-05-30 19:00:00,12670.0,12580.439368912583
2025-05-30 20:00:00,13299.0,13239.036629971792
2025-05-30 21:00:00,13088.0,12985.569893013044
2025-05-30 22:00:00,13209.0,13007.855272003746
2025-05-30 23:00:00,13241.0,13251.92576959101
2025-05-31 00:00:00,12598.0,12490.239790172422
2025-05-31 01:00:00,12211.0,12166.204550047305
2025-05-31 02:00:00,11936.0,11920.658663796661
2025-05-31 03:00:00,11812.0,11827.737690300019
2025-05-31 04:00:00,11567.0,11575.846711932776
2025-05-31 05:00:00,11382.0,11385.487196554903
2025-05-31 06:00:00,11611.0,11601.772443060927
2025-05-31 07:00:00,11831.0,11814.525304370713
2025-05-31 08:00:00,12102.0,12113.928698024343
2025-05-31 09:00:00,12405.0,12360.412821429301
2025-05-31 10:00:00,12492.0,12395.442884326243
2025-05-31 11:00:00,13111.0,12932.5620739796
2025-05-31 12:00:00,12789.0,12695.909862635608
2025-05-31 13:00:00,12418.0,12309.891650239722
2025-05-31 14:00:00,12534.0,12390.05116550247
2025-05-31 15:00:00,11608.0,11540.736702754677
2025-05-31 16:00:00,11376.0,11398.921313537816
2025-05-31 17:00:00,11959.0,11992.648174680271
2025-05-31 18:00:00,12955.0,12805.852117046894
2025-05-31 18:30:00,13681.0,13732.78711061107
2025-05-31 19:00:00,14178.0,13801.39181115331
2025-05-31 20:00:00,14695.0,13997.426234762257
2025-05-31 21:00:00,14670.0,13955.242741995755
2025-05-31 22:00:00,14662.0,13942.660266168867
2025-05-31 23:00:00,14473.0,13805.78559518892
2025-06-01 00:00:00,13608.0,13482.16625337133
2025-06-01 01:00:00,13067.0,12828.479164768458
2025-06-01 02:00:00,12696.0,12635.511547435153
2025-06-01 03:00:00,12360.0,12288.348595466976
2025-06-01 04:00:00,12196.0,12149.001466805394
2025-06-01 05:00:00,11687.0,11704.094006060204
2025-06-01 06:00:00,11786.0,11742.9480344987
2025-06-01 07:00:00,11801.0,11766.063714235614
2025-06-01 08:00:00,12241.0,12179.71634967846
2025-06-01 09:00:00,12432.0,12386.285429276166
2025-06-01 10:00:00,12635.0,12505.662149882943
2025-06-01 11:00:00,12878.0,12818.651353947573
2025-06-01 12:00:00,13044.0,12891.713938830559
2025-06-01 13:00:00,13058.0,12930.907125007303
2025-06-01 14:00:00,13114.0,12910.16632134721
2025-06-01 15:00:00,12764.0,12716.21726460191
2025-06-01 16:00:00,12363.0,12341.541503412394
2025-06-01 17:00:00,12358.0,12276.044968378006
2025-06-01 18:00:00,13104.0,12947.424276321286
2025-06-01 18:30:00,13503.0,13355.6522762116
2025-06-01 19:00:00,13332.0,13311.211602012943
2025-06-01 20:00:00,13631.0,13830.102981298829
2025-06-01 21:00:00,13749.0,13805.368667036773
2025-06-01 22:00:00,13769.0,13723.834586114534
2025-06-01 23:00:00,13728.0,13796.626665549084
2025-06-02 00:00:00,13169.0,12894.476151210989
2025-06-02 01:00:00,12760.0,12702.841020249381
2025-06-02 02:00:00,12379.0,12360.17758990542
2025-06-02 03:00:00,11969.0,11968.580765787787
2025-06-02 04:00:00,11207.0,11246.787017151617
2025-06-02 05:00:00,10702.0,10706.441499141049
2025-06-02 06:00:00,10593.0,10604.863797090884
2025-06-02 07:00:00,10385.0,10388.171842593894
2025-06-02 08:00:00,10987.0,10933.252422192041
2025-06-02 09:00:00,11516.0,11513.928304401132
2025-06-02 10:00:00,12117.0,12046.574474395973
2025-06-02 11:00:00,12798.0,12674.471695122236
2025-06-02 12:00:00,13258.0,13212.091516052064
2025-06-02 13:00:00,13331.0,13241.486567514381
2025-06-02 14:00:00,13513.0,13294.667138201845
2025-06-02 15:00:00,13388.0,13220.56376929509
2025-06-02 16:00:00,13078.0,12921.268778102416
2025-06-02 17:00:00,12715.0,12694.46469588882
2025-06-02 18:00:00,13957.0,13769.421457729644
2025-06-02 18:30:00,15051.0,14000.453361052927
2025-06-02 19:00:00,14951.0,14038.243090425929
2025-06-02 20:00:00,14972.0,14174.280709981245
2025-06-02 21:00:00,14468.0,13822.627726345796
2025-06-02 22:00:00,13479.0,13170.372584875573
2025-06-02 23:00:00,12439.0,12459.505078297689
2025-06-03 00:00:00,11775.0,11745.58924209021
2025-06-03 01:00:00,10991.0,11001.113476023254
2025-06-03 02:00:00,9973.0,10017.237629525722
2025-06-03 03:00:00,8908.0,8877.749369419096
2025-06-03 04:00:00,8827.0,8799.130119075611
2025-06-03 05:00:00,8908.0,8913.018608061178
2025-06-03 06:00:00,8982.0,8886.784081769234
2025-06-03 07:00:00,9410.0,9381.66749786493
2025-06-03 08:00:00,10084.0,10034.717072091828
2025-06-03 09:00:00,10820.0,10745.319886674439
2025-06-03 10:00:00,11411.0,11386.755686160592
2025-06-03 11:00:00,12041.0,11989.43730357939
2025-06-03 12:00:00,12558.0,12501.715085875774
2025-06-03 13:00:00,12797.0,12651.850036730722
2025-06-03 14:00:00,13017.0,12941.77682748673
2025-06-03 15:00:00,12858.0,12814.677970981957
2025-06-03 16:00:00,12397.0,12299.146407925573
2025-06-03 17:00:00,12081.0,12015.433919705654
2025-06-03 18:00:00,13448.0,13253.222719568246
2025-06-03 18:30:00,14104.0,13893.003211815103
2025-06-03 19:00:00,14193.0,13889.909936555694
2025-06-03 20:00:00,14306.0,13939.466602160806
2025-06-03 21:00:00,14188.0,13910.407757104185
2025-06-03 22:00:00,14154.0,13679.218077314223
2025-06-03 23:00:00,13838.0,13454.331711137218
2025-06-04 00:00:00,13257.0,13000.671450355638
2025-06-04 01:00:00,12723.0,12589.34898288654
2025-06-04 02:00:00,12225.0,12230.77895797086
2025-06-04 03:00:00,11708.0,11714.974830249657
2025-06-04 04:00:00,10957.0,10969.183227660978
2025-06-04 05:00:00,10098.0,10119.007192813877
2025-06-04 06:00:00,10105.0,10107.124648982688
2025-06-04 07:00:00,10567.0,10551.57885292902
2025-06-04 08:00:00,11231.0,11212.209560668345
2025-06-04 09:00:00,11371.0,11345.01361066916
2025-06-04 10:00:00,11795.0,11780.225682017011
2025-06-04 11:00:00,12186.0,12116.672128636379
2025-06-04 12:00:00,12542.0,12483.63027510363
2025-06-04 13:00:00,12477.0,12429.242469750676
2025-06-04 14:00:00,12518.0,12432.163175693157
2025-06-04 15:00:00,12408.0,12331.553096789688
2025-06-04 16:00:00,11871.0,11860.62399759272
2025-06-04 17:00:00,11626.0,11621.62960428403
2025-06-04 18:00:00,13070.0,13041.612802232768
2025-06-04 18:30:00,14121.0,13774.244990274332
2025-06-04 19:00:00,14053.0,13800.638099772044
2025-06-04 20:00:00,14038.0,13837.627162335704
2025-06-04 21:00:00,13943.0,13766.993059228082
2025-06-04 22:00:00,13839.0,13658.679027728029
2025-06-04 23:00:00,13554.0,13218.162584700674
2025-06-05 00:00:00,13159.0,12969.393427012403
2025-06-05 01:00:00,12859.0,12839.643210117412
2025-06-05 02:00:00,12603.0,12551.299715887511
2025-06-05 03:00:00,12256.0,12242.928871922157
2025-06-05 04:00:00,11966.0,11996.064693651397
2025-06-05 05:00:00,11063.0,11077.224359862776
2025-06-05 06:00:00,10828.0,10809.21209589809
2025-06-05 07:00:00,10714.0,10706.387299655393
2025-06-05 08:00:00,10624.0,10602.97074779876
2025-06-05 09:00:00,10813.0,10821.564121746667
2025-06-05 10:00:00,11141.0,11179.074559103501
2025-06-05 11:00:00,11485.0,11482.952269313708
2025-06-05 12:00:00,11815.0,11835.510473610455
2025-06-05 13:00:00,11751.0,11820.261198396889
2025-06-05 14:00:00,11436.0,11435.026158642224
2025-06-05 15:00:00,11080.0,11114.129424699753
2025-06-05 16:00:00,10615.0,10627.98745015544
2025-06-05 17:00:00,10521.0,10557.23420391719
2025-06-05 18:00:00,12091.0,12076.428484794953
2025-06-05 18:30:00,12879.0,12871.277706667775
2025-06-05 19:00:00,12955.0,12908.741697241327
2025-06-05 20:00:00,13231.0,13289.229271817809
2025-06-05 21:00:00,13123.0,13078.030774035202
2025-06-05 22:00:00,13145.0,13090.707068665231
2025-06-05 23:00:00,12931.0,12863.685974732469
2025-06-06 00:00:00,12628.0,12578.574709357845
2025-06-06 01:00:00,12201.0,12162.06671980823
2025-06-06 02:00:00,11838.0,11930.19867551461
2025-06-06 03:00:00,11410.0,11443.287314955482
2025-06-06 04:00:00,10998.0,10981.383760337683
2025-06-06 05:00:00,10280.0,10283.592664328266
2025-06-06 06:00:00,10006.0,10010.795380638312
2025-06-06 07:00:00,9952.0,9953.513159087073
2025-06-06 08:00:00,9842.0,9837.678939279067
2025-06-06 09:00:00,9773.0,9755.690742400919
2025-06-06 10:00:00,10064.0,10073.142863074745
2025-06-06 11:00:00,10431.0,10441.736383507914
2025-06-06 12:00:00,11319.0,11295.348071700568
2025-06-06 13:00:00,11086.0,11109.979698081066
2025-06-06 14:00:00,10673.0,10687.08503688038
2025-06-06 15:00:00,10324.0,10344.91114381746
2025-06-06 16:00:00,9937.0,9946.858621125883
2025-06-06 17:00:00,9770.0,9797.482008964977
2025-06-06 18:00:00,11547.0,11598.280925810188
2025-06-06 18:30:00,12351.0,12391.76129250009
2025-06-06 19:00:00,12219.0,12259.44943845392
2025-06-06 20:00:00,12427.0,12392.888856576012
2025-06-06 21:00:00,12390.0,12369.017383533444
2025-06-06 22:00:00,12596.0,12582.484182897997
2025-06-06 23:00:00,12507.0,12499.81454666035
2025-06-07 00:00:00,12298.0,12217.43442490494
2025-06-07 01:00:00,11899.0,11910.85126793516
2025-06-07 02:00:00,11623.0,11644.639832825185
2025-06-07 03:00:00,11350.0,11342.832687656339
2025-06-07 04:00:00,11092.0,11103.060025847288
2025-06-07 05:00:00,10677.0,10687.034634115036
2025-06-07 06:00:00,10544.0,10564.955092827884
2025-06-07 07:00:00,9805.0,9798.254453479005
2025-06-07 08:00:00,9253.0,9252.903830629788
2025-06-07 09:00:00,9290.0,9259.056986740881
2025-06-07 10:00:00,9372.0,9346.498673451419
2025-06-07 11:00:00,9697.0,9725.152788605263
2025-06-07 12:00:00,9769.0,9789.816714326871
2025-06-07 13:00:00,9841.0,9849.801455218152
2025-06-07 14:00:00,10210.0,10234.242610911358
2025-06-07 15:00:00,10491.0,10514.544639598525
2025-06-07 16:00:00,10435.0,10483.744052762993
2025-06-07 17:00:00,10545.0,10544.439694856184
2025-06-07 18:00:00,11661.0,11727.404078239453
2025-06-07 18:30:00,12556.0,12622.160928951942
2025-06-07 19:00:00,12778.0,12752.426355906799
2025-06-07 20:00:00,13105.0,13072.094983723493
2025-06-07 21:00:00,12991.0,12940.13353677941
2025-06-07 22:00:00,13052.0,12992.254700161533
2025-06-07 23:00:00,13044.0,12967.64244728364
2025-06-08 00:00:00,12665.0,12560.785192618372
2025-06-08 01:00:00,12378.0,12355.177632348825
2025-06-08 02:00:00,12015.0,11981.956012832
2025-06-08 03:00:00,11677.0,11688.837135268857
2025-06-08 04:00:00,11400.0,11414.68039512
2025-06-08 05:00:00,10827.0,10841.704281225939
2025-06-08 06:00:00,10830.0,10820.402346759965
2025-06-08 07:00:00,10719.0,10720.966683350929
2025-06-08 08:00:00,10837.0,10822.682810631135
2025-06-08 09:00:00,10844.0,10805.837842223147
2025-06-08 10:00:00,10838.0,10814.907537432458
2025-06-08 11:00:00,10607.0,10628.192520382432
2025-06-08 12:00:00,11563.0,11597.1465881902
2025-06-08 13:00:00,12129.0,12120.282031573468
2025-06-08 14:00:00,12099.0,12041.627022535855
2025-06-08 15:00:00,11859.0,11830.204071182341
2025-06-08 16:00:00,11271.0,11352.027190324434
2025-06-08 17:00:00,10538.0,10583.484994628188
2025-06-08 18:00:00,11850.0,11847.060695146436
2025-06-08 18:30:00,12729.0,12716.548960498529
2025-06-08 19:00:00,12845.0,12863.13753017309
2025-06-08 20:00:00,13223.0,13006.743945751528
2025-06-08 21:00:00,13346.0,13259.995700606776
2025-06-08 22:00:00,13497.0,13266.536268976457
2025-06-08 23:00:00,13434.0,13275.356940640788
2025-06-09 00:00:00,13301.0,13238.76550629446
2025-06-09 01:00:00,13123.0,12991.81465684599
2025-06-09 02:00:00,12834.0,12839.512669727863
2025-06-09 03:00:00,12546.0,12542.829773703674
2025-06-09 04:00:00,12274.0,12196.323733651323
2025-06-09 05:00:00,11484.0,11507.684315846967
2025-06-09 06:00:00,11509.0,11533.767597709228
2025-06-09 07:00:00,11399.0,11426.500666529675
2025-06-09 08:00:00,11247.0,11240.215294722451
2025-06-09 09:00:00,11272.0,11273.074927224821
2025-06-09 10:00:00,11211.0,11226.93715887544
2025-06-09 11:00:00,11385.0,11395.595750059401
2025-06-09 12:00:00,11659.0,11689.078029617545
2025-06-09 13:00:00,12021.0,11969.472134685782
2025-06-09 14:00:00,12086.0,12039.75188589232
2025-06-09 15:00:00,11989.0,11970.323211233972
2025-06-09 16:00:00,11447.0,11479.447807384624
2025-06-09 17:00:00,10940.0,10926.46055840135
2025-06-09 18:00:00,12354.0,12288.879007691767
2025-06-09 18:30:00,13033.0,12924.628462888892
2025-06-09 19:00:00,13346.0,13196.369397533905
2025-06-09 20:00:00,13848.0,13611.553766038243
2025-06-09 21:00:00,13960.0,13610.345808644033
2025-06-09 22:00:00,14140.0,13698.952122247147
2025-06-09 23:00:00,14196.0,13646.253090305554
2025-06-10 00:00:00,13927.0,13590.641315797526
2025-06-10 01:00:00,13672.0,13522.644687659633
2025-06-10 02:00:00,13297.0,13174.70666668168
2025-06-10 03:00:00,13105.0,12985.368471234
2025-06-10 04:00:00,12893.0,12866.233257530921
2025-06-10 05:00:00,12194.0,12250.209383069956
2025-06-10 06:00:00,11996.0,12010.258135715945
2025-06-10 07:00:00,11787.0,11767.69890062506
2025-06-10 08:00:00,11642.0,11627.966876725759
2025-06-10 09:00:00,11635.0,11604.977086603076
2025-06-10 10:00:00,11539.0,11527.414413929007
2025-06-10 11:00:00,11761.0,11770.095140142575
2025-06-10 12:00:00,12295.0,12211.227312601117
2025-06-10 13:00:00,12509.0,12428.43288013304
2025-06-10 14:00:00,12602.0,12525.987949378774
2025-06-10 15:00:00,12403.0,12374.316815333495
2025-06-10 16:00:00,12072.0,12025.652324425235
2025-06-10 17:00:00,11377.0,11399.356825378321
2025-06-10 18:00:00,12609.0,12577.545511726526
2025-06-10 18:30:00,13198.0,13164.974137100204
2025-06-10 19:00:00,13265.0,13345.77253297586
2025-06-10 20:00:00,12862.0,12841.352968558158
2025-06-10 21:00:00,12185.0,12207.512596598872
2025-06-10 22:00:00,12057.0,12073.26702965802
2025-06-10 23:00:00,12102.0,12081.181126330646
2025-06-11 00:00:00,12070.0,12066.970364721978
2025-06-11 01:00:00,12178.0,12180.206258762204
2025-06-11 02:00:00,12079.0,12089.80653978442
2025-06-11 03:00:00,11938.0,11943.26275395228
2025-06-11 04:00:00,11781.0,11831.691684974816
2025-06-11 05:00:00,11031.0,11070.904781555877
2025-06-11 06:00:00,10862.0,10855.207518340621
2025-06-11 07:00:00,10828.0,10806.437060816623
2025-06-11 08:00:00,10863.0,10842.007134909
2025-06-11 09:00:00,11075.0,11079.881660596855
2025-06-11 10:00:00,11139.0,11156.725580664757
2025-06-11 11:00:00,11679.0,11680.885365094471
2025-06-11 12:00:00,12318.0,12275.692905817836
2025-06-11 13:00:00,12702.0,12660.549009864928
2025-06-11 14:00:00,12685.0,12700.775703684374
2025-06-11 15:00:00,12586.0,12585.565373106525
2025-06-11 16:00:00,12161.0,12159.21175697367
2025-06-11 17:00:00,11407.0,11465.503896508033
2025-06-11 18:00:00,12358.0,12361.616552224656
2025-06-11 18:30:00,13186.0,12990.882729890312
2025-06-11 19:00:00,13406.0,13362.298624295172
2025-06-11 20:00:00,14031.0,13801.155734899372
2025-06-11 21:00:00,14061.0,13709.212457222351
2025-06-11 22:00:00,14364.0,13803.982432476696
2025-06-11 23:00:00,14306.0,13646.247914683136
2025-06-12 00:00:00,13969.0,13464.741517747827
2025-06-12 01:00:00,13731.0,13499.836668638312
2025-06-12 02:00:00,13546.0,13660.217283675438
2025-06-12 03:00:00,13271.0,13225.067542426983
2025-06-12 04:00:00,12938.0,12818.740459053372
2025-06-12 05:00:00,12228.0,12319.866374683708
2025-06-12 06:00:00,11884.0,11918.7582822132
2025-06-12 07:00:00,11882.0,11931.113832486026
2025-06-12 08:00:00,11695.0,11721.138832270311
2025-06-12 09:00:00,11787.0,11772.582241585193
2025-06-12 10:00:00,11932.0,11904.647357675876
2025-06-12 11:00:00,12277.0,12209.957524799465
2025-06-12 12:00:00,12641.0,12539.872504369305
2025-06-12 13:00:00,13031.0,12975.588955402412
2025-06-12 14:00:00,13089.0,12953.012212625421
2025-06-12 15:00:00,13026.0,12943.51744556537
2025-06-12 16:00:00,12527.0,12459.29023496471
2025-06-12 17:00:00,11874.0,11857.679436991737
2025-06-12 18:00:00,13191.0,13188.42258841924
2025-06-12 18:30:00,14168.0,14004.682735133916
2025-06-12 19:00:00,14238.0,13958.097725020702
2025-06-12 20:00:00,14694.0,14160.816375573173
2025-06-12 21:00:00,14798.0,13941.407931346821
2025-06-12 22:00:00,14990.0,13997.379055200527
2025-06-12 23:00:00,14954.0,14033.872438596445
2025-06-13 00:00:00,14655.0,13891.571811794443
2025-06-13 01:00:00,14394.0,13805.835155648747
2025-06-13 02:00:00,14152.0,13690.858021031272
2025-06-13 03:00:00,13741.0,13620.32479249945
2025-06-13 04:00:00,13594.0,13660.741962518336
2025-06-13 05:00:00,12976.0,12777.259384302093
2025-06-13 06:00:00,12639.0,12561.451755911494
2025-06-13 07:00:00,12445.0,12458.388091613324
2025-06-13 08:00:00,12156.0,12082.054334080185
2025-06-13 09:00:00,12068.0,12052.889180500677
2025-06-13 10:00:00,12226.0,12179.163966060742
2025-06-13 11:00:00,12523.0,12435.62728930926
2025-06-13 12:00:00,13322.0,13139.846105334613
2025-06-13 13:00:00,13048.0,12962.525990316466
2025-06-13 14:00:00,13275.0,13221.084870817347
2025-06-13 15:00:00,13194.0,13018.516325534134
2025-06-13 16:00:00,12801.0,12751.050077070666
2025-06-13 17:00:00,12162.0,12148.909099688988
2025-06-13 18:00:00,13338.0,13219.737849671423
2025-06-13 18:30:00,14523.0,13871.47158971553
2025-06-13 19:00:00,14665.0,13873.348616365201
2025-06-13 20:00:00,15175.0,13968.684457838981
2025-06-13 21:00:00,15284.0,13968.18582846771
2025-06-13 22:00:00,15327.0,13920.015081081148
2025-06-13 23:00:00,15483.0,14032.674795703233
2025-06-14 00:00:00,15104.0,13496.809178709691
2025-06-14 01:00:00,14625.0,13565.928336414905
2025-06-14 02:00:00,14567.0,13859.487804054676
2025-06-14 03:00:00,14314.0,13764.926438276492
2025-06-14 04:00:00,13983.0,13617.743594705269
2025-06-14 05:00:00,13136.0,13007.740057359802
2025-06-14 06:00:00,12927.0,12851.845899193831
2025-06-14 07:00:00,12787.0,12808.137531061011
2025-06-14 08:00:00,12712.0,12703.158793242354
2025-06-14 09:00:00,12986.0,12874.05955606187
2025-06-14 10:00:00,12850.0,12809.51291639821
2025-06-14 11:00:00,13301.0,13180.286363984877
2025-06-14 12:00:00,13781.0,13724.69173557057
2025-06-14 13:00:00,13898.0,13733.27112039234
2025-06-14 14:00:00,14123.0,13767.510748916453
2025-06-14 15:00:00,13846.0,13623.492951250693
2025-06-14 16:00:00,13573.0,13195.724047364543
2025-06-14 17:00:00,12689.0,12684.87073170842
2025-06-14 18:00:00,14085.0,13732.134634570239
2025-06-14 18:30:00,15007.0,14082.780749312582
2025-06-14 19:00:00,15182.0,14019.078308845052
2025-06-14 20:00:00,15487.0,14086.256654760266
2025-06-14 21:00:00,15521.0,14080.103008299413
2025-06-14 22:00:00,15617.0,14032.770340851588
2025-06-14 23:00:00,15674.0,14148.568097492216
2025-06-15 00:00:00,15295.0,13891.011207465992
2025-06-15 01:00:00,15071.0,13782.196350943716
2025-06-15 02:00:00,14616.0,13686.803011237072
2025-06-15 03:00:00,14346.0,13726.641535430463
2025-06-15 04:00:00,13929.0,13634.731178374766
2025-06-15 05:00:00,13376.0,13124.238313187565
2025-06-15 06:00:00,13013.0,12796.267741725116
2025-06-15 07:00:00,13078.0,12932.047222482142
2025-06-15 08:00:00,13319.0,13161.75966119786
2025-06-15 09:00:00,13631.0,13684.779432535563
2025-06-15 10:00:00,13779.0,13727.812390483874
2025-06-15 11:00:00,14143.0,13841.883770234079
2025-06-15 12:00:00,14069.0,13813.83700493566
2025-06-15 13:00:00,14091.0,13834.577035102273
2025-06-15 14:00:00,13978.0,13703.101997554955
2025-06-15 15:00:00,14210.0,14075.346592727868
2025-06-15 16:00:00,13722.0,13722.317111602844
2025-06-15 17:00:00,13097.0,12989.244300255987
2025-06-15 18:00:00,14344.0,13976.438272521038
2025-06-15 18:30:00,15056.0,14080.616029668712
2025-06-15 19:00:00,15253.0,14032.142005272848
2025-06-15 20:00:00,15598.0,14100.83873308445
2025-06-15 21:00:00,15418.0,13954.640244251736
2025-06-15 22:00:00,15512.0,14076.030147023183
2025-06-15 23:00:00,15444.0,14043.791827447074
2025-06-16 00:00:00,15241.0,13925.289703314022
2025-06-16 01:00:00,14760.0,13858.750158568355
2025-06-16 02:00:00,14526.0,13805.704903016074
2025-06-16 03:00:00,14217.0,13767.112809162156
2025-06-16 04:00:00,13923.0,13678.971248672566
2025-06-16 05:00:00,13079.0,12861.254865768233
2025-06-16 06:00:00,12970.0,12822.641476658671
2025-06-16 07:00:00,12646.0,12550.899543594458
2025-06-16 08:00:00,12876.0,12812.498679902172
2025-06-16 09:00:00,13155.0,13086.47124294339
2025-06-16 10:00:00,13569.0,13436.78552570299
2025-06-16 11:00:00,13816.0,14031.890153640907
2025-06-16 12:00:00,14226.0,14048.672732183135
2025-06-16 13:00:00,14125.0,13846.099204459499
2025-06-16 14:00:00,14344.0,13928.823146061075
2025-06-16 15:00:00,14296.0,14068.525724538806
2025-06-16 16:00:00,13747.0,13816.164015949951
2025-06-16 17:00:00,12870.0,12804.533727967248
2025-06-16 18:00:00,13990.0,13833.668072478556
2025-06-16 18:30:00,14939.0,14115.49458498122
2025-06-16 19:00:00,15034.0,14036.269042738746
2025-06-16 20:00:00,15000.0,14024.873071806303
2025-06-16 21:00:00,14971.0,14028.426283192486
2025-06-16 22:00:00,15109.0,14051.771573169146
2025-06-16 23:00:00,15165.0,14075.890351099939
2025-06-17 00:00:00,14628.0,13841.002340760524
2025-06-17 01:00:00,14093.0,13797.26478522238
2025-06-17 02:00:00,13719.0,13813.274604842565
2025-06-17 03:00:00,13280.0,13286.21135300545
2025-06-17 04:00:00,12698.0,12693.368392645281
2025-06-17 05:00:00,12062.0,12047.604231610178
2025-06-17 06:00:00,11805.0,11803.747977742192
2025-06-17 07:00:00,11745.0,11795.215650382474
2025-06-17 08:00:00,11896.0,11936.598887867005
2025-06-17 09:00:00,12290.0,12283.721937722312
2025-06-17 10:00:00,12443.0,12495.005722253261
2025-06-17 11:00:00,12826.0,12873.502100637756
2025-06-17 12:00:00,13139.0,13098.509702299525
